,BANKA,SANAYI,HOLD,GAYRIM,TEKNOLOJI,ENERJI,PERAK,OTOMOT,BANKA_RV,SANAYI_RV,HOLD_RV,GAYRIM_RV,TEKNOLOJI_RV,ENERJI_RV,PERAK_RV,OTOMOT_RV,BANKA_BPV,SANAYI_BPV,HOLD_BPV,GAYRIM_BPV,TEKNOLOJI_BPV,ENERJI_BPV,PERAK_BPV,OTOMOT_BPV
2018-01-02,-0.005983863111878962,-0.0024129327831805074,0.012813980677849985,-0.006092998533006001,0.0064633358540422065,0.014074600705553829,-0.0009703816385972749,-0.005201140905542926,0.00045335396973665375,0.00018245731931833167,0.0002548192411702244,0.00023688309656890767,0.0003054821983585178,0.0003923084397571091,0.0002361910065059184,0.00023425465293129162,0.00047177852349882985,0.00019173058815645817,0.0002517538685860593,0.0002230711858374032,0.00029330139904568375,0.00047165174209462703,0.00022225229012100747,0.00019829435352154627
2018-01-03,0.004760339895224831,0.01228151414568597,0.009485604289915845,0.01633087193068718,-0.01274892270978045,0.009253828559461197,-0.004285142368653166,0.0016459092463744548,0.0002493761447327932,0.0002050651573003024,0.00022545107613340223,0.0002111722564545966,0.00037245456566373285,0.0003457734564590402,0.0002903139801751395,0.000229933029625871,0.0002791652455432646,0.00020073946902650943,0.0002598343126649564,0.00019405006574843255,0.0003826776667648181,0.0003407702384444691,0.00026875419861303656,0.00025312190948539653
2018-01-04,0.009284722062847525,-0.008578163420775178,0.01829064025842095,-0.023539969455517614,-0.01865384714697164,-0.024119151382348335,0.01786562365656066,0.00732787072333854,0.00018079164915289889,0.00018894847010713213,0.00031741315092599165,0.00017534498061703657,0.00023274485954150203,0.0003901992453026846,0.00023280866945059846,0.00023823149434835193,0.00018575531020187136,0.00015363993006048347,0.0003389057771650992,0.00017884200185210817,0.00021342606175663023,0.0003833195762376169,0.0002583571249738905,0.0002144061863295561
2018-01-05,-0.003025827564163269,-0.020204391211287975,-0.013963910810689881,-0.020011431360345614,-0.0171438765225499,-0.03302830923219037,-0.00928101003034888,-0.02764695757798846,0.00031077772380644467,0.0001633160468663168,0.00026856748377553086,0.00020092325047362262,0.0002776438448900834,0.00034936068881016017,0.00026879823067394045,0.0002012412962958932,0.0002760987000214846,0.00017980677641436424,0.0002787510889481753,0.00019625034225014232,0.000331419697314916,0.00030246411698423394,0.0002426054725136227,0.00013008467634472207
2018-01-08,0.01961233941010724,0.031180029475716207,0.008066707424999611,0.017508643208707275,0.046679142556804505,0.03233788867967551,0.006495954318639049,0.03455186876103391,0.00023399510214208282,0.00015527221212404684,0.00018946503103024705,0.0001931537875493287,0.0003121058016781157,0.0003648246103852098,0.00020954186484501062,0.00024332962340649903,0.00025172815587663625,0.00016856413371106556,0.0001985939616352532,0.0001986445802257549,0.0003522087518530821,0.0003907201090662604,0.00022760653761935416,0.00022626844023340727
2018-01-09,0.007812600865975397,0.010017993476488865,0.010822070522284278,0.029602934662696777,0.004325722717966881,0.033760188881624874,0.002355533004623647,0.008381971444081562,0.0002979553787055453,0.00028327302087226416,0.00027115623721486834,0.000157997976965415,0.000336986283694618,0.0004902630114086256,0.00019281705358464187,0.00028837963124932707,0.0003340019104127327,0.0002760540584736558,0.00028537553040452703,0.00013036814463129824,0.0003397276313054725,0.0005308639709576123,0.00021568128523305325,0.0002889804128633753
2018-01-10,0.0346537139679533,0.022739477172861573,0.003872042970510814,-0.015883200841682456,-0.0005260028192513341,-0.024166945000903363,0.024461380555311864,0.02347807737433486,0.00022664161221711457,0.0002076897943674479,0.0002708035426656848,0.00024682882811738694,0.0002750590015708035,0.0007004152151557245,0.00023659358446819783,0.0002667169258706249,0.0002443350298180587,0.00015527661175839317,0.0002986770052088892,0.0001830726357055458,0.0002653842297317869,0.000656498002560169,0.0002697654605326917,0.00023988958209860214
2018-01-11,-0.008234555440553234,0.0039000297144704795,0.00457297179655673,0.010398883080225695,-0.00841248933233553,0.013866403516589177,-0.010245981397228654,-6.480849363866523e-05,0.00032855344810640635,0.00018051355537194498,0.00025467524057359425,0.00019583128638177072,0.00042480099108342304,0.000532969949656756,0.00022782263798180047,0.00027476482623374753,0.0003094005555839324,0.00018838469000709396,0.0002641869915833655,0.0001876039251291092,0.0004340083416261494,0.0004853842230119682,0.00024185532669554233,0.00027509555775508175
2018-01-12,0.020457807289959256,0.015141430616336228,0.009757809087428834,-0.0019071201498609418,0.0011663046603449779,0.0012917496760077372,0.02094685068595957,0.01615595159029457,0.0003617073339922661,0.0002762883951099119,0.00020000023696038356,0.00025741414999891154,0.00042401189267216206,0.0004942162045549287,0.0002337596951915254,0.0002840845273339467,0.00035954088986450694,0.00027307295718754224,0.00017373376038999568,0.00025174919728141197,0.0004091512584119514,0.0005036933236357524,0.00027192666668466936,0.0002874659976368276
2018-01-15,0.020387937571297705,0.020511729974814583,0.00899712628239173,-0.002412856863343618,0.016313498154736237,0.01892829478281484,0.01006130068968052,0.0220657233238681,0.00022997840939834976,0.0002753991814317051,0.0001698842811751306,0.0002187208417572769,0.0003214100204157898,0.00046109098194918054,0.0002662807054762987,0.00035983046105062276,0.00020494327924778908,0.0002225186073174718,0.00016200327256247143,0.0001881622319773861,0.00030475536018672596,0.0004114406655736226,0.00027371269276302626,0.0003759452729749846
2018-01-16,0.0365058426932033,0.015171635307181939,0.004585214154293924,-0.012419893338848752,0.0006241214105752403,-0.0023350872456371044,-0.01007088563583376,0.004469337053363266,0.0002829783887712933,0.0002872583699657332,0.00020466871782733845,0.00025182867560191166,0.0003179380051901568,0.0004563768863408046,0.0002374366174243772,0.00023478592064404022,0.0003119785055328857,0.00026774876695519206,0.0001708373018519324,0.00022848851399708654,0.00031899122187526737,0.0004964363333323608,0.00019907422444537538,0.00023225223317020543
2018-01-17,0.0015204510373984332,0.0017451006799418477,0.0023350444261662183,-0.012752930777866394,-0.0028564684878194246,0.015862709121480124,-0.0013470348736566978,-0.010372770627117108,0.00040928839624896664,0.00024015715728091609,0.0002000793467855465,0.00017599114020655285,0.0003531339509760409,0.00046844419373596406,0.0002916041503692525,0.0002557161452699732,0.00035517721008391725,0.00022581871073889295,0.00018171544193740731,0.00016649305433238942,0.00036713053613238633,0.0004410175256085791,0.0002584594316119621,0.00023953985267302692
2018-01-18,-0.024635499435453043,-0.0031749357249903016,-0.020990133370763085,-0.008319141503588803,0.0064963986794755214,-0.027241994133670327,0.002381068596662182,0.009772850916496654,0.00042555089137607063,0.00021687817788782802,0.0002339634465106371,0.00019582307697720475,0.00028290154197284026,0.00045595270888577005,0.00018076887074534138,0.00038712518932290993,0.0003881991380065581,0.00020842273727008363,0.00024458725121148504,0.00021822367172013365,0.0002821581349007189,0.000484081358971909,0.00018431045796243227,0.00040667247355187904
2018-01-19,0.02181518115976465,0.005386548263656292,0.014651606871132776,-0.01950807883738769,0.0009357213143357665,-0.015251752938780677,0.023042333054543826,-0.00010725874369946773,0.0004106139163682501,0.00022901280151660199,0.00019297012112160536,0.00023335229703357524,0.0003002788803324126,0.0003553754650628717,0.0001485305481068207,0.0003058412572366098,0.0004287095783151078,0.00021017945120106515,0.00020466369226302533,0.00023130009026614673,0.0003116343546839903,0.0003702726640090421,0.00014668732042600363,0.00030883487967599824
2018-01-22,-0.010910034577741352,0.013174788894466449,-0.0017878087869844846,0.021136149576034206,0.00885214039034789,-0.00011796702436522486,0.014089004713542982,0.030778694336392055,0.00034159031126062243,0.0002196743675391964,0.0002039735107934208,0.00019607547353576066,0.0003562533027352882,0.00045286335919465955,0.00018879452146630118,0.00031884490770631445,0.000302144014680919,0.00026562565930530785,0.00019397725321215983,0.00019648095670763124,0.0003673414530357316,0.0004310704315799978,0.00018872529316135678,0.00031615081638301524
2018-01-23,0.022299953798811254,0.014371621274952092,0.01227163632335151,0.007893462124960303,0.018896710474057225,-0.0010443232815944667,-0.0027157533641801877,0.014340299783745099,0.0004140000658308023,0.00018349977052022783,0.00017735278480796133,0.0002524262628990579,0.00020351112663741713,0.00038029341620653237,0.0002088366263818835,0.0002690148605140376,0.00040435150623211044,0.0001859521415599086,0.00017495595906071024,0.00024879425274999573,0.00018839074001851416,0.00036718017938565644,0.000215297886780498,0.0002939215333795597
2018-01-24,-0.013367942067357386,-0.016065978442379097,-0.011156320940456268,0.004387438176533014,0.0160352304254455,0.010107463619222963,0.0063339228590063345,0.002456738466183801,0.00028845715144433265,0.00017579997757582533,0.00017137283888863777,0.0002152197005915706,0.00024779644970255937,0.00039613334087594033,0.00022729686588827345,0.0003200931041243295,0.00028766591335269696,0.00016770146087158642,0.00017133182629662565,0.00022239391604992898,0.00025670376899703044,0.00042896689446674386,0.0002551320565313772,0.0003713425588438057
2018-01-25,-0.03831214556388826,-0.0216453686714479,0.0015894386131819524,-0.020979696798208238,-0.01126485354860032,-0.013459615530129606,-0.027015347818589,0.005077055143369771,0.00031751392451749577,0.000251349563290931,0.00020753704489710647,0.00025312908198295335,0.00020409870188260954,0.0003854659887917496,0.00018223481116340893,0.00022492366789147956,0.0003576081105082287,0.000264990616759745,0.0001773702683894727,0.00022009642544279338,0.00017646960905032117,0.00037580709068186987,0.00015671110692789826,0.00014797708229750815
2018-01-26,0.01896361399407621,0.015660228670218976,-0.0058713418953444075,-0.011353883019747248,0.019877219579666188,-0.009913970172238452,0.004336035180285986,0.008882738042866965,0.00045027388742385706,0.0002357364712418846,0.0001752612649066433,0.0002449155071325643,0.00025237230801895214,0.0003875804977680701,0.00031303289136207945,0.00028009706234912444,0.0004270820248702086,0.0002334498349946814,0.00017517468120075347,0.00024046864111098177,0.00023024379392598402,0.00041429499602709316,0.00031504073728312625,0.00023662892512918944
2018-01-29,0.003778392066843629,-0.008839867130486304,0.00450449277353038,0.00469883682616581,0.002269437184320878,0.0019166866093228256,0.004912683317580197,-0.011979685161347814,0.0004454940379913653,0.0002378669839703636,0.00014344587250867988,0.0002748174816513415,0.00024383035158692757,0.00025201494592776136,0.00020183860253866894,0.0002361753990126896,0.00039759447305988486,0.0002590375174629704,0.00012992089802988592,0.00027325128619363906,0.00024184365023580462,0.000271349035836985,0.00019810013130913486,0.000248051747641234
2018-01-30,-0.0011791054002590765,-0.005308567227948835,0.0009955800599286818,-0.00222371336644126,-0.010697554214300305,0.019357638350102433,-0.005253970018492924,-0.01101187680450202,0.00040624664378623344,0.0002702633991883898,0.00012051776173673936,0.00014820841966385335,0.0002198397706253375,0.0003549043279490309,0.0002241306370339979,0.00021668970893636615,0.00040033942715003766,0.0002834497171970465,0.00011270666131986665,0.00012318797929734599,0.00020711218203780542,0.0003842168484984481,0.00020148829859957784,0.00021598364976967355
2018-01-31,-0.026966521634063573,-0.012981278169020657,-0.00035630538924266854,-0.018191058610597603,0.004443894593956485,-0.002241347902181246,0.007097689553989498,0.0076245594172408004,0.00033685466938745056,0.0002457275043962479,0.00013984965468260332,0.00014175845869123551,0.00017611854697386237,0.00040562229127042213,0.0002556847000120761,0.00020262613809712046,0.0003346227668412242,0.0002623796723710727,0.00014130748292945488,0.00012362092657671725,0.00016831662102180734,0.0004279239861376168,0.0002535727876781907,0.00019475437703554674
2018-02-01,-0.016339438244237905,-0.0003186839558155811,-0.001771716853687539,-0.010071521107288543,0.0048568282542212,0.009814254534548731,-0.0054534403837137955,-0.002193467842038838,0.0003847404419606922,0.0001745286400908819,0.00011367690039938148,0.0002428322380479441,0.00015346095218421145,0.00035615885168800503,0.0001900212836273392,0.0002448113244862852,0.0003279263588053472,0.00018584001702933763,0.00010637703852860956,0.00022495130523890924,0.00013754405430134478,0.0002733183143678569,0.00017641944862274535,0.00021137722251618224
2018-02-02,0.01358239943364141,0.010549467551590285,0.011505527546671336,0.0022924510666343613,-0.001444906518347292,0.0004642721107827068,0.0014295768077385934,0.0017939478398922143,0.00041697346456888825,0.00025904817036454913,0.00012859470990071457,0.0002183729092316068,0.0002539168032170632,0.00031316282319400685,0.0001612338926094965,0.00016417611386277507,0.00037611382931197805,0.00028426440450513783,0.00011701083097099355,0.00021230406901171403,0.00024482238928808637,0.00032935758605682596,0.00014564131943689483,0.0001501041253109068
2018-02-05,0.00670813154504989,0.018481852807083147,-0.003945316483735272,0.004460451978923192,0.0009480187561818834,0.002404793794216071,-0.027952830021420093,0.002326201876422831,0.00036202373868940224,0.00023309788913089769,0.00013271488612709437,0.00019240210414227,0.00022379792626928824,0.00029386354573274713,0.00015486487863849294,0.00017611152757787137,0.000407082616509513,0.00023658837873715753,0.00012604349626668391,0.00017598827996406706,0.00023394623082467983,0.00028128236890526256,0.00015445137898567683,0.00015724638280116703
2018-02-06,0.008486946624875877,-0.013303911225546536,0.009389057745090662,-0.014077757579324331,-0.017359076719687044,-0.013712629826166785,-0.002060986720565741,-0.02258422097316891,0.00030601091915441583,0.00018155016359884887,0.00013089982227100296,0.00014685882296802704,0.00017089930903029833,0.0002122932125847425,0.00018968789223667136,0.00020112919216902768,0.0002852185023222583,0.00019006367240805358,0.00014729949490599828,0.00014561146963076068,0.00017533060733850375,0.00022638513020280335,0.00019178597261009268,0.00021590657756750476
2018-02-07,0.007011719848877298,0.012665220103793322,0.003185213467502915,0.006339383579979512,0.004816657781651293,0.013861236742133437,-8.566969450156034e-05,0.008788878048113716,0.00028924212648974163,0.00020185230914816755,0.0001066908036066596,0.00017583446482438047,0.00024331372877272939,0.00025145567750357514,0.00019916054512176065,0.00027294014262497373,0.0003274224777245689,0.00018591047681273848,9.05813950096126e-05,0.00016997783696211434,0.00025775927284830475,0.0002476571869616137,0.00021747120671559517,0.00029708855407047796
2018-02-08,0.009648517162604951,-0.00024596998687280517,-0.0009227167256911184,0.017191125732776865,-0.007236837912783427,-0.007016822956009941,-0.01267928815516373,-0.00019150797447857606,0.00039198346423181054,0.0001698858664617718,0.0001253800604113651,0.00021498725430841025,0.00018222670749389947,0.00019625998508797295,0.0001453641805774764,0.0002247363845239722,0.00030132094554874433,0.0001811156971083803,0.000127176011321988,0.00020562550208660455,0.0001717511605008757,0.000179767066984278,0.00014696699489918287,0.00021855537273997945
2018-02-09,0.016573105387594943,0.03668293101036756,-0.0037346324674249936,0.009166443175185491,0.003560725720210868,0.02611933077893269,0.009394254304588292,0.013443314337147572,0.00035174699729967866,0.00020881677145665123,0.00011023508163652814,0.00020995766060884403,0.00014046389278647703,0.00021499266150697979,0.0001926830125871434,0.0001916829934874573,0.00034452378386271926,0.00021014481935872624,0.00010965813046296813,0.00023058942654152723,0.00013216034186241883,0.00020405859617625668,0.00020720107542797705,0.0002006501552861075
2018-02-12,-0.014619485715161439,-0.011118556390475298,0.004413890810485707,0.003930102357444945,-0.013274837853108956,0.003868544739722422,0.008619859271020061,0.006774575175493107,0.0002626125748058388,0.00032266468257143737,0.00010497363264431771,0.00019459542528452221,0.00016184690263991024,0.000295564543754554,0.00015533942953311903,0.0002218539170552921,0.00023589711027468483,0.000299682766871223,0.00010368737636763519,0.00019771860078119047,0.00017127579510844876,0.0002595862659975545,0.0001640863168980458,0.00023160048318413622
2018-02-13,-0.023803081986770072,0.008978724027330102,-0.020016777918526116,-0.003575273067450104,0.006383338005069601,0.00930027580457724,0.012459628964914428,0.017733988586023142,0.00024683994635727054,0.00022153670144944187,8.846778244270772e-05,0.00014989130448862583,0.00016663407842835675,0.00030225887319826203,0.00014179853898740004,0.00015572692490780447,0.00023660231192741343,0.00019190415153513813,7.808954606082258e-05,0.00013403185668342353,0.00016024503878896967,0.0002782598034070221,0.0001535218039244703,0.000152983508681149
2018-02-14,0.007961574905251439,-0.0054304162070137295,0.0038193618857035928,-0.006470742189058177,0.0003871306252201,-0.01562717656264329,0.006708436865386325,-0.0011330077031708736,0.00026193453504658464,0.00020039680132873753,0.00011863751411943703,0.00012325175612180726,0.00018897460262980598,0.0002017251893504623,0.00018094806227320775,0.0002095881461557427,0.00024408593827028534,0.00023823306020673984,0.00010937507798953246,0.00012375917494985357,0.00021338528890121265,0.00016783992934923313,0.00015835235830170014,0.0001899186299864604
2018-02-15,-0.011018302568347977,-0.0028560793011216763,-0.027268847297322183,-0.012916384908744874,-0.007660012973827827,-0.010378178189106897,-0.02482351977443131,-0.015456656156376165,0.00027138927049910974,0.00030943713778670135,0.00010823290641198252,0.00014702317167426614,0.00014758227097746803,0.00022216946890974288,0.00015932633552011524,0.000166348724888463,0.0002597974709575331,0.00028191241790666196,0.00010175539034725779,0.0001372538573616175,0.0001442158417190935,0.00023002310528790311,0.00018668208765513822,0.00016961837499052045
2018-02-16,0.002486450667059054,-0.0031761132398918303,0.02485527656740313,0.0018262343027276393,0.004764137586522177,0.016360664447525992,0.009365345753381552,0.0072012794492234125,0.00023969582886548918,0.00020730039008933607,0.0001647860925937672,0.00015932100255845215,0.00017581667447193135,0.00017025754039818778,0.00017924625714410002,0.0001881322635416294,0.00024211286333069806,0.00020872086964980984,0.00014121017458360401,0.00014221850363084585,0.00015651372114634134,0.00018136183819800574,0.00016080206586383626,0.00016926686503154076
2018-02-19,-0.008847614950076901,-0.006340169371984007,-0.005146173583960093,0.002211283600116413,0.0017183969094755629,-0.002895747888328239,-0.008287109370053928,-0.004040293786197553,0.00025696070465710733,0.00018592581533665722,0.0001977465449923229,0.00018161027389819253,0.00012574135770247047,0.00020393934264901717,0.00017815073116815138,0.0001597088036356739,0.00028353164645257046,0.0001999152874652115,0.00017883705085351494,0.0001886940980504176,0.00010960218346421069,0.0001972467338857301,0.00019183626648876882,0.00017039454664524888
2018-02-20,-0.00018088099745057907,-0.005947732921475005,0.001542212293654794,-0.0045314544903225324,-0.003367890913290296,-0.02173836900538833,-0.007834809294189298,0.00809366883330233,0.00026439754602297963,0.00020177398916868507,0.0002178943577083222,0.00011106544519898314,0.00015115383985220686,0.00024890429434212927,0.00013489277481605272,0.0001435847094162522,0.00022300486646744617,0.00020275328531470122,0.00019990240923746253,9.957332264279387e-05,0.0001337416215102591,0.0002319117071550119,0.00013724350387479792,0.00014235780645060992
2018-02-21,0.005416050883635488,0.004408362172893162,0.0017891807874540675,0.00026584184397672017,-0.00776476082539702,-0.010163796452524285,-0.003721895423223316,-0.005312078670241184,0.0002669804573422948,0.0002217609354115019,0.00017075908303332187,0.00012333363806468078,0.00017092962868053794,0.0002131614613073858,0.00014650718116945431,0.00020238928959890316,0.00028250797137263146,0.00020197258417577446,0.0001607714171719861,0.00011547001268335402,0.000187931021632371,0.0002061004606224182,0.0001363754920679445,0.00019690195628126308
2018-02-22,-0.019123372583138887,-0.005134885145315917,-0.0279782209197433,-0.009126046022082049,-0.0026288621952145685,-0.03351376785066224,-0.01731765503635862,-0.008017921555519161,0.00020510270288139716,0.0001587903494796732,0.00015417763381134157,0.00011399593713685646,0.00012966843970572302,0.00014842981567465702,0.0001930205448797891,0.0002120542180786583,0.00020150876861997662,0.0001746658935151625,0.00015302810188037364,0.00011141243152257453,0.00014308301369818694,0.00014498916914896522,0.00018193551568109433,0.00018760532876501728
2018-02-23,-0.031729459862834625,0.013393156558006516,-0.036541016319400654,0.01922996367943597,0.006209282384313905,0.029893428401626954,0.009608163291581918,0.024307646863958674,0.00021885015497914132,0.00018945712807557846,0.00022372123579702106,0.00012164171116815247,0.00013861983207001668,0.0002894997446964465,0.0001335592487813705,0.00014373241456959226,0.00021663356091123533,0.0001720834332395117,0.0002312309136694351,0.00012568165623043725,0.00012460011050501464,0.0003123519723025599,0.0001356912725792549,0.00013463345797774934
2018-02-26,-0.016795080645525633,-0.013232188831998807,-0.027097148703010946,-0.013401204366667998,-0.002477085789416875,-0.012736437416664753,-0.022637540982187274,-0.009429112506084483,0.00033912822852323783,0.0001614851536691717,0.00031687939095145475,0.0001379092319855715,0.00013626503825251912,0.00032689460028158056,0.0002275704863495154,0.00017738374707669663,0.00033753742253214014,0.00014772451886838184,0.0003598671956273511,0.00012631335134584545,0.00014418797122670932,0.00029065090042973207,0.0002609106684342434,0.00017281754810317447
2018-02-27,-0.012761867116991838,0.006101043476792497,-0.01069121447740944,-0.00019801119906881026,-0.004967215912323472,-0.022651849043948347,-0.018199126432327083,-0.011263402221748363,0.00025301324774146743,0.00016104251241140394,0.00038333798203344987,0.0001359106077250744,0.0001558335097880082,0.0003520641961040137,0.00020760039025197153,0.00022057661769320374,0.00024378016849048459,0.00015923181459898703,0.0003525681423647568,0.00012734654855034666,0.00012453611694491712,0.0003551675872391711,0.00022406121567202173,0.00020984179617947828
2018-02-28,0.00464034465945707,0.0055400885828985075,0.015798296372387572,0.03187289007693309,0.009988491267253801,0.04472125422539408,0.020421182847102492,0.019216740763622946,0.000245989346476458,0.00019999970564070358,0.0003171321092586786,0.0001875599691015698,0.0001236221774193265,0.0004263087735519302,0.0001768668845258035,0.00015144913513538653,0.00024297477788842996,0.00018894485350822124,0.00034460603121000096,0.00020158793153564455,0.00011117334475726255,0.0004159399231016272,0.00016438083336217896,0.00014818453075372178
2018-03-01,0.002857016359491392,-0.01845218779819119,0.016848608491309255,-0.013266777035783986,-0.0059887922149024385,-0.02563832107660834,-0.0006382626212575386,-0.010313818918909366,0.00033882292393272803,0.00016987694797729642,0.00023404689323848309,0.00012332090308650296,0.00010810679322975278,0.0005105448430858,0.0002211163541480026,0.00014718150991178985,0.0003323661806566445,0.00017022946079137051,0.0002271371333297274,0.00011566259962103944,0.00011518302343160302,0.0004680796287571654,0.00027028493655725577,0.00015524977397074927
2018-03-02,0.01432059738737715,0.004899419066367002,-0.014003660613335928,-0.0022261408753458446,-0.01519698238668839,-0.004243225837423207,0.006110372778261227,0.002812268126838107,0.00031285781842803074,0.00016667767075036536,0.00033879287147904304,0.00019004495254991495,0.00014686589431988804,0.00039872826704433125,0.00026117254899536094,0.0001626350267633334,0.0003186162205943795,0.00019019993626615933,0.0003493886007802837,0.00018245457957566545,0.0001392847047491781,0.0003827124465480041,0.00025432715074292546,0.00016596477993791495
2018-03-05,0.005639193204428603,-0.00719504459169415,0.002083371956014678,-0.0042947106149434705,-8.053089203855185e-06,-0.012486386624358404,-0.00743100858840639,-0.0052587938700188065,0.0002904648111258691,0.00017176289096588977,0.00030322714018136705,0.00016470946292824448,0.00013130564532443155,0.0003732381446158898,0.00017233279204800274,0.00020936261603889166,0.0002612406836996572,0.00018198921411494032,0.0002984919498550516,0.0001627477177078361,0.00013607378795288462,0.00036792895605215943,0.000188328782416318,0.0001815077220708142
2018-03-06,-0.0037393167814242403,0.0053981751636295785,-0.0057044204115182595,-0.009499285810027293,-0.007873338337549258,-0.007893836645804073,-0.007963244435471924,0.00028008340910539006,0.00016672074977347137,0.0001937277913378745,0.00032100281138001453,0.00014167314434212783,0.00014179526987443685,0.0005210981908272425,0.00019839212086737693,0.00017577604967408157,0.00018163296736079773,0.0001984983642278258,0.0002967648380214272,0.00014855366982825563,0.00014749982001247073,0.0004260869257900386,0.00019670614199762484,0.00019120817834781
2018-03-07,0.021281385372470422,0.007223646432845102,0.0340885466035289,0.00980790474024571,0.009350257839820467,0.017350648023692444,0.016879423868400526,0.013373057391927203,0.0002217698200954654,0.00017991556307682922,0.000337870679340232,0.0001738857778257156,0.00010836047568785771,0.0004568556428696011,0.00012709933473706452,0.00018449931168827528,0.00023449530688345212,0.00016831801984322695,0.0003154761341989794,0.0001334143902976711,0.00010021716441868064,0.00043909756975703826,0.00012557429704520418,0.00020392395767708418
2018-03-08,0.016417384024645827,0.0018962158250437889,0.01853579788296419,0.004242922124468054,-0.001987033549169709,-0.010878199831887371,0.009347642734755418,0.005856761683827174,0.00022767614985457442,0.00014316237864576357,0.0003512693900531901,0.00018209631282300147,0.00011458061895266645,0.0004117688599153751,0.00021263590370163536,0.00015899276801237052,0.0002054327813443344,0.00014891630634854372,0.00030246254408626896,0.00017835220972606294,0.00010594036751138082,0.00042608679778119554,0.00020859039046584857,0.00013862125664191742
2018-03-09,-0.007640085763157304,0.001533529120361311,-0.0019180144648423937,0.0005268776306500361,-0.01105276101791803,-0.002107054037364236,0.00016559793997493894,-0.0005837868636047571,0.00022630751135587694,0.00013317483658067283,0.00031852647597880804,0.00016022987528924764,0.00010386763479262396,0.0003334474388193706,0.0002030516733956496,0.0001541845978648625,0.00019108386203118814,0.00012729135524638529,0.00031339731565646893,0.0001569934585981195,0.0001250753807864654,0.0003306103983642012,0.00020806846595919747,0.0001597757578460207
2018-03-12,-0.0045082252764755346,0.01300450908520301,-0.017639194298948915,0.0019488035018751558,-0.006400705328953845,-0.00020965578848349984,-0.001430963087190533,-0.00010633509999165422,0.00025223490985025704,0.00010408334619512008,0.00031769920499108217,0.00014110074233323583,0.00014527151143492424,0.00029255942204603946,0.00014384661556642982,0.0001316383894441694,0.00023396765536757842,8.489297741688414e-05,0.000322594309592677,0.00011806922291506488,0.00012501551803101085,0.0003064677261135306,0.00013006796536822607,0.00013757144805809883
2018-03-13,0.00614803526066161,0.007714675761172873,0.015664227868449593,-0.00043586970350988487,7.447308886452081e-05,0.010346202747565498,0.008395862870625263,0.012123141809179316,0.00017749864597889163,0.00011001887334423511,0.000269682223935805,0.00015473220012503136,0.00010602143353187053,0.0003126445500973967,0.00013793854128989644,0.0001456035063656296,0.00017601432828699167,0.00010239355373912139,0.0003016780892427157,0.00014694755011573056,0.00011472557932087969,0.00026837388074291266,0.00014840171653909896,0.00012461492896319082
2018-03-14,-0.003941313440279865,0.008710615168338688,0.001469005378671793,0.030982494507822363,0.016675292568142035,0.027452653425625983,0.012553749656387192,0.010129139493163943,0.0002253848668338502,0.00011299210203993796,0.00029841249643513656,9.143051944649337e-05,0.00013837592259084111,0.0002845657430333907,0.0001804999746978547,0.0001154766772082068,0.00026169711398295954,9.860211409156697e-05,0.00027955349474990065,7.925350905952508e-05,0.00013182233101151453,0.00026733036360689874,0.00018548255498072405,0.00010757181662667095
2018-03-15,-0.001620426784740208,-0.014256868215303154,0.004252893923921909,-0.008467837922606887,0.0065652463977969675,0.003334735606159084,0.014873818933956263,0.008689203060510431,0.00022499083288850334,0.00018678368566591003,0.0002381514947862288,0.00016718616691040877,9.005076673298078e-05,0.0003143838446865198,0.00019140364512381872,0.0001290351198576658,0.00024022120445614097,0.00019175316928098947,0.00025667226150013177,0.00014676896483829254,0.00010823132277753465,0.0002837020029679812,0.00020930389040922396,0.00013493160478995268
2018-03-16,0.021492133259903262,0.0063975670304732835,0.03515683263171689,0.006566923894339137,0.013268814875419158,0.005483374469065777,0.014677565668711779,0.009163444914497271,0.00017753711611280168,0.0001768461596903333,0.0002899928769670953,0.00015076158292403835,0.00014249016023765116,0.0002864668728705735,0.00020102329915976303,0.00016038483769126628,0.00017946465255001912,0.00016014678762988702,0.0002873342662620822,0.00012902888408508904,0.00016298399234641452,0.0002752920764792054,0.00023208606818986725,0.0001725554419467714
2018-03-19,0.0011140687323794697,-0.005236053047733962,0.010828059961940306,-0.002709450404044964,-0.0021752126009376236,-0.011324167609193945,-0.0008227505182708387,-0.007129524473657788,0.00016915654990941635,0.000132803762990524,0.000277496748342251,0.00014435856687839457,0.00013872533247880775,0.00024460832133667754,0.00013397855788513437,0.00014349120187348525,0.00016471436356684362,0.0001457907938553337,0.0002884330971142685,0.00016107043893862967,0.0001393382703994181,0.00021228302797391804,0.00013672890357403032,0.0001306771426197104
2018-03-20,0.003496587302422229,0.014824149040130984,0.01800261561050692,0.014025811880113393,-0.004424152286615088,0.013789206839411405,0.0024079284652860143,0.00977637682365366,0.0002114295222782854,0.00012654595217719054,0.00022334273831240746,0.00015219450338464153,0.00010857316336105311,0.00022955178911239268,0.0001400307318153506,0.00012996492835422072,0.00023151005127296814,0.0001251575898428431,0.00023534967090617956,0.00013994197440391626,0.00011144421821454656,0.00024974048056464567,0.00013566959207303575,0.00014075281885110678
2018-03-21,-0.0026766734501836083,-0.00807153062609848,-0.0030945523806887813,-0.0035556852966534777,-0.0006971355633179504,-0.004217757747943483,-0.011637837456965599,-0.01837759553918172,0.00020901446752475295,0.00015157384042245844,0.00036559543914471573,0.00024210269668452353,0.00010069587044814715,0.0002462617456424475,0.0001334128178720184,0.00014455995366087967,0.00023344425700744055,0.0001603482496948393,0.00033742745593806395,0.00024901911501338554,0.00010322772066986056,0.0002601355356426408,0.00012738093026997216,0.00014295026646437672
2018-03-22,0.00975355871727253,0.00953886000953766,0.01765976026959825,0.015998842431793947,0.005897907674415055,0.0026727899073185203,0.006356217412041845,0.006475619938144998,0.0001693267642187016,0.00013272801853019702,0.0003112956953672542,0.00012473899655538603,0.00012288253943459814,0.00030982307100551265,0.00021017819184434062,0.00016826143162946688,0.000164102625553774,0.00013689449076142497,0.0002781514506481091,0.0001144886037822297,0.00011759513646119175,0.000332116339964628,0.00019553544197693277,0.0001290551989654849
2018-03-23,0.000555982854199846,0.006362127813957634,-0.004904091204974653,-0.005328541560596543,0.0062768549332441114,0.0071553740137911695,0.004970084329837128,0.01109159891783949,0.00018062453106324508,0.00010962630566820167,0.00029918815149819337,0.00018078576672488124,0.00013683027129316095,0.00027763964412737957,0.00017722850242668525,0.00012939432666575997,0.00017878690585210907,0.00012371461031292734,0.0002656625769521948,0.00021139021655032218,0.0001512594849869094,0.0002487821295865901,0.00017411157867571438,0.00013448576337672297
2018-03-26,0.011290996076040399,0.014055823041545764,0.009901965285811595,0.013702760865477014,0.016754605568177164,0.02191897549141976,0.014664026380059227,0.025614077276483332,0.00014494232082750184,9.59067475423804e-05,0.00027379697664722705,0.0001489824183517963,0.00012037728778253197,0.00023424219212099374,0.0001311344198358779,0.00012991183778233225,0.00012665622187701015,9.594355980692454e-05,0.0002532381889890251,0.00017235757069003295,0.00013279092771016344,0.00019978106215405898,0.00012200040054169242,0.00010675467298449796
2018-03-27,-0.009022001000877295,-0.011362355176071433,-0.01630094513627437,-0.0204316237530328,-0.013669381835046747,-0.030932597824786003,0.0011898014493802727,-0.010793356587284761,0.00013243225803823646,9.840043092045703e-05,0.00030479667300904994,0.00012388265292549637,0.00012257154161956683,0.00021807832143363315,0.00011331000811986215,0.0001589118147730562,0.00014055522118333564,9.818133387819918e-05,0.0002840137992382486,0.00012788745692470855,0.00011021473127075162,0.0002504346126334522,0.00010769250864823803,0.0001590335143933152
2018-03-28,-0.015046708130761255,-0.0013547597584762747,-0.01742509215620007,-0.011713767807838192,-0.003743161666881222,-0.005135142987401687,-0.0010791259091510453,0.0021570548415802337,0.00014055357509285145,0.00010037727407020142,0.00028186145352545596,0.00020681137610048848,0.00011378099687881003,0.00034319983485806157,0.0001229922734806126,0.00013054832886323964,0.00013245974396945256,0.00011209378495052159,0.00033699003535299073,0.00020626769591125933,9.898301355215243e-05,0.00029379871051080444,0.0001188914010097978,0.00014852939688728926
2018-03-29,0.010977287926088564,0.0003598247655305763,0.017034681420334485,0.012058024342656695,0.009220007568883337,0.012540054177027702,0.005164858574803544,0.0009346941093889144,0.00024750804938283513,0.0001094476008173653,0.00033881301682282746,0.00013253038408208082,0.00010491829048123019,0.00041006569386234663,0.00013096374868338734,0.00014935911038143127,0.0002292480502473872,9.997635519182037e-05,0.00032067895232229613,0.0001338700963364753,0.00010243126084030493,0.0004262625267320131,0.00013281565596610863,0.00014255927435090674
2018-03-30,0.012625697669342345,0.011077020739600348,0.01337532770252911,0.010645336306356192,0.0044401971737656025,0.012694357512174907,0.006605679613071314,0.015709042254541672,0.0002240101930926633,0.00013713620991416932,0.00030458551823713686,0.00017142600288081594,0.0001251105624743686,0.00028698300442854253,0.00016125045828657646,0.0001615573075333208,0.00022863500643539498,0.00013878719979519598,0.00032309705743645197,0.00017712843605794954,0.00010930835557245758,0.00030570603656017735,0.00016449505442753614,0.00017697440751645335
2018-04-02,-0.011322169196010446,-0.0013952791376020401,-0.02393093126113947,-0.002114431326721707,-0.004263606650242498,0.002598152650122511,-0.012495553658491091,-0.019688138912849616,0.00016154577581710023,0.00012137253744612156,0.000248897955875693,0.0001625749912235288,0.00012139999269142717,0.0002919884461696493,0.00013587330544974872,0.0001912251255207243,0.00016791544488013805,0.00012730064366435348,0.00026231619202890966,0.0001581859282086176,0.000138536715915012,0.00026434786645216057,0.00014787490643601258,0.00019041295065791303
2018-04-03,0.024745898263948178,0.014467968264252886,0.030158503073564533,0.027450320513202373,0.030164549071075367,0.046252886937265376,0.02528758411706018,0.03179540549733103,0.0001944022210744869,0.00010864137383113717,0.00027558910583817505,0.00013888320076766423,7.68005490679157e-05,0.00022370239262838994,0.00014254587717848666,0.0001447122254606496,0.00018558202219239262,0.0001061068004666431,0.00027923869771404085,0.00015148523822788602,7.106154398689491e-05,0.00022253244651183557,0.00015354802012277675,0.0001500711706645776
2018-04-04,-0.00496623418018695,-0.008141158543534803,-0.005129715001284393,-0.0128425034307265,0.00031765277661512505,0.0022905233291916124,-0.002196823131373557,-0.011228450772321529,0.000225800083340318,0.0001372234207346687,0.0003674613066605875,0.00016138239896519273,0.00012757480553689203,0.00034150021050597686,0.00016179426090668576,0.00020935288520290945,0.00020779772058413592,0.000140763215573095,0.00033994307078986246,0.00014776319714045015,0.00011918333038080583,0.0003111593741842358,0.00016719865196945148,0.0001874078002675595
2018-04-05,0.009538078646246964,-0.0003378593792949597,0.013102805129427237,-0.0016995968939008585,0.010811189530602412,0.0049680894803558135,0.0010676267724783967,0.0007643282623991509,0.00017388021710564594,0.00010557294734108641,0.00027104929508136504,0.0001863824172834277,0.00012509854094833634,0.00031103558360409396,0.0001594300404883889,0.0002662198552720204,0.00013630419940491504,9.477177082583576e-05,0.00023445379912668437,0.0001459675667854804,0.00011654244518216762,0.0003009169815377107,0.00015565566949304256,0.00028888817521332546
2018-04-06,0.02131058272874868,0.027587519833647194,0.028414243012973208,0.035853852912468016,0.023676860135498082,0.05922622757281654,0.03168627696701522,0.03569946505939086,0.00022583668028134862,0.0001236855232313258,0.0002783025854843251,0.00015624450238464562,0.00012089855643637093,0.00034058529667158234,0.0001323615102493414,0.00021578481243252445,0.00025132936122382473,0.00013882858186993458,0.00027491975152104336,0.00014053515992985794,0.00011561387025830545,0.00035756478727876973,0.00011298342734016281,0.00022827460204150694
2018-04-09,-0.006023124087601683,-0.024073307240467332,-0.014567710267833284,-0.01934588289870589,-0.0065089817694590334,-0.0027744239970177984,-0.012749032249310946,-0.022072411409502585,0.00024931484832644353,0.00015847945884492348,0.0003383342573808505,0.0002982179101811057,0.00015562515171368464,0.0005322596717060315,0.00016548499997132905,0.00028248894176209177,0.00022955504207187208,0.0001731188683389969,0.0003505646458800952,0.0002740917375446337,0.00016723085966264907,0.0004843385800828383,0.00013415269327482265,0.0002819160807362636
2018-04-10,0.013350161591248027,-0.001872155440481027,0.002780775799489419,0.006878539127349075,0.0027149626869076285,0.014051224924943212,-3.8731304262488e-05,-0.007925031656456784,0.0002400741776530681,0.00018801992512953577,0.0003578385419873683,0.0002959718785588621,0.00014349495235668899,0.0004063835336884781,0.00023918643260048995,0.00025683535172327883,0.0002714923734679175,0.0001611834751574666,0.0003171477632972621,0.00029776094692151185,0.00014234578722711641,0.0003978961336923197,0.0002367630520347805,0.00024618597619077367
2018-04-11,0.020795032958141117,-8.160806752947696e-05,0.039845378669593624,0.018901877612276838,0.020962199244481027,0.005104294254272062,0.03590568934087578,0.018738381389913964,0.00017938954006376868,0.000182618634135045,0.00036476255417177127,0.00022347691261896774,0.00016001542660587292,0.0005032839884141574,0.00016198846196927835,0.00026557463080573396,0.00019015825700515758,0.00018053059583330333,0.00044621685479719796,0.00023739318487824511,0.0001510463932338146,0.0005327513317180426,0.00013085936917802088,0.0002679793343020376
2018-04-12,-0.0012415444760478758,-0.0007036554597366126,0.0020016026873562365,0.0068544065403065325,0.000357992318857974,-0.0067252143523654035,-0.002655467172952443,0.0011854757611931205,0.00022132366196464352,0.00011331468434825933,0.0002884491716857902,0.0002024663026831587,0.00013792938319254306,0.0004467852914692612,0.00024265137938977562,0.000197154706856011,0.00024235493786831075,0.00012264625276799273,0.0003032899678464819,0.00022697223051726409,0.0001417598441047986,0.0004830464009208121,0.00023138772924073822,0.0001997888648802874
2018-04-13,0.0017762801206469116,0.002966527414374644,0.004194576602999419,0.01535875627278697,-0.0054748817528651565,0.01016295694662147,-0.005354536469853688,0.006741737303763986,0.00017186506947942015,0.00016153061403530663,0.0004059750195761604,0.00020362765093505367,0.00016312436900993874,0.0006311661057928958,0.00023782034229246986,0.00027845517911767717,0.00015469788772700784,0.00018484814334788894,0.0004390408298276619,0.00021469912426025874,0.00013388672868293116,0.000567966657089313,0.00025645580008266044,0.00028429385750391566
2018-04-16,0.015776833671330485,0.00714170810629576,0.044570706343524544,0.04451689397137058,0.016956254715240097,0.026453466682305228,0.024565995489567095,0.011730733716332207,0.00013430642893404163,0.0001400413591918077,0.00036870877843229213,0.00034583458751847874,0.00015688534786112386,0.00029742507455943006,0.0001726041518242013,0.00023531573579699353,0.00014690584310104914,0.0001417343595670859,0.0003299326294296884,0.000323181109409415,0.00017129686256362316,0.0003099783832791715,0.00017463341494888498,0.00020636509216801985
2018-04-17,-0.01294579180800203,-0.0011250015433736263,0.009070692614364526,0.009058095959413261,0.012089942586140474,0.0029293682877525942,0.02729219086049485,0.031404156060446484,0.00022007078480715164,0.00012181471690389642,0.00047725213179757866,0.00030506246578438896,0.0001510016324745783,0.00044532915048453895,0.0002775343201764401,0.0002466519654834449,0.00023438986843602215,0.00012650332074399037,0.0005393682741891247,0.0003239325006749829,0.0001611617097467695,0.0004188348032375366,0.00028222968170846333,0.0002565773737853038
2018-04-18,-0.005297353050799735,0.005720342325020878,-0.01250843104722959,-0.011815871227063155,-0.025493856240470333,-0.017809532436202914,-0.0368222348946212,-0.014506207990638498,0.00018081861211684692,0.0001494138371532511,0.0006201039339713204,0.00038841463570601394,0.00016339252166720016,0.00038943916270671214,0.00019694344901870008,0.0003244057649030116,0.0001889672993951684,0.00013777209586486906,0.0006607781046130256,0.0003820955327683197,0.0001618260894063577,0.0004181961495829772,0.00020756750219885723,0.0003350253445574225
2018-04-19,0.02017890661703936,-0.0010782607043055802,0.04378254137895381,0.03577292854740755,0.030651051714061236,0.017523723704802926,0.04051104421431872,0.017702155848217837,0.00017437299949209803,0.00015066112528041502,0.0003200712536252251,0.00029766036851477555,0.00017009377917919657,0.00039621656782532096,0.00030642717864250136,0.0002792434358695272,0.00018759736248908165,0.000155444040061366,0.00031778993715287404,0.0003065657756913657,0.0001845463689459235,0.0003165849011839571,0.0003354425320925691,0.0002810279270633028
2018-04-20,-0.005778562634274189,0.0012232317221336983,-0.018240950035371555,-0.007076935841760241,0.006835362205362513,0.0013613724438542906,0.006737487882571949,0.003640152081389279,0.00023013771740758304,9.191832667440142e-05,0.0005444890803693974,0.0003554073254563157,0.0001979632970566881,0.0004273320865673712,0.0004235518178732672,0.00030989004410107794,0.0002570883736368061,8.593650951692724e-05,0.000466383225076795,0.00036881161172115727,0.00019035153649536295,0.00044710548130589916,0.00040320513271886076,0.0002914565102981183
2018-04-23,0.007801138387360065,0.009298396156254829,0.021436425352702734,0.037616046110454354,0.004665251736068598,0.02628514387091299,0.01559698982857959,0.00863454899994171,0.00020768783271821455,9.222626689240384e-05,0.000540388943595146,0.00026570762210304996,0.00022281103051468375,0.00034772689865558064,0.00038088088807098654,0.00034399612359226127,0.00022932063260939716,0.00010260328206607012,0.0005168371610702802,0.00026769689429286366,0.00020537678109074377,0.00034496757318676124,0.0003996827505311889,0.00036611257357397123
2018-04-24,0.00317492815791242,-0.0031612894146891626,0.020093943310971037,0.009623794064415651,0.006283984090948337,0.002938805803080325,0.027115153397779878,0.0031761227831856643,0.0001599050069439729,0.00011462965363307463,0.0005079149941408282,0.00047927121209526987,0.0002976118455845823,0.00033816277424022394,0.0002942331716495188,0.00025788385705523124,0.00016197013179736376,0.00010279434475196087,0.0005452509024089896,0.00045940349216451714,0.0002983951134063206,0.00032545084156243543,0.00025788873247624443,0.000238229298219046
2018-04-25,0.00013787878920857444,0.010105835947727895,0.0004892432563277662,0.014068007310674143,0.02466700667780616,0.006387942302754391,0.027096733341109937,0.026677099077744463,0.0002149494854286691,0.00013059645267710725,0.0005489785665844612,0.00032807372676656117,0.0002815944574199445,0.0004287862264778995,0.0004396914835757078,0.00028651131152865805,0.00019532718051793312,0.00012503321674388928,0.0005837309238145393,0.00027687081844953956,0.0002729713025334424,0.000413084740970093,0.0004471479973918339,0.00024227387867850608
2018-04-26,0.00043229114549684614,0.001940826551974238,0.013387988768694322,0.011165842733598432,0.007011854988232189,0.015647708858552562,0.004335570617178434,0.013521396279562593,0.00022799113966148277,0.00010223246092563988,0.00043027031794169257,0.0002445578205754582,0.00020859962053000107,0.0003274980147483418,0.0004285813670785335,0.00022927184150156582,0.00022684426819211112,0.0001167703761520638,0.00045190089925260655,0.00025281249797480575,0.00024117666401991372,0.00036149300787117556,0.0005036572114055201,0.00023647736146074832
2018-04-27,-0.01626188705592757,-0.015071298562019317,-0.03032020611653649,-0.040492715754554466,-0.01770185326782091,-0.039551021884343576,-0.007872937186439572,-0.025317173993518093,0.00017308495801289557,0.0001280415590914759,0.0003756824119193038,0.000290714410884846,0.0001937786264368284,0.0002430173641121465,0.0003746788494203248,0.00027217526878482755,0.00018314504704515101,0.00011852547881415528,0.0004033933155528505,0.00031851451090239276,0.0002091824696831254,0.0002558079326078665,0.0003707040488255872,0.00024854080784458127
2018-04-30,-0.0056033959909219475,-0.0051019763621324215,-0.003543135284230112,0.005747553131110255,0.0016644769530898276,-0.010287749719263807,0.008942366381100606,-0.012864763878211073,0.00019271344392595544,0.00010335503861801535,0.0003998514466328607,0.0005214835077295286,0.00022127803741871853,0.0004381812358265073,0.000257037290037076,0.00036181235344254,0.00018597602342631684,0.00010165207610186996,0.00034433114935155453,0.0005440945927132835,0.00021887702236867874,0.0004619151584276769,0.0002472431203907737,0.00035501114988343815
2018-05-01,0.033240158811638124,0.008131475942318467,0.050014904747468676,0.021097682143842618,0.011763144250244181,0.016440931996809478,0.013767133244843018,0.011858876914117068,0.0001496310306234678,0.00016089698247590011,0.00027240037079682234,0.00038710036311765566,0.0001960374668169146,0.00040271366796459327,0.00036509272650889186,0.00024094266418802498,0.00016666140994940179,0.00015208386897102758,0.0002441677471931853,0.00043574042491206777,0.00019114914353037598,0.0004259168318250091,0.00040672369414477703,0.0002496033404069798
2018-05-02,0.010356100145352343,0.011291231559425054,0.013932302353984974,0.0075895926699119124,0.023280359139379904,0.021279406320137247,0.009790767256990426,0.011815634189032491,0.00023038300579712753,9.99976354761094e-05,0.0005808042131458434,0.0003673723437615802,0.00020930145955229296,0.00039513161724744403,0.00029557389136776187,0.00031694363090036985,0.00022204746845652846,9.282093164967671e-05,0.0004873620965955365,0.00036392881897030495,0.00023632565569863846,0.0003376191338445543,0.0002892210943959154,0.00037759335956846166
2018-05-03,-0.0070396864482259874,0.0036693195498969837,-0.01116694995464938,0.00088789468100489,0.0007728854168294214,0.00683886450172589,-0.004635508855998477,-0.0029732749118447236,0.0001747058142017734,0.0001319402476461802,0.0005606471974703068,0.0002631211092110811,0.0002905674108565813,0.00035042122484592417,0.00031443533395999655,0.0002578139152397222,0.00018124084766367758,0.00013463976120693655,0.0005476357094087114,0.0002974898869459596,0.0002939281321265072,0.0003517145336574319,0.0003347853378219232,0.0002521031408951029
2018-05-04,-0.022289705424904112,-0.004734760681852944,-0.02145282449821172,-0.009338025735873248,-0.008305253975439287,-0.020581891948239766,-0.004734171499818589,-0.0023366917567849504,0.00016583694777323182,9.785348597588288e-05,0.0006084982234598313,0.0003469102704726139,0.0002547772849148587,0.00025368776258206276,0.00036940740776888017,0.00020790198454287957,0.0001583553672168025,9.086595273657001e-05,0.0006066471109506408,0.00034482446572959923,0.00023756063637085333,0.000240387763600787,0.00036416174649674495,0.0002123729502764136
2018-05-07,-0.013511641969343024,-0.025200765164734032,0.003901082711043733,-0.026553153752519165,-0.02683426786939403,-0.030816489000865373,-0.003631341101405689,-0.046579745004015176,0.00020309371090374557,9.976885040517482e-05,0.0005102916047013698,0.0003200885079526828,0.00018222872215808105,0.00041099841772471656,0.00029911314870975495,0.0002456913046593792,0.00022019710614220518,0.00011352197002870356,0.00048117029288123126,0.00030612971746030133,0.00018730906430728677,0.0004349635628325956,0.00031047781386365537,0.00026169734534570654
2018-05-08,0.0028379296219906164,0.00797652086560314,-0.0039139575349956225,0.015021674488149998,0.011598063301315508,0.014554614460162202,-0.006400008714557087,-0.003067231915559293,0.0002836798374270754,0.0001682477105447611,0.0005914911190462302,0.0003091484242624872,0.0002694510640145776,0.00039735030926768566,0.00022171930624165885,0.00034986470532229685,0.0003173841240555409,0.00016530656908156832,0.0006170641646540414,0.00028733614442784773,0.0003168659002074709,0.0004360338515991883,0.00021609920361110614,0.00032189213892976765
2018-05-09,0.013838224115097771,0.014427384264999203,0.009671670298979433,0.02544444785528195,0.011889084774169376,0.012366812156973352,0.005476348991454986,0.01531765515807306,0.00022548385421070058,0.00012346811572778324,0.0005042668064984588,0.0002959155970135373,0.00025161257439131177,0.00032468447253229974,0.00026585406558271536,0.0003365298247140046,0.0002325660708054047,0.00013173108593943908,0.00044630907712023857,0.00029625082332265703,0.00025410469037753845,0.00036863953629146147,0.0002823555264044788,0.0003904083943000955
2018-05-10,-0.007598095041149793,0.007334762184323649,-0.02087362533727527,-0.0025256386521761193,3.120700551182884e-06,-0.011649746677722632,-0.00517187908514914,-0.005823436552401026,0.00024466530138973845,0.00016689960443268403,0.00035744624635127004,0.00031200807256013803,0.00020918445410475042,0.0002682448347522861,0.0002691035273076439,0.0003270671449105298,0.0002545149180946513,0.00014383230917425666,0.0003773143531314592,0.0003183166498874411,0.00019189465883111227,0.0002758338559351502,0.0002899023284727125,0.0002850548008965057
2018-05-11,-0.0010193245388893666,0.006558535040492802,-0.01106297979349638,0.014734376542000691,-0.011267824771276186,-0.004984659406448424,0.004683730559489591,0.008772782626127188,0.00023133206863030101,0.00014267191373545175,0.00042018759870059066,0.00031728512897712265,0.00021541094926707654,0.0003765585548591609,0.0002304841222353209,0.0003218960968659056,0.00023667593534848052,0.00012325099755343063,0.00036814680435776407,0.00034199878356617943,0.00018419786627592113,0.00035240045687849185,0.00021349807267091685,0.00029737261824524234
2018-05-14,0.008557360247730557,0.015242283543743908,0.002166718352197623,0.027684794533855216,0.017398285502241578,0.034349583284882926,0.010325303517393462,0.017220563624594818,0.00026753497878531055,0.00014907492713201517,0.0004061595267346825,0.0004092002096315659,0.0002957294594192192,0.000368949316166618,0.00016822390325057815,0.0002489899580773294,0.00029422859059337553,0.00011988811856828877,0.0003624390446111546,0.0004032091649190833,0.00029964348158293476,0.0003270338533940821,0.00017674657798631813,0.00025488752257511873
2018-05-15,0.02231819270506056,-0.0030514883826445807,0.04733555869211116,0.01596379816160226,0.0142970469565626,0.014207050428383758,0.024541155304047785,0.016803216550139534,0.00021159101627255013,0.0001462862195928961,0.0003836408372627387,0.00039242821336412656,0.0001720060630109719,0.0003939679134199878,0.00022793773669321608,0.0002010590353747712,0.0002020703443964879,0.00013634674222671,0.00041359671797516913,0.00039659948327990354,0.0001788555360625968,0.0004429094198595893,0.00020174295165034754,0.00018958546748880988
2018-05-16,-0.007238320792723034,0.007168178420653379,-0.011490701622180475,0.0029453615448685137,-0.002824704927716625,-0.006446195347460205,0.004103015144698792,0.014266189174318204,0.0001972162252626967,0.00012317950182734284,0.0004995550598965438,0.00025703964368680956,0.00024091763257253005,0.0003633697388730232,0.00020634285872140863,0.0002814144541772904,0.00018325583591572185,0.00010429006709231518,0.0005526809546584983,0.00023052727766726915,0.00024917599913896126,0.00034414547005091,0.00020964020435453875,0.00026465498520692783
2018-05-17,0.021141821700517392,-0.007644398387172406,0.03651556651121582,0.013943801284595376,0.003864612166045847,0.021801553166765682,-0.005877473872979238,-0.006457182503146491,0.00021880780186143726,0.0001054317059441581,0.0004638244168043359,0.0002883456706124274,0.0001873648463478582,0.0003135916995998551,0.00030209805272535137,0.00026620177309620173,0.00025763590394838623,0.00010103825662786747,0.00040787134221564913,0.00031768082136653895,0.0001538331701888579,0.000330118257360987,0.00030943579153134323,0.00029239705747875
2018-05-18,-0.02575989376564101,-0.017464784253340256,-0.025019398265255618,-0.01805192666739623,-0.0184897700893184,-0.017167109073496077,-0.0014864492426772103,-0.01695759718069593,0.00029107163817402687,0.0001526418597672246,0.00046161049431173455,0.0002758783481342504,0.00032575515267875294,0.0003321666662646422,0.0002007940534897054,0.00017189731096080483,0.0003064262036756734,0.00011904131309420121,0.0004591891344600248,0.00026853875296748065,0.0002864126704859066,0.00032799615368862,0.00020089310398833533,0.0001632779476920817
2018-05-21,0.005716671028504937,0.01775685523259172,0.01439298414448881,0.01924455318753599,0.03477206808899917,0.025375226757388993,-0.008125243123363829,0.032484744167532255,0.0002572920286049122,0.00010902174242130244,0.0004190579394812524,0.0002408305446816214,0.00022777089961207724,0.00041310439557622506,0.00019680283472634606,0.00028414369071134575,0.00028470671507218747,0.0001024366983839482,0.0003862558842700254,0.00024328909585873612,0.00022650684960282634,0.0004011506944457429,0.0001945720922691282,0.0002693070400465596
2018-05-22,0.005278917263857239,0.018748973166004716,-0.004200300774964419,0.006522894311897486,0.002865105805817383,-0.003359887523063662,-0.014564146282097177,0.004653959101869644,0.0003402077503987442,0.00016379300083843728,0.0005559757582746208,0.0002347641522728127,0.0003322878063588203,0.00042156221148557325,0.0001657763149982474,0.0002929874108050079,0.00029693929345226235,0.00015582959048454975,0.0004992603354957592,0.00027583360687975984,0.0003759194078640127,0.0003847649579218271,0.00017543657030486955,0.0003320058286172319
2018-05-23,0.002720662549088845,-0.00431158987857147,0.012735378259375651,-0.008022979675330751,0.0019353900509284441,0.004470882789500665,-0.004633801241421071,0.007598559998614036,0.0002736552299861275,0.00015894497402725195,0.000603464602871584,0.0002855983892573072,0.00024008362166172054,0.0003704027491984295,0.00017872594678501253,0.00020828618750752794,0.00024965311427319043,0.00014912175249258213,0.0006197402125045642,0.00023810252999312582,0.00022634987726843185,0.00039970273878395295,0.00018302027408001372,0.00019548680065146088
2018-05-24,0.008367447580486855,0.007275816435739063,0.007753722695106408,0.013315244168486324,0.0033326881692957748,0.0029670758964134296,0.0028606253953320534,-0.004489809149067416,0.00022407617836792032,0.0001346080222568874,0.00035913743833486796,0.00034470988843000465,0.00023208780237288657,0.0003719821292810782,0.00013809921928961027,0.0003217342788835336,0.00020715411905640832,0.00012027742655757602,0.0003760382811563524,0.0003456332934719819,0.00022178764558706716,0.00039528830840831444,0.00014616292864907875,0.0003123633836813264
2018-05-25,0.025737062204575816,0.012355571519218728,0.03364558050335696,0.01881832528489054,0.02009249378275544,0.02409347652702987,0.024309810339191374,0.02468335686536694,0.00017450486128169272,0.00010836572585597705,0.0004652357866096169,0.00029356304672161783,0.00022996487756031132,0.00033807839641263623,0.00025929786855662714,0.00028988385161558486,0.00016667821412602208,9.420133499251187e-05,0.0004343059152632025,0.00029962352210103065,0.00022372409227370844,0.000318083638815943,0.00029985407911583254,0.0002767297339179148
2018-05-28,-0.0007086372810963048,0.00017436097380291347,0.00814688965160044,-0.016416258705057515,0.004124492453293494,0.011424244699931863,-0.000779398034605386,0.015129673835893314,0.0003631533602027856,0.00013123251040703614,0.0004740430549626115,0.00029536437242182965,0.0002809641739339106,0.00043072597262245596,0.0002113810406681825,0.0004035870759999047,0.00033360233268705706,0.00014946458742818463,0.0005002339721084216,0.0002544472398854494,0.0002683356089622856,0.00042112997636134,0.00019599148581138254,0.0004041870658912774
2018-05-29,-0.0042299884409994345,-0.0013702454856507654,0.001957530804097298,0.013008903407647154,0.007390357085043102,0.012508111905103278,0.005444260032763615,-0.0045162555885403825,0.00017309679201320708,0.00017105509973706372,0.0003467959330637999,0.0002735665695821282,0.0002450545943274385,0.00030294825641093473,0.0001839164957303121,0.0002412641289815441,0.00019172467900014753,0.00016293764733612659,0.00038523316477481696,0.00024009434164299752,0.00025613425838730546,0.00030491503620732,0.00019101985064189021,0.00023397034028186777
2018-05-30,0.007232697299830938,0.0019274900326902388,-0.008861627451720214,-0.01639526028898121,-0.00956807098547967,-0.009764304738392331,-0.006782906354270511,-0.0062602527425046515,0.00015571892366998127,0.00011522158693035619,0.0003814930217800685,0.0002504067636165025,0.00021709350680722722,0.0002962053340657413,0.0001373403764966475,0.0002650649909515157,0.00014149564008470057,0.00010940344186080071,0.0004488789152812497,0.00023741146579623053,0.0002208181609794361,0.000290232581146279,0.00011631087690507513,0.00023058425539664742
2018-05-31,-0.011721011119524094,0.023479832119953487,-0.0065120142829153205,0.037883362168207306,0.033077548922279515,0.031294693849701,-0.004925029452364618,0.029590118466969757,0.00025261424247655383,0.00011157891473431996,0.0003517377759135197,0.00029176159739635084,0.0002576977693486595,0.00021030303841187924,0.00019251595058961742,0.00021453992581821062,0.00024874221365469836,0.00012470872226616483,0.0003480280544480029,0.0002976099020073707,0.0002783983702621131,0.00023027506902516026,0.00021151901611629945,0.00021177413072511817
2018-06-01,0.004671167210794549,0.0317427482891394,0.0097001445413612,0.037102075306569324,0.007183559097847815,-0.0035322237841334102,-0.00032703469859710397,0.009220951297212055,0.0002465905253571998,0.00019982815269570123,0.0002937530381984734,0.0002873377763354198,0.0002834980286182582,0.0002558650704794586,0.0002085279600418313,0.00033834017116814884,0.0002521421101471847,0.00022296408204721082,0.0002706174675050756,0.00024144394037132206,0.00026801913521840124,0.0002716510130583533,0.00021913086638148736,0.0003125678593223587
2018-06-04,-0.034853721845225255,0.0046865708975953,-0.04528559096323254,-0.010281257318813065,0.005616214155518397,0.018087083699943055,-0.0045683325016712285,0.007062142214371834,0.00023115146912126074,0.0002299218623585549,0.00030539045300456724,0.0003741104008227859,0.00023857514052340827,0.0002441623847017015,0.000160090090357643,0.0003620531325831978,0.00018210410732942038,0.00025007902955217224,0.0002622019631934548,0.00039458866941850383,0.00023470751877187782,0.0002470553732234474,0.00017543311923372572,0.00038611564829897654
2018-06-05,0.004053848128671076,0.005165086710124336,0.006143670059916053,-0.005748473569039608,0.004871217106911982,0.007632108579275698,0.008526429333165598,-0.0022998415284072615,0.00037730115077016363,0.00017557433556327127,0.0004780899619971576,0.0005327795074034115,0.0002439043241189641,0.00035687832505396013,9.677741902532125e-05,0.00029012933443280824,0.00039620618526757913,0.0001990158605288525,0.00044626639849418206,0.0005067452081897122,0.00024215170333783594,0.0003799742655891542,9.496945485878272e-05,0.0003039767892459333
2018-06-06,-0.015529944949569498,-0.0019160219876024828,-0.02153726639249109,-0.024720468741968295,-0.0008180302452977706,0.008151037361806548,-0.004274768396927254,-0.013665818418823406,0.00038001605589063115,0.00017884292876443306,0.00047861361243329653,0.00035794663010875824,0.00023109217197031184,0.00026533283253590145,0.00015697585852412566,0.00018344001023975473,0.00040580670453862377,0.00015883749466842083,0.0005121818409374164,0.0003599639825094167,0.00021051734038006538,0.00026661842022389533,0.00012254004980690041,0.00021055233158376747
2018-06-07,0.012331852810105392,0.012356096709371564,0.007359339767687437,0.01181144893881095,-0.004340812351380951,0.0073501551090487055,0.005387947414092445,0.004043775127854619,0.00021980829452516255,0.0001710103519357471,0.0005392486042780087,0.000365747832731298,0.00021872685950953896,0.0002788967081502076,0.00012447742979885973,0.00019475078295793646,0.00020337718624983056,0.00017295332227699624,0.0005862705478575795,0.0003125744864600744,0.0002003140264904027,0.00031255525309763097,0.00012067762423624696,0.0001906712834809069
2018-06-08,-0.009754970754129054,0.0029076983626330735,-0.01916224541931411,-0.009133213621839014,-0.004415650402208068,0.0027671089097901637,-0.005705646008891117,-0.011432541228544856,0.0002451407997396964,0.0001925498554790961,0.0003684464219158984,0.00035464244136330523,0.00017867260054202255,0.00030125922297090976,0.0001315449901390495,0.00021774816462342484,0.00021321205358308705,0.00016886996170763073,0.00040145503279523685,0.0003039283280342745,0.00018653683657720435,0.0002523278197777387,0.00013729257035978662,0.00021501817177564122
2018-06-11,-0.002686513696960144,-0.0018388133015609142,0.004057612978285673,0.027899156298205607,0.005887105799054705,0.0021792627039310163,0.012733111107546139,0.00019335379251757417,0.00018628044142492137,0.00015251882849180864,0.0003763753487757987,0.0004035033217175257,0.00023705046105178,0.00018362941657102638,0.00014157438869611124,0.00027186310059486974,0.00015531486023592637,0.00014871017130728352,0.0003668440629814368,0.00032577470168196186,0.00025715189765725317,0.00016053854597180891,0.0001406753252926546,0.0002958691556754879
2018-06-12,-0.0027076344975998905,0.01281949724736975,0.005711492080315962,0.010008767389845805,0.020005974155060884,0.014721652614729238,0.001308861819178092,0.021519155562428137,0.00014840041256662865,0.00013006079279529218,0.0004010430593620926,0.0003651773516602749,0.0002448957290851811,0.0002833007551365252,0.00011889547467363294,0.00019772822127930834,0.00014550214512934852,0.00012706755007374176,0.000347633334622393,0.00030540378176770807,0.0002268758981083896,0.0002553208952161417,0.00012854893157421176,0.00021341426672848428
2018-06-13,0.017905122114489285,0.0036984830724609125,0.016301832921111207,0.0053121647312419085,0.0062942369548163735,-0.0038141817419573764,0.005891988794895369,-0.010821574480971144,0.00025223407216849383,0.00020186154183511842,0.0003203088181380023,0.00025412189604154646,0.0002025441013796673,0.0002261786253444721,9.557898993958317e-05,0.00019715719676133248,0.00023105256417269842,0.0002205063155845171,0.0003171731428578786,0.00023994375843025366,0.00020327902121859345,0.00021346021901120206,9.096737216133075e-05,0.00019464373004166377
2018-06-14,0.010175964691882505,0.012587408698345052,0.00961495717782537,0.008323834357081995,0.0224345887553803,0.04040934332572812,0.007206525782556464,0.01275129586191434,0.0002556548982936955,0.00018435006572513417,0.00032366852898992727,0.00033157874583817346,0.0002034186045244379,0.00016112336403224765,0.00012682383714877047,0.00019664118231611346,0.00026377452332567575,0.00015942627618420656,0.00030096227037746575,0.00032786513601383175,0.00018505486484221505,0.00011615722951158035,0.00012622892956675236,0.00018452565125396859
2018-06-15,0.014917016671122992,0.010859758909624843,0.013128699486644422,0.0027485883860801715,0.010781056410230517,0.00887801796887126,0.012063884363659768,0.009049076453794117,0.00026193847037759286,0.00012965269527178897,0.0003301727606043063,0.0003211598144307906,0.0001661197817870004,0.0003008192850568578,9.644028285208795e-05,0.00025360359225041253,0.00027589604065791104,0.00012878764497828841,0.00030195456891523437,0.0003275775449615037,0.0001757871812138043,0.0002971937292431968,8.040022820651247e-05,0.00026515368405034503
2018-06-18,0.012344058459716273,0.022139421325508734,-0.0017912141353488842,0.007948336481456554,-0.0047392825953522875,-0.0003241331047493134,-0.006863844015936421,0.011084010468859904,0.00014972819382702348,0.00015429415117991637,0.00031302281050743904,0.00035268226628407465,0.00018951784990191588,0.0002924975015690695,0.0001490554800601451,0.00022757324449647324,0.00016246261928373748,0.00014258324617187864,0.0003238760173222706,0.000334056299963704,0.0002121823231711687,0.00030551794373563624,0.0001422419118750054,0.00021776526075784004
2018-06-19,0.008554240999408703,-0.006226050560601979,0.004111960834739132,-0.006866840072513654,0.006776191477018984,0.0013566131078465186,0.006957258884278995,-0.003474064953616647,0.0002222253067645577,0.00013732084453711135,0.00028216998479400576,0.0002195597002830985,0.00018539053533708503,0.000341910568915892,0.00013508411023055913,0.00020658848285458318,0.00019054678677011568,0.00014112395014525482,0.00027211057070122195,0.00020869421414127849,0.00018470470296688915,0.0003429628697386357,0.00013574062228436057,0.0002052490499466447
2018-06-20,0.009487756162291767,-0.010076547738649501,0.009118001052614975,-0.009829988080369131,-0.024157599908068126,-0.007022963380045633,0.0015687926114099893,-0.0017268457843338265,0.00027993776760914873,0.00013366000666369988,0.00020770959317964295,0.0002662601242380385,0.00017555034193944772,0.000245613173259246,0.00012066369052014124,0.00025633503057818447,0.0003100062003903346,0.00013838712230780065,0.00019759842764690555,0.00025821367281216376,0.00017981181119698016,0.00021307125818067766,0.00011467958892969447,0.0002881779206982904
2018-06-21,0.010908658133351814,0.0258865276294532,-0.0024743530519861718,0.012813372986713352,0.010270470757180124,-0.002843306183202603,-0.001255684802246935,0.019694625870965255,0.00021760225787003176,0.00013096918804959308,0.0002831412521703335,0.00025425562736116735,0.00020937541696217958,0.0003180398105872388,0.00010729663562332208,0.0001675223476062888,0.00023876107603143577,0.00012915965594074202,0.00027892161527726854,0.00025816461221203087,0.00022295572721174964,0.00031159068242255124,9.395288225562274e-05,0.00018431128395776138
2018-06-22,-0.0027337984560710155,0.0003833547256691406,-0.006759991309280196,-0.0055680253327754035,0.006638597218128186,-0.011611001392667762,0.008424154046567484,-0.0010184351834863442,0.0002518045629989898,0.00014638483260511455,0.00018424578218486425,0.0002591443555003637,0.00019889100878325904,0.00018813504008506098,0.00016555947973448723,0.00016094663118048407,0.0002563523269258447,0.00011750015509233009,0.00018947361781578468,0.00023116307614073675,0.00020571114133882362,0.0001955918096847526,0.00016530169762655025,0.0001647816406220904
2018-06-25,0.006851962913164454,-0.004410562529756943,0.009138135811007359,-0.008198201713433908,-0.0031547912187860896,0.0019265991445792181,0.025266270452699267,0.00976835594064014,0.0001629721069717807,0.00015575330567889697,0.0001750505181471828,0.00022186379280443575,0.0002591970921030416,0.0002025812883176971,0.00012308789760711325,0.00016330494999755544,0.0001825421455888191,0.00015143670335365336,0.0001792508028014248,0.00023032764402124254,0.0002487475786854958,0.00020541013274379027,0.00012203303176608422,0.00017481669937710725
2018-06-26,0.0005179415045317228,-0.0032766870755889304,0.006670035389680093,-0.002822498983259819,-0.011907776324164324,-0.005564712246885795,-0.014864685339997097,-0.0032119273301549774,0.00024406629294179848,0.00015520504026560758,0.00015319982375665026,0.0002178597377272939,0.00017609517750339398,0.0002057500945410398,0.0001259757571590336,0.00018922001384669582,0.00023440742301604324,0.0001490934749990123,0.00012477328572492894,0.00019228707258679443,0.00014416116303587147,0.0002171000055481491,9.891054681414113e-05,0.00019410292505556205
2018-06-27,0.005336691199881626,0.02478479499870278,0.003558033967885769,0.01650046303900375,0.012229623730002692,0.015624107432652943,-0.0022065006416489294,0.02230418748071315,0.00019870593299796372,0.00023051582641591195,0.0001889358284411034,0.0002890802906635106,0.0002117326209665349,0.0001921334363340023,0.00014153220326653296,0.00019733131011780532,0.00019524742106572822,0.00026752064567392935,0.00019379907791680642,0.0002706468695079163,0.000193744865697138,0.00015896077951803222,0.00012289372707716278,0.00017016320807106952
2018-06-28,0.01642344307755645,-0.042376503198848246,0.018487807395143867,-0.05124552313404612,-0.030528139487070165,-0.019118250382762655,0.03945045086865651,-0.023137095621816085,0.00014090819027409552,0.0002458173046791679,0.0001832749626042856,0.00016318012784227251,0.00021578517102767628,0.0002195634451392613,0.00014257483397110246,0.00023496589070556845,0.00013024935611380685,0.0002626235944513629,0.0001822962516048254,0.0001569736670177124,0.00019734126785098588,0.0002118929829136041,0.0001255670009639221,0.00027785286103339577
2018-06-29,0.0008405931625188525,-0.016584376061395113,-0.0071550935444755675,-0.024050090358492038,-0.02891327296119763,-0.020714780046104758,0.01435192404846913,-0.02468771640606955,0.000213660491819166,0.0002700751827742496,0.00018938654949241432,0.0003796478711983158,0.0002467922375953182,0.0002478321071146347,0.00025759421786469806,0.00019935739209440905,0.00021927222711759102,0.00026451324485634887,0.00018891107121473747,0.0004313771917446318,0.00024974400325712443,0.0002770214312786405,0.0002311557145471732,0.00019145457913507242
2018-07-02,-0.00939120616796702,0.00800703943859055,-0.009042941617144553,0.0056560207919559395,0.004501643294476966,0.00432063658149635,-0.0045076704889358355,0.01142607524085095,0.00017493158331374322,0.00030112151315428285,0.00015526576056988875,0.000310351962438694,0.00022000074061572557,0.00021638869781956594,0.000185505487765574,0.00020773918921004704,0.00016764413955120788,0.00026788535909462794,0.00016675475337433034,0.00035299049154473,0.00023149572310693096,0.00020722490206506419,0.0001952152679445379,0.00017323985771672894
2018-07-03,0.013383768363675786,0.007166475646078546,0.005583485476604576,-0.0056351700025231545,-0.005165568152716891,-0.005585260967623031,-0.006034524569147816,-0.006246475483072157,0.00016187845699417773,0.000313257341502642,0.00020532462661425685,0.00035441919361756493,0.00019506196987706777,0.00023875446474588976,0.0002227860837336802,0.0002229504047959529,0.00016923327887331325,0.0002995356488384666,0.00020825751487977138,0.0004096498996304889,0.00015666762983557623,0.00023563951631297647,0.00017201953993010945,0.00019842494659664693
2018-07-04,-0.011544455194764339,-0.010742806178504906,-0.004900867949590496,-0.006019239128707331,-0.009348783939107158,-0.0058788967766195,-0.013300708868456041,-0.004442327405821721,0.0001629047397217018,0.0002336298041435883,0.0001693942562210612,0.00030715786104717016,0.00023839048658023582,0.00027524515093469153,0.00028851495270128724,0.00023579494078249753,0.0001638690424369735,0.0002217312663436407,0.00015071063160601057,0.0003272950931417152,0.0002678918761015824,0.00026545570771982166,0.00022728787664158732,0.00022811631780231617
2018-07-05,0.004654745592335644,-0.006747256033669138,0.010270246000536342,0.005262635693209084,-0.005110870730226426,-0.025140244896647738,-0.01023707715180269,-0.009305769290979994,0.00016391797780609252,0.0002389998389375204,0.00021888278663711157,0.00027169527895979013,0.00027005896379223585,0.00021066548396962684,0.0002033505799684251,0.00024389021219084535,0.00014836471306433547,0.00022555723232994509,0.00022020110788521078,0.0002881568584115697,0.00021178704192366355,0.0002306131882999706,0.0001889048293907398,0.00024893788389897947
2018-07-06,0.0038026718106411147,0.004972762754170039,0.013845796942338541,0.017654807235890274,0.006879797364408617,0.007274352629423725,-0.01054399935367711,0.005411566619891694,0.00019161717074778995,0.00025530583978679625,0.00018738966743036804,0.000269958192854653,0.00022513485597304506,0.00023896277551237508,0.00022258021266679674,0.00023189692648250195,0.00020255005166838847,0.0002619177012976624,0.00017529528734931113,0.0002939975724616271,0.0002410794564105723,0.00028113695640260574,0.00021461381226911777,0.00021952005150418613
2018-07-09,0.0049373815444803135,0.003489944911214552,0.028391001229462465,0.049442387728497995,0.02393147006358253,0.025664594753641988,0.013251201662186738,0.026528284734880173,0.00014950042309761074,0.00020799927332059253,0.00016064691033394846,0.0003285912407241552,0.00015178237380670018,0.0002512717895682577,0.00022010080733621864,0.0001634819604521593,0.00013552631674311667,0.00020897580183906072,0.00012351180969308396,0.0003387987340857703,0.0001621367240700703,0.00024801260747370495,0.0002286502185844071,0.0001653094120269281
2018-07-10,0.008727440097878115,0.0008238545693598344,0.011770720061750764,0.004469820883795017,0.004800063443184628,0.018730477537742138,0.011312728810208568,0.006972980255406287,0.00014520724039064048,0.00015896366234397982,0.00020907865348526942,0.0003650690832984146,0.00021964132247971274,0.000280641937980958,0.00018169687122463862,0.0002452735550218668,0.00015477032767087487,0.0001617586221627385,0.00019992433345110885,0.0003572646896668893,0.00022781473903734254,0.0002741770427145196,0.0001422032792491519,0.0002601532393918158
2018-07-11,0.012761300847406946,0.013707123329261656,0.024771421514632522,0.023757766768288967,0.012862001495815454,0.023150896302754943,-0.005495246606335623,0.012561426523183232,0.0001425376298549035,0.00019843488886454316,0.00018199699107869055,0.0004276500100612703,0.00023265521122519956,0.0002916523839677608,0.00020867995606282954,0.000187649868368285,0.00013259548236774904,0.00018771161120472276,0.00018839926255678465,0.0004301515892269466,0.0002245366219971346,0.00025852098947057024,0.0002331997497141374,0.00020823412803342106
2018-07-12,0.0039875582828399585,0.002824246778291301,-0.007939302613321056,-0.010381922730198015,-0.006211799162755965,0.0043664132070538675,0.0012420622565640221,-0.007756305615310916,0.00016797646238167675,0.0001658010640036558,0.0002685486335888497,0.0004246357790966339,0.00026581341538588015,0.0003475601660234196,0.00015405631137853848,0.0003409171349855344,0.00014112279687884588,0.00016500359886854389,0.00029058568484206435,0.000410096064994628,0.0002917512319570778,0.00037455244910305086,0.00015633728803000733,0.0003791320120883025
2018-07-13,0.0014161028130015348,0.008115257835315793,0.0015889142665468712,0.01648222255397082,0.01663967605701937,0.015875309515747928,0.005576442812785715,0.009551466081785892,0.00014595788564772893,0.00016329640341777228,0.00020872083813615238,0.0003904155582353143,0.0002845694407536786,0.00034380538528645886,0.00015242421330401558,0.00022770951361206186,0.00015320398760868068,0.00015701657762642724,0.00018821029264565005,0.0003727842102260251,0.00031022912957242953,0.00034686407497644335,0.0001326758418284444,0.00020184249972290507
2018-07-16,0.002074131019162339,0.001885220232491035,-0.012045466174672283,0.0032997577661866536,0.01725276573503598,-0.01275987951085791,0.005662955041643624,0.002604965189372441,0.00012800930240461808,0.00018477416943831485,0.00024733953310684926,0.00035643652929989614,0.000223004360872503,0.00024486937106278173,0.00010969167117418656,0.00020682827780571842,0.0001455376581714152,0.00018168884500512417,0.00024444577301076535,0.00036155684570151166,0.0001997046424207957,0.00025852305408024455,0.0001085950559728324,0.00020092138073857767
2018-07-17,0.009848597748973648,0.005950778047843564,0.0013203721574372163,-0.002297629492863633,-0.006250908033823414,0.0033141496937910244,0.00867044203301499,0.0017457170117579663,0.00013882315227477346,0.00018598873300080005,0.0002651022428983494,0.00030462619629071573,0.00020773553468874645,0.0003423313537450916,0.00016535401844555966,0.00016771596163662095,0.00011020559743875064,0.00015342970810491277,0.0002629575370815658,0.00033309334447268027,0.00021064149244059204,0.0003284651652000047,0.00017262521969058425,0.00017640053993229506
2018-07-18,0.012122945024788431,0.02851754088068732,0.017086006544940822,0.02262677156795812,0.04142202299860023,0.04083022093926516,0.011868992046657168,0.04417913807805324,0.00014833683634747627,0.0001416806930211003,0.00021283217355952597,0.0003718518270151484,0.00019398970986190186,0.00027427790659680844,0.00013571948373401307,0.00016728952342998142,0.0001714762854500374,0.00013156489035531994,0.00013979906042218992,0.0003191553885064602,0.0002091237026852483,0.00026789392993040206,0.00015752492138278661,0.00017348377452611964
2018-07-19,-0.010863695021722127,-0.010295460412824297,-0.013261191922473771,-0.009252617355770853,-0.001771861870586329,0.002617281547984636,-0.003570725467265976,-0.01150380671418582,0.00014130245601097892,0.00020315838109766544,0.00016385517155497188,0.0002954605249419669,0.0003371070686123923,0.0003957488828461826,0.0001457082024868856,0.00020515300883415942,0.00010319919347512633,0.00019188770221634552,0.00016173521758559191,0.00025819069932598747,0.00032691278304906066,0.00042065831091472644,0.000139989290984651,0.0002150115200290819
2018-07-20,-0.002468253401707904,0.0045583498810212505,0.00557319932062778,0.011932693448389941,0.0033284557765381403,-0.004293594981755877,0.0033015410147328797,0.0008441141198805434,0.00013299183502426642,0.00022498392220009049,0.0002339177700276134,0.0003837543371616723,0.0002616295716790055,0.00033153570259356285,0.00013505561708023218,0.0004095654448251286,0.0001394332042679231,0.00024771274420756615,0.00022551746549388796,0.00032986371656040493,0.0002668282799502887,0.0003219859097861722,0.00011839209297451132,0.000467720113880724
2018-07-23,0.019703927571955247,0.013082079736178991,0.017650327949545727,0.00978152353594859,0.008446918501041406,0.0010687611397804965,0.013549724418353788,0.02396425150465739,0.00014373908223014778,0.00022897768339712074,0.00023143996234549323,0.00028457206949506446,0.0002855784689774296,0.0003119728982637068,0.00013866824769137156,0.0002659330451260818,0.00013487126309777122,0.00026548502161303193,0.00022227056441787528,0.00028376613206488086,0.00029386774881209426,0.00034687875758249593,0.00016192837842861303,0.00026891582987876683
2018-07-24,0.016096875438937223,0.012706910206095132,-0.006719083470674038,-0.014781756853454482,-0.0028674183367036225,-0.005354863927296936,0.0001571569092957657,0.0011181247923144632,0.00013596492075393848,0.00019304772836634582,0.00014628001568331637,0.00030735677792669317,0.00028917727033056934,0.00036032742878773857,0.00013113887141878874,0.00025627704166585573,0.00012624759471703822,0.00016796628603863302,0.00013548822821960813,0.00027534189871673966,0.0002462038341087982,0.0003983857713123103,0.00013637417292607386,0.00022807610616300725
2018-07-25,0.0054961926573909555,0.004652135507165072,0.01751270617621161,0.0222855992513225,0.0043563444866750005,0.0026240589771226682,-0.006005808350492159,-0.011405336480165427,0.00014320187092100141,0.00024381507930004007,0.00014964837152930052,0.00030013265842788133,0.00023381928148122252,0.00024147118353842943,0.0001387318076603653,0.0002408330264458015,0.00014773304381259525,0.00026959189907808706,0.00013160344335689332,0.0003155447350883797,0.00022983425654791423,0.0002431368718005119,0.00013186310853856236,0.000205657171034169
2018-07-26,0.022764744688987686,0.004255133550257363,0.019115810842931524,-0.001566367526013056,-0.0063681712666840175,0.00479816838270497,0.019966335462779202,0.005110847498447189,0.00016882832614358918,0.00019650120422652585,0.0002385069685189504,0.0002654345640053527,0.00023480916681559844,0.00029970127660691146,0.00013722393765208085,0.00020708641347623618,0.0001783269008176133,0.0002245856100157036,0.00021579769002497945,0.0002635166080418775,0.00023288162072642048,0.00035024544270726094,0.00014174800320322406,0.00021037131812305348
2018-07-27,0.007932867333966328,0.006108848078770671,0.004997038023689199,-0.01027612360429728,0.001733500363705499,-0.005534627133494323,-0.0018657704070200168,0.011379310629921383,0.0001762963673523127,0.00016161869666233745,0.0001871277994561472,0.0002675208708467969,0.0001913650591806379,0.00022317648859946954,0.00016789878309924266,0.0002605069758119179,0.00019135143778709385,0.0001728207329691536,0.00017221809386444738,0.0002344410350137939,0.00018774921425291456,0.00019737791521049608,0.00016810440390688854,0.0002959161681081362
2018-07-30,-0.00041969172040194256,-0.014268270115210918,0.0011421625978833695,0.0033915317529869178,-0.01868300485978268,-0.025586473251104604,0.0027434137593265804,-0.024935080977160604,0.00022177975546289422,0.0001679030094745471,0.0001828958328672745,0.0003131003235735314,0.00017744151488402699,0.00025390728565926756,0.00014121084929329271,0.00023283296641096393,0.00023841195879800736,0.0001744884452416831,0.0001987049295771347,0.00027084358310279673,0.00017402617375152755,0.00024451983821589655,0.00015061904969561172,0.00023826220366972048
2018-07-31,0.0040265973752169676,0.0016900344723143185,-0.0037643373103199594,-0.005183496621638203,-0.001428640075572367,0.01056263705986739,0.00038712928708527076,-0.00887976693726946,0.00013951618470627722,0.0001579223849760608,0.00016534243907492978,0.0002914627693989035,0.00022545610620824228,0.00024358754586243468,0.0001173048208203421,0.00021305338327912295,0.00012811409376879278,0.00015452775749223905,0.00018002289143109786,0.00029225489869648,0.00022948222672456123,0.00022138238664817003,0.00010168944337969599,0.00020308811833577884
2018-08-01,0.01903156364027676,0.0247073181453569,0.0060700928424879145,0.018087991986151353,0.0235764406375056,0.024424505857958457,-0.020782933447483783,-0.007008364807873924,0.0001008833344795502,0.00018574908754386587,0.00015584859012485799,0.00023283847160250772,0.00019489899733352893,0.00016599762252279604,9.925727451507864e-05,0.00028474174668726446,0.00010798033095186321,0.00015361012107559986,0.00017329310045670273,0.00021353685571444988,0.0002124656493452385,0.0001655906309505463,0.00010499208810714273,0.0002921246794434245
2018-08-02,-0.013932243121805615,-0.008289508582092766,-0.009735109883754041,-0.007077639865739271,-0.008061773004123574,-0.0011206131979085623,0.005676200557127366,-0.0031186524453293116,0.00019872781848381354,0.0001979378500113647,0.000181036590177485,0.00023468762349347018,0.0002651641906182595,0.0002987476899501223,0.00016615750946361095,0.00022084303037318216,0.0001706255473667709,0.00019904806208101446,0.00017863829894039726,0.0002640287863777525,0.0002485741463579536,0.0003302068684952562,0.0001878781746570935,0.00026340593941666385
2018-08-03,0.011906186469136175,0.010632768125648324,-0.015918915750585013,0.018879182343252882,0.01764591986091797,-0.01714559635175662,-0.004116842049377698,-0.009354107090076731,0.00017149055141483464,0.00015859019690069178,0.00012095351966786837,0.00022818311301261494,0.00021331428351325588,0.0002573904336233375,0.00012265505907857463,0.00021385924866860318,0.00016941477898074612,0.00015800734563554898,0.0001316887575666803,0.00023267750341513226,0.0002036180349640049,0.0002621825129767339,0.00013677627480831244,0.00024046186924694035
2018-08-06,0.0014103593254126538,-0.0010922323668494996,-0.003921921258615267,0.004706464200946503,-0.00661555165043595,-0.009531893767859624,-0.010719957697144426,-0.019424309657883596,0.00020694653306034752,0.00018521986927636717,0.00015376930632873627,0.0001599625531549508,0.0002615332724039972,0.0002409503517744893,0.00014435555575215129,0.0001967420962154187,0.00022421994978326005,0.00015725770747443887,0.00014457482157144205,0.00016205325127030188,0.00026763256066883744,0.00023179675095379382,0.00015281590782964413,0.0002168553483678647
2018-08-07,0.004552678635787118,0.0035663908760576804,0.01093322501639328,-0.0032831920289066187,0.0032730835203451563,0.010897517781703212,0.016410640974433257,0.00918349975630615,0.00019275837274531545,0.00018302391901503574,0.00018267583920523464,0.0002789474597587457,0.00027661542013645635,0.00019495697662429045,0.00014628947965441896,0.0002779449750345821,0.00017546188041495022,0.00019604901034370994,0.0001756042016460109,0.00026134714515551997,0.00029326152459706393,0.00021465788057656014,0.00014806601428997792,0.0002748259198483525
2018-08-08,-0.005595879401546348,-0.0036898207743917685,-0.011854042296263613,0.0060226857910606005,-0.010880257340867262,-0.009833071420621998,-0.01469780316453413,-0.02041832635206332,0.00013130950855423217,0.00012499923878056554,0.00016979033455358456,0.00021078745088597996,0.0002567995108758124,0.0002748350814389886,0.0001231571707364844,0.0002611554547765683,0.00012232554132489263,0.00012171666711364202,0.0001604264030631852,0.0002233664501909057,0.00026457284593119453,0.000249627002998943,0.00012209367667688974,0.0002386975191859774
2018-08-09,0.005887758208345493,0.008463970317890025,0.007175818857326924,0.016787425039585427,0.0098673814534711,0.01597445351063341,-0.0010646149557826249,0.003670992522239627,0.00019000292259612874,0.0001327598610885712,0.00015638666845900864,0.00021168266277446745,0.0002275407477560239,0.00025058150535292047,0.00018827690967572691,0.00033043136507313184,0.00020318525436170077,0.00010575111987266747,0.00013315320799276353,0.0001923479433333417,0.0002476011293136365,0.000269569294845853,0.00021566470227752407,0.0003643745760475902
2018-08-10,0.0025385417123661314,0.01219383078302062,0.005552612600376628,0.026267414350696964,0.02855209249893214,0.012338355829500445,-0.009771528043998235,0.004084472895215404,0.00011797505342827102,0.00016298619061041637,0.00016345963840607095,0.00015599435553158444,0.00020881663490221762,0.00029381767683383554,0.00014518347156617162,0.0002612749441188771,0.00011811537614725527,0.00014173905480743907,0.00015536233446577014,0.00015622536822586477,0.00019991339160223775,0.00025943396511362996,0.00012801331186255388,0.00027855267205889557
2018-08-13,0.0012240807777013606,-0.014651010868107238,0.010527188681864202,-0.0007652761853474966,-0.013532242013354434,-0.006902877913761379,0.009176465259018201,-0.0009744371617581705,0.00014205245949930586,0.00016522748876907897,0.00015037740892869002,0.000164550092352358,0.00026839434331064167,0.0002887112806144106,0.0001336555966943749,0.0002700048398036924,0.00014031961048546263,0.00015476800183018212,0.0001554889447771352,0.00016736210515399866,0.0002750752683758989,0.0002732749597100764,0.00012119866834111711,0.00030433362436454683
2018-08-14,-0.015495078426690083,-0.013249771041127406,-0.012833851960000548,-0.014708449048994817,-0.00843882417749162,-0.010578313432827282,-0.006630110464821808,-0.007981797329250183,0.00013294959656357568,0.0001274131016759049,0.00014218839341027713,0.00020065329449201253,0.0001852321218304436,0.00028051690963899604,0.00015586103133414432,0.0002319703379436163,0.00011306755171615504,0.00012116625682535703,0.00013646880426721326,0.00020828481096675104,0.00018337964548599398,0.00030202556655253143,0.00015324406440038197,0.0002242375479134704
2018-08-15,0.012347049591886396,0.01921178618999082,0.0025312014394344683,0.0416996935026387,0.005690768121853651,0.013526647386525786,0.007966236432680938,0.024907464342086207,0.00016028748428561536,0.00012579073752084428,0.00014048126844550798,0.0001921402462967775,0.00021711778328559197,0.00022540053048990887,9.363645781702658e-05,0.000189790161699232,0.00014254730181800259,0.0001188289826118109,0.00014087052224615032,0.00018971945813063497,0.00022406314553567307,0.0002451564492806657,9.253996301731643e-05,0.0001497143990904007
2018-08-16,0.007242172506493406,-0.0006248275808597749,0.0033853363244673103,-0.009011516730460575,0.007155220050744795,-0.014038816309822462,-0.007848998231830473,-0.002942982356425571,0.00010447009787734292,0.00015216023591410895,0.00013000232626061484,0.00030883919779396094,0.0002498073483319013,0.0001958595448209199,0.0001018819878112022,0.00015913830932022606,9.778111207528406e-05,0.00015027606789024691,0.00012313994024919721,0.00025194331706805825,0.0002646963731109608,0.0001959828495280345,8.29086347472949e-05,0.00016463003595521545
2018-08-17,0.0030744573255789844,0.010298349521998516,-0.0023855820902585934,0.0016154650426350179,0.003087503130876596,0.008155231186179484,0.001800872590584042,0.0067299713803088915,0.00016242190556242764,0.00013512304062351287,0.00011506051000237459,0.0003426696368984435,0.0001702183004988229,0.00020040427447471629,0.0001488076644293828,0.00020057621882889077,0.00016693725066120206,0.0001298159437870143,0.00011753299915038695,0.0003380986231871696,0.00016870853063136155,0.00018770288453803964,0.00017726935432134857,0.0002158126706960431
2018-08-20,0.012848875781130148,-0.006289274267352445,0.02717854539964806,-0.023467852249984635,0.00992326255772603,-0.005304450474356402,0.0059297343757318734,0.03703131906690442,0.00016341421796590953,0.00013929926379186214,0.00012843140554331419,0.0002840842247055041,0.0002720638625632374,0.0002065299332799535,9.865356819497534e-05,0.0001535459350843259,0.00014797474599644158,0.00014468589820432605,0.00011882097173979202,0.00029624543382445395,0.0002504306928129486,0.00017794873203555314,8.969730160715389e-05,0.00013201261325054153
2018-08-21,-0.00761029232780451,-0.01877847180085794,-0.00689175534896935,-0.022201783167719206,-0.02018638969235311,-0.00335284528150546,0.01739731061142971,0.011268789544425466,0.00015421536232966004,0.00020173933431562926,0.00017984139143757094,0.00028045852971234325,0.0002529030448230928,0.0001722138421642176,0.00013136383544578648,0.0002135818641219497,0.00015887052099095405,0.0002116935896157395,0.00018289608612902236,0.0002945057107514994,0.0002672921019831518,0.00016883836980418593,0.00012980274860908996,0.0002410779809254455
2018-08-22,-0.017864185037570715,-0.013600797097122846,0.006229232589098585,-0.019129502004018025,-0.018813225602686105,-0.001233736348483296,0.02796498562653619,0.011632013038305921,0.00016163261685856674,0.0001722414754023458,0.00013715940041840149,0.00026899067268508617,0.0001831584253814805,0.0001932454314963709,9.741712301040945e-05,0.00026110614959728485,0.00016449465968162907,0.00013568255680885015,0.00014284957887498236,0.00026627176449691683,0.00018816417064557238,0.00017801368581803033,9.254915208727837e-05,0.0001970039498383293
2018-08-23,0.017828887653849858,-0.001324228798960027,0.024632272937058258,0.009249602692242058,0.01657413295243234,-0.007527397119957212,0.008427224220106033,0.002908358904257102,0.00014750140146591354,0.00012048522895422363,0.00016080434353348016,0.00029023067051257417,0.00017399021810160314,0.00018324608661748646,0.00019767498091205238,0.00029428053792419245,0.00014621826190030346,0.00011855046452233527,0.0001571898803008829,0.0003235913018972642,0.0001764012927284712,0.00017393253681814862,0.00020073706784350576,0.0003083261745129689
2018-08-24,-0.00018450939406382467,0.0030932033421106108,-0.003526156760925461,0.005052754550938989,-0.002964852594103254,0.004755845694630471,-0.006114690686395416,-0.006389115574682036,0.00015831217279073053,0.00017741191310166054,0.0002553225718329903,0.0002653124279065197,0.0002330620493204285,0.0001565508647850413,0.0001578332719568841,0.0003039694650474352,0.00015916858933320792,0.00017448847527711553,0.00026609254756255254,0.0002550884164582518,0.000232027524277586,0.000171120262961667,0.00012688079541880307,0.00031507009568229176
2018-08-27,-0.0041780481964073714,-0.012401468650290227,-0.0025038369959633562,-0.013767274778917338,-0.010563974869616743,-0.012881552683681923,-0.001325947827137136,-0.009355088312794798,0.0001507625742184329,0.00018003128052659188,0.0001714879971301447,0.00031612063095611714,0.00017381177539258435,0.0001197942285475992,0.00017690377616228072,0.00016720059483933122,0.00014173203333230688,0.00018838823882628725,0.0001837393489218908,0.0002947931014008506,0.00016305825396844596,0.00010688357726766554,0.00018931160490744025,0.00015909929779213479
2018-08-28,0.014965246109714732,0.010016850222791734,0.006535651246653526,0.0023986256712669922,-0.007888230919891702,-0.003763875293991096,0.022045964058048356,0.00894278964211825,0.00018492536685762984,0.00016775763844245064,0.00017661964203757335,0.00022987906819703192,0.00024769355431205286,0.00018550811054280923,0.0001699972056861637,0.00025485298632106764,0.0002003630855210175,0.00016095090382186783,0.0001981058936280325,0.00021135939204126888,0.00021229449906838202,0.0001725958202569407,0.00017889911048172974,0.0002222465694785961
2018-08-29,0.013289354398087825,-0.0017272326250713133,0.027347562322753042,0.002564421861691472,-0.012135559962938355,-0.00834023907504809,0.012973669437514306,0.011430653708270132,0.00017500677878478542,0.00017745000662539484,0.0001237429587018602,0.00029419516615378753,0.0002709698495134246,0.00012940953957186628,0.0001369243478542036,0.00021456962134679542,0.00016354431688206123,0.00018755144750229322,0.00011711376788061512,0.0002692435163138587,0.00025074490343553977,0.00013465103249634224,0.00014090660347954468,0.0002347639547952723
2018-08-30,-0.009067676437281624,-0.005123703408758947,-0.015542827465290883,-0.014705038170447438,0.001329140279783941,0.004297489218135475,-0.0028877552437330837,0.0034517357085060434,0.00016431056801707788,0.00011327932765925552,0.000209265188333462,0.0001845355847829944,0.00020578681127239633,0.00013195482205687281,0.00016673258287801758,0.00022955065079444546,0.00014970686185872815,0.0001210170290545962,0.00022448881169816876,0.00017848346202380065,0.00021939468364816063,0.00010096502786256664,0.00017280426819069717,0.0002269330656139682
2018-08-31,0.004921776979999819,0.0020701812023080505,0.004307050635790076,0.0039005779208394565,-0.00014996620775809444,0.003391849096732151,-0.0035220150869784356,-0.00024137084702323869,0.0002429312661566452,0.0001712859447339332,0.0001906266361863121,0.0002670649826924497,0.00021419925580899444,0.00013853676364758644,0.00012324194516064783,0.00019421739904932071,0.00023981222845234016,0.0001800935256218335,0.00019920155765999143,0.0002623289144959379,0.0002317175661859282,0.00014203635853921227,0.00011866634596608295,0.00019209671747819608
2018-09-03,0.010799750664413504,0.014306691704021891,0.0023553461053096403,0.013001228578362674,0.004629412619761267,0.002122248474673373,-0.016873535655300358,-0.005673137954935121,0.00015948416510454266,0.0001610839530889253,0.00022492976898838373,0.00024292566352059687,0.00020773280751775584,0.00014612616972414362,0.00020417851603757921,0.00013813650549749032,0.00017471761889901446,0.0001612468203447694,0.0002463021364879288,0.0002382815788737841,0.00020094978720557643,0.00015231730876872818,0.00015391347559668445,0.00012013468626139753
2018-09-04,0.0018843197200264748,-0.002657679687910634,-0.002852584380364001,-0.009825356148178338,-0.0004761945717910857,-0.0018050969852565582,-0.00608537737813817,-0.004367288143532821,0.00014382324193682345,0.00013183178476162524,0.0001905979228678999,0.00020528437927116812,0.00016365914658755291,9.975596356723052e-05,0.00015014464681046698,0.00016329942226270334,0.0001712813734709584,0.00013600586830164776,0.00017359178058904198,0.00020467694570467371,0.00018144919441363848,9.3278618860201e-05,0.0001456732669938968,0.00017995437614568626
2018-09-05,-0.013385139444453761,-0.002344945259449013,-0.014846097397919533,-0.010780006252743073,0.0003645529985783141,0.006972475970631489,-0.0008362195036906669,0.006421489759255001,0.00015290617190630968,0.0001490600649876129,0.0001845018661198071,0.00023289013553283783,0.0002280823593209231,0.00012217724448687707,0.0001356797564507997,0.0001570051756906436,0.00015402076788730815,0.00015276252573447042,0.00018919776104855179,0.00023523627227242238,0.0001988967787493462,0.00012876873008837647,0.00013293455931447207,0.00017318673260912658
2018-09-06,-0.00958275958923398,-0.009596047559808762,-0.031220532311800244,-0.026238867844576238,-0.0192906180417774,-0.02028581309695058,0.006629698293062453,-0.008796039513380984,0.00021782032051870785,9.718705451538231e-05,0.00017965967998761614,0.0002073065894850405,0.0001601977065239848,0.00016015878310295478,0.00013087553802395817,0.00017335918676343368,0.00021042888349079316,9.319295098526438e-05,0.0001703711381525644,0.0001998473540883366,0.00018099017060201457,0.00016269737110572802,0.00013528892180184016,0.00015807782617790827
2018-09-07,0.001415143427607107,-0.01005180025013648,-0.004661165516205154,-0.01792945060969117,-0.012883131045057653,-0.001978683120991335,0.0024261545110616407,-0.005666879087423216,0.00013989039008123605,0.00010614421378928074,0.00019540139882881277,0.0002684150715281674,0.00021056836149534544,0.00013543764909851989,0.00011652254718807088,0.00020077709885886109,0.00014521733113117348,0.00011337588894998969,0.00019593046395384087,0.0002587224288514182,0.00019270504464712968,0.0001257065025595804,0.00010867922673771195,0.00020093653252534367
2018-09-10,0.007250834184577828,0.013595817708896013,0.02021322411757802,0.00865442776789559,0.01187206040737973,0.008685027412322445,0.01608786521872543,0.012354026009498937,0.00018478175668179146,0.00014603427899834308,0.00024527051519048214,0.00026885254748019413,0.00016310239779788433,0.00017396259970623717,0.00010512564900747615,0.00012781206999396827,0.00015970333193166585,0.00016984967109506924,0.00020846762727948418,0.0002938338141653455,0.00017541535253192696,0.00015759589248331277,0.00011684727098102825,0.00013975211812660725
2018-09-11,-0.007320763024833265,-0.011332024575458437,-0.010796128931764072,-0.025681829177654172,-0.012745921162084428,-0.02010164542343206,0.00010642767907737563,0.004880993827209523,0.00014994474461182923,0.00013373923739305952,0.0002554195144829,0.00023622187358220806,0.0001848952204234654,9.157846823196852e-05,0.00010487052223088528,0.00015455568975337482,0.00015118238550765727,0.00014388024176618293,0.0002299423375883988,0.00022489774487357422,0.0001720066523200242,9.330455930754479e-05,9.900461348012949e-05,0.00014932390032089746
2018-09-12,0.004171006366843513,0.006760124071270736,0.0004851662282603698,0.0032461816878337447,0.01023701385409845,0.0015851658301415964,-0.02275836083397753,0.0059621882711010845,0.00011544790410637637,0.00013667182850246655,0.00027850772639665316,0.00028741599317384407,0.00017623185744101825,0.00014407248724906133,0.00018728381646628244,0.00014903167344346225,0.00010769679597572117,0.0001471431998131252,0.000267752721838705,0.0002515894776969622,0.00013844552278113753,0.00014013811559493954,0.00020992843179610304,0.0001337984963054518
2018-09-13,-0.0012917822846770359,0.0023340398349833962,0.000375574906096789,0.006307984967448419,0.007139548643136018,0.007843655157282131,-0.0016470649805344437,-0.006513960769973977,0.00014853328229234186,0.0001384558260563228,0.00023893155933354696,0.00031139820767449837,0.00014995579327714713,0.0001442483595931955,0.0001518537538123274,0.00021138432635442364,0.00012660421880289905,0.0001493256213420932,0.0002146131124644452,0.00028354375935062733,0.00014531599704372883,0.00016227499295621862,0.0001470694301889043,0.00022866979634218713
2018-09-14,-0.02947725169511221,-0.029189003271302385,-0.01579253285619582,-0.028048430460488896,-0.014600143962289407,-0.019876611966814995,0.017879078598929187,0.006044803950682893,0.00013905437706869734,0.0001250523796222134,0.0001942979019989442,0.00019724282390371997,0.0001961264293101195,0.00015563401623582682,0.0001490996968712668,0.00013210885716143718,0.00013527423273872695,0.00012613077801120894,0.00018070105408873457,0.00020376846475525314,0.00016673723189458692,0.00017347978993465202,0.00014089567020456381,0.00013089599168628977
2018-09-17,0.0033107289769975165,0.0011037755391158945,0.024107842664580728,0.028663919720156368,0.016933603597235822,0.004795360462351638,-0.004603497324310097,-0.009165081388579351,0.00020899372840088348,0.0002052565561720132,0.00021882829950660172,0.0002943543551837794,0.00015388923333146232,0.00018952705048195197,0.00013572623076372429,0.00013174053757263298,0.00016246067349858122,0.0002278580681755701,0.0002149385701298995,0.00033098998527635265,0.0001369295595904893,0.00020422965584964567,0.00011822454207941644,0.00014388988736307865
2018-09-18,0.030261742276872634,0.03117864095316618,0.012872104560001263,0.02476968573925967,0.023103125692438893,0.0131619384697901,0.006597710902058966,0.012763625862836596,0.00019544598574414702,0.00012860216392215188,0.0001939934136005938,0.00031707404843389023,0.00016918044448048812,0.00016704352122339365,0.000184378730097466,0.00010499127887451895,0.00021637220094827768,0.00014566499986991513,0.0001837955046444086,0.0002935902590264145,0.0001598358384680789,0.00016086040087595483,0.00022043544262373579,0.00010176514779230702
2018-09-19,-0.00914925453552857,-0.023122459624235498,-0.002809203392713966,-0.01454549348236225,-0.011955517060413841,-0.016158429735737643,0.0004536683212575869,-0.00602654940301839,0.00028853808656954973,0.00021818192411321002,0.00018507209307666627,0.00025449208415087696,0.00022644397223812697,0.0001848749525203989,0.00013729259999768813,0.00011160477107748951,0.00028176166853935327,0.00019075979413301733,0.00018923680595896495,0.00021671442663822622,0.00021680501769795,0.0001749861511811965,0.00014836869745718935,0.00011062362356700953
2018-09-20,0.005771190975173711,0.015934423482182988,0.004876470979034362,0.013878296661181462,0.014630042371541899,0.012388141743786534,-0.014036260298092879,0.005791650731079656,0.00026668014699464046,0.00019863066692814152,0.0002431820703272972,0.00037072925784548984,0.00015754668612245488,0.00017545868468338703,0.0001786520438681681,0.0001571189273657863,0.00030604362838644236,0.00018580574151308107,0.0002485270341611865,0.0003847979296397759,0.00016269024164851457,0.00016640811013747273,0.00021132589752590521,0.00014049813558074088
2018-09-21,0.004057366338398834,0.013046569602388765,-0.019201089865017007,-0.009704395780700013,-0.01193229968301898,0.019962503065401344,-0.005311053262270237,0.0025418185629197355,0.00024114779600086016,0.0002550180670597884,0.00022069212258046084,0.00031620606671894187,0.0001644925543328268,0.0002158487821159181,0.00017887230504874864,0.00010607538985545031,0.0002362228240742975,0.0002460342380970952,0.00020622180462318013,0.0003330042477336997,0.00014779127129721124,0.00020946259885022046,0.00016268857214872824,9.209110602028189e-05
2018-09-24,0.00553431387501754,-0.006836202128530604,0.00427404630878192,-0.0036311745105266904,-0.009505552597687122,-0.004673005801856036,-0.0050168747475801126,-0.0177491658985305,0.00019859502586107568,0.0002641479972807874,0.00019801322777636816,0.0002535264209050679,0.00015121783558184835,0.0001413042861658034,0.00013699257140447515,0.00010680931875858925,0.0001955246263606372,0.0002666316101112807,0.00014571932979770292,0.0002706093775168787,0.00015416004928529668,0.0001445182004862087,0.0001415424158422464,0.00010356661948980745
2018-09-25,0.006619067294909737,0.017032465599837145,0.0026443029550432054,0.021930254557161973,0.00837946358110025,0.0178207064339873,0.004619765584443275,0.006963898295604719,0.00016832411099797258,0.00016902799776851972,0.00017613313505133535,0.0002822715620749067,0.00018766279920671877,0.00019851232935550505,0.00011609787579598736,0.00010853759836339091,0.0001564824040989967,0.00016268373472857177,0.00016963493814493082,0.00029123499686107624,0.00018890573805541665,0.00020606851034067023,0.00011487838907427128,9.143465392890639e-05
2018-09-26,0.003806861171783447,0.0005155514856315456,0.010104546484439815,0.008969437764491767,0.0038519536797238362,-0.006746551951942641,-0.0029196873681594997,0.00041541986769183634,0.0001913531858562205,0.00023380948619936668,0.00018693230345689845,0.00027718587084458546,0.00017732862912473398,0.00023852499691993841,0.00011945279314654555,0.00013525707959980137,0.00020593858748652288,0.00023148356816398764,0.00018435343100529856,0.000229197064917719,0.0001892915046098304,0.00023176885463265033,0.00011666016341940696,0.00013448955893405814
2018-09-27,-0.051543966733099106,-0.04691862482390716,-0.024133649956408827,-0.02115381637581501,-0.03817174977188833,-0.05582586275561739,-0.011516629905858397,-0.017663051662867663,0.00019803999845609976,0.00021962821665061602,0.00018091088488830526,0.00024474552374489716,0.00015000554949378984,0.00022255223388508723,0.00013566336612617197,0.00010506719660555566,0.00022211693247048563,0.0001949713261305178,0.00016187137794941575,0.00028360341433810495,0.00015189988957050685,0.00022280841323113728,0.0001353201346133334,0.00010951600958216702
2018-09-28,-0.0039023325278219876,-0.013176457808173815,8.873786021301955e-05,-0.013896304579254578,-0.01909939838983877,-0.005051125022026429,0.004287453910636454,0.00020776692688145984,0.0003007113467227799,0.0002524878177084655,0.00022980581466856807,0.00036517663601562205,0.00020326691295416454,0.0004784961241993049,0.0001204335791070172,0.0001449615717747276,0.0002915454127157804,0.0002648358768736004,0.0002266863484627782,0.00035702828895142183,0.0001944928831468087,0.000544195411722577,0.0001129250862925046,0.00015990284286381476
2018-10-01,0.03609592316092328,0.02811475504230679,0.006965273911791301,-0.012545826774717512,0.006660936331695729,0.013115846697731132,0.012221616726015546,0.012932736247234204,0.00036138486220382577,0.0003449435047588739,0.00018036938703653923,0.00029926790627184184,0.0002901914743666205,0.000341005669759912,0.000136811155991695,0.00013017905372771234,0.00037998539008617723,0.00033584732898798135,0.0001589044220662878,0.0003302612582882434,0.00028517409494913885,0.0003575407203904923,0.00012240241338335676,0.0001152800896056232
2018-10-02,0.01961583709942652,0.027108187857449607,0.011766791563534846,0.024039271292979284,0.017104781113605378,0.008720018705828933,-0.0012480602257577075,0.007234028658541164,0.0004884845715047113,0.00041083994895660836,0.0001955049702226445,0.00018828912910355363,0.0002786098423239341,0.000346841829202784,0.00015916996071565538,0.0001209094640545077,0.00045998333887907076,0.0004067626198946934,0.0001769177700524949,0.00018679161619522926,0.0002237855409601753,0.0003166786843630674,0.0001686095870241557,0.00011521930938084695
2018-10-03,0.02959224126999258,0.008593270783178451,0.0007547467475683724,-0.004242373560989736,-0.0031030330970191313,0.007620827637356934,-0.0019748261135907994,-0.003216414270776133,0.0005051305918708966,0.0002987041595271034,0.00018202595886914925,0.0003388373350029466,0.0002776824564640319,0.0003374189330244608,0.0001162277366841356,0.0001243771611666955,0.0004928513152891947,0.00024193387280271517,0.00019538190389557425,0.0002842596272164493,0.0002700105182273741,0.00038899436076867685,9.823930649632281e-05,0.00013880570749516763
2018-10-04,-0.049509864132943025,-0.018353208476804793,-0.011360868801773668,0.004803258510449644,-0.010201935555520167,-0.036235733859859454,0.0014552994217994207,0.002440430207251219,0.0005109235888232251,0.00035596277203977876,0.000162374111116107,0.00030508341217917034,0.0002320518787230549,0.0003427979208332903,7.416785274421958e-05,0.00011922873006681129,0.000515124074505751,0.00037222160333214173,0.00015081271146470115,0.00032144632962840066,0.00020651787568032253,0.0002953062125754315,7.195754940799408e-05,0.00013098074716759098
2018-10-05,-0.00154605896838866,-0.006306260758807995,-0.00653877756177366,-0.014245770470264624,-0.013072010539823976,-0.011559025484574773,-0.0012599908025871446,-0.0022572854008891634,0.0007818878888009444,0.00037114803500955826,0.00016247388428549455,0.00027175197964296834,0.00019495384540993072,0.00043942373686428247,0.00013441923928542144,0.00013814135660745474,0.0007950657697705553,0.0003914753039894642,0.0001507321128242682,0.0002834364035451279,0.00020644461142988675,0.0004587479026484454,0.0001284655048779858,0.0001531424399761476
2018-10-08,-0.022027933287626006,0.0011437383559729569,-0.018371074455334657,0.004154212391111906,0.008466134763948635,0.0017149233500123088,-0.0027915973642277108,-0.004158702733182348,0.0008215638664122752,0.0002563048733059119,0.00017014106456842004,0.0002572578593626557,0.00020806007774057587,0.0004403512703172833,8.987927868361484e-05,0.00012051907958941097,0.0007467577779341752,0.00021866570649144114,0.00016511596863124828,0.0002636049302641599,0.00021900814874278683,0.0004820158110933664,9.693071621016467e-05,0.00013004288555549352
2018-10-09,0.024432771450101184,0.014088752664911603,-0.00048051131418789893,0.004105863488526087,0.0037616894479242007,0.018175206365786168,0.009072611812664133,-5.70964054506639e-05,0.000661920506856498,0.0002896287119482941,0.00017544624975114658,0.00021739575580232004,0.00019369562855828332,0.0003691862766876187,9.656315673388885e-05,0.00012420968870919925,0.0007430220977951217,0.0002965238907458529,0.00017017735241372313,0.0002150818949729727,0.00017270153632193707,0.0003304746171355783,9.706580810951315e-05,0.00013745879561636153
2018-10-10,0.022201430894426274,0.022960366468671785,-0.009291225145281393,0.007924495018460622,0.009784399273306639,0.01772291632896288,-0.003018920102765677,-0.003640074689379417,0.0005198367365591612,0.00024297772515803273,0.00017583663473597931,0.0002375505861307888,0.00021607699637229486,0.0004065473637841381,7.637046303947665e-05,8.775242766084846e-05,0.0005510199694846054,0.000214425379594541,0.00017272461074645555,0.0002628924596785122,0.00023252005873174064,0.0004125453636746846,6.948077068625619e-05,7.955553651916256e-05
2018-10-11,0.06983837772064953,0.03204629954927073,0.02937773743482462,0.00981091174173055,0.03218106840865053,0.05096783767065392,0.011001647627997196,0.013538855359862899,0.0004919428084437185,0.0003764928921497081,0.00014431100087133417,0.00018583681892378018,0.00017300051355640346,0.00029753686233729325,6.934985574242246e-05,0.00011273852163012747,0.00047857380839436554,0.00040936604062944315,0.0001515670727216336,0.0001931919464922581,0.000167877996351711,0.00028744003025651255,6.551026275185871e-05,0.00012715518756308355
2018-10-12,-0.025900161647814512,-0.017125076251534758,0.0044721333768094436,0.0038985750671566162,-0.002774061396711631,-0.008862777369004048,0.0029997105728134924,-0.0026239833510839712,0.0010614518758470947,0.0002743706650453987,0.00022511866000954534,0.00017818688649793327,0.0002511141080840067,0.0005855451142724069,0.00011194346348934868,0.00010817423773607513,0.0009511662820599215,0.00027465430361638945,0.00017784664232462196,0.0001790978421209294,0.00026668723684313234,0.0006001394500007493,9.606727028441026e-05,0.00013706389675907828
2018-10-15,-0.0552043588884468,-0.016229830551798868,0.0024882187068602387,0.009911374272953717,0.002331991301253724,-0.0239935770174114,-0.008672109893887631,0.0095693702672112,0.0008975509544744428,0.0002863397426823198,0.0002545634469646993,0.00016684723635078809,0.0002531953689977287,0.0004572439107791862,8.874906550306242e-05,8.05114083934497e-05,0.0008880106098264275,0.0003168853506549644,0.00023463074093795587,0.0001482000354403102,0.000280682056685948,0.00034471180039999545,8.64746318093613e-05,7.622184237391123e-05
2018-10-16,0.003971391967453769,0.0017973425416929912,0.00035127581550746414,0.010192490495985166,0.0065584395232358515,0.02563819710971273,0.010060181897374393,0.0017208893663343376,0.0010039483891389764,0.00035452610896181833,0.00021534268141389147,0.0002417279618600246,0.00021344554647182592,0.0005625937097067182,8.570962141126487e-05,7.826430212837636e-05,0.001003364077293676,0.0003572465388884409,0.00018783685194886823,0.00022123101631195681,0.0002099517710570889,0.0006334191106338563,8.970859844225977e-05,7.102699346195714e-05
2018-10-17,-0.020640939357652727,-0.007524676152903187,-0.004191399053090892,0.005494131296426108,0.0023854350925777605,0.0008419054903210891,0.00273762175053818,0.0012806467322241182,0.0010072994872403892,0.0002457911102430116,0.00014294381255244506,0.00016141487603815374,0.00021618260439451616,0.000550471135807971,9.929807247721922e-05,9.447166582512686e-05,0.001046913694862071,0.00026140841352939484,0.00017222987174931632,0.00018067256218291252,0.00024052851457830127,0.0006123555141848283,9.59328855383927e-05,8.959877590820125e-05
2018-10-18,-0.03563204157805032,-0.020222344829623866,-0.011785078286004983,-0.007877809309611268,0.0028667475259269853,-0.012554694616329663,-0.01246227330532717,-0.009588122790562526,0.0009651260575192682,0.00035180410645719787,0.00015954623133040757,0.0002147573154622948,0.00021295540491902856,0.0004985149799430835,0.00011354513117246734,8.890048680077983e-05,0.0009120283199242647,0.000356763444433498,0.0001696238366522371,0.00019865986582430115,0.00020945274742971228,0.0005339499577917112,0.00010620270890897347,7.440056092983091e-05
2018-10-19,-0.01976109869333701,-0.004894379386204344,-0.01057306184978327,-0.0017076559781583909,0.00898072683177661,0.014459801790007698,-0.00037425605218125026,-0.0023397348826496387,0.001051248215704309,0.00026771586873629457,0.00017114897760495847,0.0001384190501247868,0.0002187570922070213,0.00041092117176316334,0.00010007942600188375,9.368330789276859e-05,0.0011622604532121419,0.0002985625009083401,0.00018420764158912586,0.00013429120017976822,0.0001917024047951835,0.00044990456230621786,0.00010267636621828189,8.060906089018603e-05
2018-10-22,-0.0024138102016271353,0.005406100740117297,-0.03140285031910276,-0.0029274454876369225,-0.008380320403739039,-0.012754462499740098,0.008366546231277965,-0.00462866332079607,0.001160875492917029,0.00033113179715635224,0.000122939510250973,0.00020533289325446542,0.00019430039791254567,0.00041313379823589854,9.779369489827718e-05,9.527589290924399e-05,0.0012040668683272247,0.00037256501604555924,0.00012425172664668797,0.00018006188106637377,0.00016943901702771,0.00042519224936502577,0.00010568885997585844,8.231589351199577e-05
2018-10-23,-0.03829456085735676,-0.048629180696354544,0.00019866491328538212,0.000987575270168013,-0.015555529349220868,-0.01872821330056581,0.0010623303306429163,-0.021766819122095826,0.0010031502509577402,0.00028493430815366874,0.00024634467018456297,0.00015485871427955669,0.00016326748276209775,0.00038787570737236336,0.0001108762501448053,9.294516731623363e-05,0.0011107852623527337,0.00028980739667845045,0.00022010803249035573,0.00013616674335099554,0.00016823643225603527,0.00042701436874345816,0.0001263186711077382,8.664763470348476e-05
2018-10-24,-0.004296186239514768,-0.003458457409835844,0.009177030485964745,0.0119356438090854,0.0109326872739799,0.006284920641102775,0.006740240563490538,0.003742639812274875,0.0007747306064875572,0.0004708851565549478,0.00020319030121123915,0.0001434440847012317,0.00023453460944335727,0.0005068860900932896,0.0001041016488207461,0.0001381124379902742,0.0009506676891417186,0.0004357582226540461,0.0002148435445549497,0.00014280102051864957,0.00017355626330424503,0.0005083001047474947,9.61237419858961e-05,0.00014608052133845766
2018-10-25,-0.0007048346439519423,-0.007774503868716107,-0.009953777941336183,-0.017130090597563097,-0.01305782365644183,-0.007152004406110376,-0.009134050353793733,-0.009817115809875513,0.0007978648923917803,0.00036514685554442166,0.0002499654785864117,0.0001613106291039002,0.00017782946094915646,0.00025326329262142307,8.751936025593842e-05,8.884833533511432e-05,0.000818449226114204,0.00032511845172118146,0.0002376468757630388,0.00015400356979150643,0.0001867561873121529,0.00025471705194176757,8.014919357748056e-05,8.846942465480547e-05
2018-10-26,-0.013657762143383656,-0.004881293280601179,0.0020365912609333963,-0.01114539691295048,-0.015129977878349785,-0.015236027054230241,-0.010770267242030573,0.006377315033383514,0.0007082259597302243,0.00036586540176131025,0.00020284809070721793,0.00013787354724655571,0.00014875579185838004,0.00039757192231856017,9.25368848132391e-05,9.248881061724641e-05,0.0008560918658290954,0.00038932090020639507,0.00020127951449748063,0.00013918471265650167,0.00015533480395929635,0.00039534591006347853,9.97141694537677e-05,9.089923868803133e-05
2018-10-29,0.01764428955824374,0.02166832953455849,-0.005136831138455353,0.0028273859616681552,0.010095293442099444,0.0007609816028650003,0.0038858110641835923,0.00029198437955081115,0.0005732256634710692,0.00035803230981353696,0.00017239436365005395,0.00016881241865631584,0.0002095678101172377,0.0003287670338821063,0.0001057506526856435,0.00012169812037751378,0.0006247428086336088,0.00033086792023569,0.00016372765918660183,0.00016497204213064047,0.00020387712504337752,0.0003386129059872571,9.31270903230219e-05,0.00010982035838816828
2018-10-30,0.00438904275462936,-6.0628354618153164e-05,-0.02848224283618226,-0.020570956779486886,-0.012318981062975999,-0.0028764350865561673,0.003989853818017076,-0.001470759337673918,0.0007001859255365781,0.00030711522357015843,0.00020257294119308176,0.00014532818421136463,0.0002164375833196621,0.0003804588813492074,0.00011477276820402607,0.0001008311983810221,0.0006562190490331454,0.0003215271848028348,0.0001901584925837535,0.00014151090647506457,0.0001917394848410808,0.0003467864310323816,0.00010531737119105517,0.00010361987705362384
2018-10-31,-0.009753352693388192,-0.026759334970276685,-0.026056978042331494,-0.01008672795517019,-0.008160622807193733,-0.009712600436427342,-0.0038017986867772387,-0.026603079698662293,0.0004843669576788344,0.000350259628522838,0.0001968330119248531,0.0002003040205253182,0.00020124729693667522,0.0003046871499846622,8.060917653164351e-05,0.00010684710047427404,0.00045967743640399445,0.00035428409624928,0.00022844004570753907,0.000169801352114375,0.0001903079769152665,0.00036032519903305327,8.278963860997927e-05,0.00011087757200630746
2018-11-01,-0.0067759490483819945,0.0030821588546439222,-0.0007507586529411881,-0.008441844840518993,0.005298837117721471,0.01452016723657204,0.008013996219434003,0.017035225508441075,0.0005071359761354977,0.00026296140294918273,0.00027364604822272383,0.0001517490649858531,0.00012628879267754506,0.00029604332030674804,8.950925105205366e-05,0.00010663099767916521,0.0005510012413288067,0.0002647501883227813,0.00028411031385032275,0.00013089344474894848,0.00011099916602731071,0.0003113761985651332,9.166847291489503e-05,0.0001241462874378437
2018-11-02,-0.013768774104870036,-0.035797610296236106,-0.03629145079714019,-0.027474997150510397,-0.027810539864357196,-0.034258262438651085,-0.020399094022716963,-0.040718383723412625,0.0004778944634666388,0.00030930160813154127,0.00023083703605339837,0.00012577440286922156,0.00015637371005125257,0.00032216137297163015,8.971658732691636e-05,0.00017519357695816584,0.0005219994848083377,0.0002776011101231126,0.0002180573301300569,9.30179520519079e-05,0.0001606503459299918,0.0003783613979955465,7.973210041813274e-05,0.00015406878056497782
2018-11-05,-0.02278581877055272,-0.020117705970083218,0.00613108042750294,-0.012709606422774739,0.008627095345600294,0.0033063176553436995,-0.0020867725664884614,0.0024304051224789697,0.0004956959882079584,0.00036788634133406924,0.0003025772212111604,0.0002408865219610366,0.00023872438473018106,0.0003281161397093837,0.00010077901528611659,0.00022557203037168325,0.0005361346062999283,0.00036641886319732777,0.00029538012930027365,0.00024113168945369922,0.00023069956958574823,0.0003372904258055691,9.871554832668589e-05,0.00023883145456508404
2018-11-06,0.010328020488471888,0.015937023908147753,0.01600375063830743,0.009307475447515881,0.042927596919734454,0.04153115235687246,0.021754847253034424,0.029970510968878716,0.0004700603869863752,0.00038912435844998706,0.00029212033961771583,0.00013672399480242484,0.00021229855366487822,0.00029277691532102315,0.00011211548407363656,0.0002509657466600341,0.00045642445934866016,0.0004007146451722482,0.0003026516508177145,0.00013070167697545385,0.0001896424773738194,0.00030400844120540444,0.0001011742159227934,0.0002712947191965809
2018-11-07,0.0378458501655312,0.010778724398698371,0.01260756253995648,0.01066306687208784,0.0050551051337993464,0.016264696876510016,0.02126064768010251,0.0038030025888839375,0.000346674171811439,0.0004038186979088162,0.00030573924653122113,0.0001973245749200581,0.00031234143358267437,0.00039657016257687314,0.0001224235231138118,0.00037705203323963246,0.00028772208434911696,0.00046168059227009246,0.0002987537237135496,0.0001961048376235655,0.0003266540585314041,0.0003590848099746847,0.00011996901484014366,0.0003745066204424517
2018-11-08,-0.020606418334048915,-0.013664575023353543,-0.006519973329776402,-0.004300935213180538,-0.010674312069616906,-0.015404366872367552,-0.005012159730795134,-0.010412288131152185,0.00071209502030287,0.0005088839445400927,0.0002787408732107863,0.0001904443336577839,0.00026982880912184847,0.0003700461289582614,0.00017742923263439138,0.00026314047996038863,0.0007154214641314758,0.0005037842150184787,0.0003002137848785828,0.00017667510629264404,0.0002403292111961283,0.0003776558504712166,0.00017001981878859662,0.00023026502238103694
2018-11-09,0.009122121310877456,0.008400120807762758,0.019832893258597797,0.004401979439579494,0.008417183468333415,0.020752267391171232,0.0064511311263370725,0.00763473512767523,0.0005038146397957913,0.0003680906258081926,0.00038203082742939876,0.0002018618780206871,0.0002692001023987799,0.0005513758907325731,0.0001388944949976521,0.0001971868302168947,0.0004242454306875566,0.0003507774831451724,0.0003728831323764284,0.0001799807016708723,0.00022723715942017008,0.0005307300166103007,0.00013147170815186967,0.00021282451111041703
2018-11-12,0.03273695399149749,-0.0024103003299316013,0.03189030145522962,0.00016389197107234642,-0.003697205988147094,0.004183734082345532,-0.013487781213780494,-0.019132891200124666,0.00042779639800133207,0.00032941772592919786,0.00022662270732402615,0.0001239878154003779,0.0002280387103410594,0.0004416397602357681,0.0001308480361965879,0.00026675538460380755,0.0004659670757687892,0.00037323797993802466,0.00024618123968023117,0.00012633989702904116,0.00023697904438383383,0.0004779421957982649,0.0001446560857223277,0.00026081603014292465
2018-11-13,0.021972560305569884,0.018431744693252032,0.022211880885191354,0.011676254221647283,0.005238502794409809,0.007859067527129658,0.010148752571606816,0.022836861334041853,0.0006113079059107767,0.00023082088291198236,0.00035280034767594154,0.00014524960867315823,0.00024395677191144232,0.00046986334377074624,0.0001405251925161049,0.00016762782176297266,0.0006040605632540657,0.00023741178907519468,0.0004086878127319205,0.00015891139752992036,0.00021084959253891267,0.0004552121647818576,0.00013748815328125556,0.00014356103151985376
2018-11-14,0.00541727742394834,-0.003950073836108864,-0.0016785834201192987,0.0016321291589999737,-0.001028265807015654,0.015119347850367847,0.006140257934347714,0.007982310775732979,0.0004022856472207541,0.00029640367904417293,0.0002706836942733023,0.00016183735796010946,0.00020299188465503805,0.0004402880441118674,0.00015190376318679962,0.0002529998690115003,0.0004131111952377947,0.00026051816113267253,0.0002574520184232404,0.00014011168590797503,0.0001957604573218434,0.0004832202119566532,0.0001549471315256331,0.00026653052644406863
2018-11-15,0.0169528186836074,-0.003207782554450462,0.011792953805903858,0.008143410581182087,-0.0008912374081398737,-0.0021736638799935803,0.001023215474086988,0.0022058037632233895,0.00033413931902786804,0.00022309774516862945,0.00028754257472021224,0.00012820610284130964,0.00026409351976876716,0.0004403594164209005,0.00012339616961776586,0.00025755290611670703,0.00027526248110239265,0.00023283306260946503,0.0002410086820794435,0.00011499525421962696,0.00022286574395433543,0.00045755193266099373,0.00012716583998065227,0.0002551702846105113
2018-11-16,-0.02567618549453494,-0.027495548263445573,-0.0221375954876963,-0.028546223878710045,-0.02918066199739136,-0.03406009620816606,-0.004813729969695876,-0.016108554489485987,0.0004597684893583268,0.0002682130915411294,0.00037424123368891467,0.00013620598172747658,0.00023453516904818129,0.00035718035775374825,0.0001576043960760021,0.00020069323300856464,0.00042376085511522594,0.00026374423711719307,0.0003335802982556234,0.00011842455471997883,0.00027314268927406174,0.0003433604125167544,0.0001719525523972355,0.0001972827265741391
2018-11-19,-0.0013909448765210947,0.0037918145092508014,-0.01826394074093123,-0.00552097585009091,-0.011220496410513094,-0.015414662626027302,-0.00043084443589976035,0.006618846404138635,0.00045219686698676307,0.00029341678359371976,0.00035748606740286195,0.00019026838954323168,0.00024778382178904297,0.00034795917201198534,0.00011209500638702622,0.0002781301596703116,0.000509766550236749,0.0002683778754709355,0.000398330416959242,0.00019254663597916826,0.00025632032042453335,0.0003658024621644508,0.00010440035551314138,0.00028786370630606113
2018-11-20,0.013275804540708546,0.0011426957092110419,0.0002666188416579116,0.00423661875210533,0.003488368204760885,0.0158393979022883,0.0018076648121936225,-0.0019698970333742803,0.00040123308288517726,0.0002518691588423345,0.00032735736919143753,0.00018367772121763112,0.0002744464734619773,0.0002953655300666961,0.00010351465595266022,0.00020680289037216891,0.00029086844537654175,0.0002644852058206421,0.00034311128243755604,0.00016638233467923473,0.00029234596527500463,0.000311232467579775,9.928553888614927e-05,0.0001793550661615932
2018-11-21,0.007116019733813253,-0.0027698130390536725,0.013126482125417772,0.002851555979699669,0.002595942558692922,0.017499086638245436,0.004151820960830095,-0.008771970755171436,0.0004214499840689839,0.0002769081453827505,0.0003585425734821657,0.00018856428223562322,0.00021884091323213695,0.0003850573123590387,0.00011247261538324153,0.0002718807401877958,0.0004179379657286311,0.0002803226501628765,0.0003124276219304711,0.00017383965477812233,0.0002204816382043152,0.00029721607398206217,0.0001233569586719685,0.0002892765437184662
2018-11-22,0.00665627444530289,-0.0007160178156407765,0.004659296186778722,0.004604265385795476,-0.007973056209282972,-0.0011510830094111466,0.000846778137098753,-0.0024256500633781475,0.00037963198803738727,0.0002590465092198536,0.000312783243666861,0.00016830627743723983,0.0002222860551746092,0.0004586302785415226,0.00012009419799133507,0.00020995763779947598,0.00038703320039128327,0.0002626125381369739,0.00030290456187423626,0.00017467504241221703,0.00018844621815462004,0.0003748412170460893,0.00011527948461652462,0.0001751173692323296
2018-11-23,-0.0023518161170752354,-0.0019267048893755277,-0.01306466160879093,0.005094830436905933,-0.0004743303497889924,-0.0011672848348841295,0.0011068932733134772,-0.010971552089278353,0.0003676431051837351,0.0002089936811867453,0.00034928153902696874,0.00018555462820043527,0.00031778817360030064,0.0003133417506151118,0.0001300807854406853,0.00021759702058776208,0.00035791899518479816,0.0001861778239134276,0.00035062831767495206,0.0001664223813891044,0.00029711946833725265,0.00031778231460622775,0.00012434610589396404,0.00024206427889917717
2018-11-26,0.018082504775822277,0.01328383294980682,-0.0010526482473312928,-0.0011931216016826392,-0.0006339827827327739,0.013075771628605678,0.0106559329564263,0.00936055691618404,0.00028580996374836626,0.00019819726492739963,0.00024164991499920073,0.00015575521790255108,0.00016491513468603187,0.0002898491611198092,0.00011088413693168827,0.0001759701758543479,0.00029673342866565964,0.00017864252116134223,0.0002444360648626787,0.00013970217358601856,0.00014251747094457497,0.00027112816023306297,0.00012499400143060774,0.00017381013032795426
2018-11-27,0.017889075165040538,0.03656046980929179,-0.005758777673210833,-0.01432062137627385,0.015833980249008436,0.005256731714645932,0.015289730152644569,0.021049336347535093,0.0002928583164125822,0.00019707246276130796,0.0002864073960437861,0.00013400911083725334,0.00022453397394934854,0.00037804929492205123,0.00010095281104444172,0.00020391744430773795,0.00031548306143131395,0.00019215169234865947,0.0002889502314514606,0.00014222445081608605,0.0002478137219829637,0.0003332535742626625,9.902375434791396e-05,0.00018843740357509783
2018-11-28,-0.040966027914283436,-0.030015275804417447,-0.03306051719723641,-0.0066612594295743,-0.023661328073838372,-0.020012034353957698,-0.002635872914013573,-0.021808845180025085,0.00024347913296088333,0.00018865562526255796,0.0002099555634983461,0.00014992195990287926,0.00024218871172464323,0.00022024225349351055,0.00016372315362660477,0.0002490949534407821,0.0002462448307427044,0.00016707568422813081,0.0001818670919459735,0.00012848817901115294,0.0002847758095557304,0.00026434470847923845,0.00014411455271784413,0.0002635959319836543
2018-11-29,0.007220863924330552,-0.005429794149036551,0.03486174091726714,0.01197218010094741,-0.002909564084515805,-0.0005713290058063161,-0.004397342839708666,0.007047723464148951,0.00038101941522843434,0.00032238249705701037,0.0003198291966079268,0.0001463325484434877,0.00031675033528476407,0.00027403332072278174,0.00010777612678953054,0.00020437896792846737,0.00038185032642479224,0.00033664212132709025,0.00031124225866682205,0.00016720953031473918,0.0003511865100958062,0.00027252465068737335,0.00010096681523575314,0.0002068821655219648
2018-11-30,0.008780617637815184,0.011728675213188149,0.007193922230512322,-0.0009969116361176911,0.0036734033895653717,0.003109663237899448,0.00024165520038098417,0.009068772983040431,0.0003021095978277919,0.00037485812888799267,0.00055721598667137,0.00010627351382689419,0.00020782578647712406,0.00020859510993749845,8.939245560306034e-05,0.00018935430064305725,0.00027104989818044575,0.00037026409671939034,0.0005644520871692559,9.983794953707371e-05,0.00021040997413880502,0.00019391040683774946,9.239115952731199e-05,0.0002166609125130603
2018-12-03,0.006585471784244804,0.005246588768395413,0.02037573143673043,0.010788954192519636,-0.0009366276181965649,-0.009051415639706824,-0.006447876959612025,0.003183578083270497,0.00044502507820492473,0.00030766191063635564,0.0003651286588464832,0.0001317275995188957,0.00016586271397067554,0.00032296371829442633,0.0001021764368496228,0.00019199857933228443,0.0004384983926957729,0.0003049944970552373,0.00030658287412065565,0.0001228713344533462,0.00016861620660623135,0.00029237428569966475,0.00010599954331376121,0.00017753508304178402
2018-12-04,0.025153577180458814,0.0036720512980884957,0.03761175093957083,0.004930114682883293,0.004703639162320794,0.005443499290868424,0.004550567791612217,0.008927099422539405,0.0003456343250230463,0.0002524200366971308,0.00036034084086171696,0.00010122667870432066,0.00018749319650566138,0.00017398383930506238,9.029690650726924e-05,0.0001621241394528232,0.00034725694087982717,0.0002474325787013936,0.0003648347313229368,0.00010016953245454299,0.00021293318354369655,0.0001486469746655422,9.157928111912041e-05,0.0001571163472231343
2018-12-05,0.020182203229209595,0.018582146411194957,0.03494755179104254,0.016208933296072297,0.012853031412194613,0.01535288618824808,0.004455688973172747,0.010830917139645688,0.00038210950198266187,0.00031730379860082686,0.0003146657688089851,0.00011083440053055001,0.000203218736764269,0.0002445530599579561,9.565012687637046e-05,0.00018082478845394957,0.0003774342717023474,0.00030376416818635627,0.00031872165415017744,0.00010205591018109774,0.00016869264027485003,0.00020957523436326923,0.00010290326723371553,0.00017802522301362973
2018-12-06,-0.003104080213634682,0.011785916787221752,-0.011536275708171619,-0.001108183417122854,0.013673911498819023,0.02077568882065681,0.018025062807593067,0.013384764218859872,0.0003081670885478746,0.0003163411900083409,0.0003712055562057043,0.00011841801756378496,0.00019009264076692527,0.0003059403921893013,0.00010765687265079921,0.00014475651112268368,0.0003167039646895835,0.00034260912730813193,0.000422661519182147,0.00011313598626724593,0.00020559154071150552,0.0003081155914223807,0.00010792415222153359,0.00015506099462158865
2018-12-07,-0.006693375708219957,-0.008250099912099318,-0.0019645009970231807,-0.009961996326392731,0.004185060594817615,0.002489889115469507,-0.009178698736587674,-0.016319303251016708,0.0004188631276963159,0.00028863094400581444,0.0005988117389103253,0.00015746092722036285,0.0001819574031169972,0.0002842856603802355,0.00012533166869174492,0.00014711360656713548,0.00045028013975293476,0.00029208670765482883,0.00047217979935113957,0.00014251892179054679,0.0001753044978137486,0.00029961144410262027,0.00012153204405436756,0.0001370918193955137
2018-12-10,0.007170592979960521,0.0006075006549452315,0.009044441002235197,0.006361876293870703,0.007686478072048984,-0.00110117992637994,0.007126711539347982,0.004350465138768318,0.0002798975832474368,0.0001775666260870473,0.00042234658931138743,0.00014879870796368416,0.0001778781123737766,0.0002135070543025625,0.00010634023988485395,0.0002082907364123584,0.00028158308163418646,0.0001917319993702128,0.00035336704678010024,0.00016017305133272903,0.00018404706382976294,0.00023873356033058402,0.00010915965875714274,0.0001921497551285877
2018-12-11,0.03505440463607656,0.03585525628545729,0.03055706457029556,0.014393595888687005,0.008259782562387184,0.023523162185870156,0.00306104977292825,0.01238202927650465,0.0004315963783913827,0.00023530756589400397,0.0003988623046608425,0.00010137248688944443,0.00016659841131750732,0.00019573844280640733,9.944476298224666e-05,0.00018366772259558058,0.0004273594929498079,0.00025524243782839646,0.00035781705464687006,0.00010312861221469153,0.00014825265931823578,0.00020380498622730731,0.00010492299932556903,0.0002136519282594545
2018-12-12,-0.010877052151609808,-0.011785205973433896,-0.02584078918742694,-0.012315561061377212,-0.011902251763092142,-0.007842050399598415,0.007041239484972526,-0.0017464557265261652,0.0005031139315969634,0.0002724335263691023,0.0004842198133790356,0.0001448966240007475,0.0001927327444311301,0.00023901677857200037,8.826860045051952e-05,0.0001355255664241317,0.0004835259273235539,0.00022737390255332055,0.00045390800577444716,0.00014410836829724814,0.00018864858628904447,0.00020592225162062775,8.476288593373227e-05,0.00013979641149257962
2018-12-13,-0.021933174072730256,-0.013920580593594052,-0.02025086696784859,-0.005021211877586604,-0.0030799215031022302,-0.005059585664141762,0.010776922063698215,0.0022167279701474857,0.0005568483803436994,0.0002718780572202827,0.0003959868262009352,0.0001463014000555785,0.00014805833356035068,0.00022219693343913986,0.00010511341604754367,0.00017798889940618353,0.00042757659925875594,0.00023031939076896207,0.00037555158887061406,0.00013006032833697286,0.00012462913898079816,0.0002136358328239045,0.00010886460851365087,0.00019458809325915177
2018-12-14,-0.011740103941962628,0.0015535117661552933,-0.009359670458085109,-0.002615080092993615,-0.0027422027442660655,0.0011515180458229514,-0.013845550118973761,-0.0038961684537542215,0.00041649633856584195,0.00021019780532719511,0.0004997739767140481,0.00015127425879564598,0.00016605124297884807,0.0001928310337795617,0.00010594245330921495,0.00015994986684764368,0.0004292745710164703,0.0001777710542489438,0.00047634266464133984,0.00013947557521699235,0.00012751625405969748,0.00020798552017411062,9.888163120356495e-05,0.00017038927527034166
2018-12-17,-0.03483436198814001,-0.03943067505273504,-0.015567937222030077,-0.01231309853864207,-0.02681988874153111,-0.027195653856926603,-0.012298351293771805,-0.014889719386345502,0.0004130080322910147,0.00025040647525504864,0.00029893492161127443,0.00010798172788531709,0.00019971659662402876,0.0002583859536220037,9.902657458787038e-05,0.0001917877313171256,0.0004444977099842053,0.00019633934978842678,0.00033499806937837493,9.19420865563801e-05,0.00019703925033670756,0.0002992766479396075,0.00010026015372957926,0.00016383398216383385
2018-12-18,-0.02370204949051424,-0.008024017399090779,-0.015895860914479414,-0.01048039013021104,-0.01019824274431063,-0.009141803102957109,-0.014093900818282726,-0.015133770721052662,0.00038438308168744524,0.00032670914368119314,0.0004164411180236395,9.097814985020619e-05,0.00011691092643144223,0.00023460833023127107,0.00011736254612013618,0.00016778369715261525,0.0003135540629439102,0.00031210259927027715,0.0003512514404301827,9.766905525280825e-05,0.00013529044610616794,0.0002224084234361949,0.00010084200692536444,0.0001589489181627057
2018-12-19,0.005541650617816892,0.002468794192417207,-0.0008828051651115674,-0.006098744550402076,-0.0048911880500584854,-0.017844859902081095,-0.004156115591773107,0.0049419808655676335,0.0005410336515576239,0.0003114491019878824,0.00033721007338588434,0.00011620197797330556,0.00021297710440768437,0.0002181725150122382,0.00012161055435673564,0.00014073569690944727,0.000527694750308138,0.0003357132085831518,0.00033273317997086925,0.00011620484800702494,0.00022945568412863606,0.000193874924026259,0.0001321658155995354,0.0001267920471218822
2018-12-20,0.00551862857419514,-0.00409833235326555,0.006555460182235518,-0.018171091626923836,0.004038318874726307,0.013560958123167249,-0.00023439841412853602,-0.0007628162057619981,0.0005114021704831409,0.00026737545432599824,0.00037438428997117854,0.0001389209991818661,0.00017870363332954096,0.00025549767632816696,0.00011041653968468889,0.000121041135354318,0.0005207799607124011,0.00023138583785558696,0.0003799565277500608,0.0001371004325431754,0.00017131351770924885,0.00027729576597149673,9.740984684882331e-05,0.0001011506913630114
2018-12-21,0.02976038840642004,0.027886700945006976,0.034227758748056815,0.028948144329449754,0.04369218430511098,0.044528090796901294,0.0032997838413319452,0.0186940782737,0.00034306573059089945,0.0002634738073129951,0.0003355367432365399,0.00013628805292672228,0.0001651121191513029,0.00020838350329310167,0.00010865145556045464,0.0001047360413736868,0.000361000882962337,0.0002910598022802459,0.0003526979815148119,0.00014893653952911026,0.00017926573218905137,0.00019886244602504506,8.799939621290852e-05,0.00011345902587587388
2018-12-24,-0.007614951735420029,0.0029693406271142746,-0.0046754015716941435,-0.002178018448167705,0.002008876400894452,0.008116814794659373,0.0005973670967162613,0.0010987854188160332,0.00044476883917768086,0.0003011574262552801,0.0004324563368915511,0.0001808105680374919,0.0003369343618358645,0.0003159229779438323,0.00010765777647836638,0.00013373556219456267,0.00043338024275773636,0.00029146841746776936,0.00040557828679025623,0.0001766073729683182,0.00033814159035165046,0.0002955932321284197,0.00010783798073979815,0.0001230683568069338
2018-12-25,0.000891654284336078,0.015468359681608283,-0.016609203509270476,-0.010280659014835998,0.0028919918588257605,0.02135209176721968,-0.0011198333847055497,0.007040573260935961,0.00037490300129898566,0.0003043658981788429,0.0003436282320111661,0.0001695479402338624,0.00025393767981831826,0.00038026401762082066,0.00010984022427587496,0.00016345619459229145,0.0003535005767182065,0.0002871032750597608,0.0003520564204623096,0.00015110833808162875,0.00027791529249499784,0.00034886961279584095,0.00010026462277255868,0.00017417718143845996
2018-12-26,-0.013883840986193156,0.002029191882082514,-0.018857008637521027,0.004562440433626801,-0.002845684775628691,-0.009623652469631564,-0.0008292849426401662,0.0007691343683433202,0.0002867165577317901,0.00029495612126552196,0.00038706769199315077,0.00012030850830351354,0.000284539900269442,0.0002674237170996765,8.459866553376877e-05,0.00018025337721552396,0.0002678982598128598,0.0003086678971160626,0.00034545029284163594,0.00013119799142337582,0.00025585349662433763,0.00027334224505313413,7.7157239924515e-05,0.0001645492207550004
2018-12-27,0.011745302050458496,-0.0038564759555009638,0.015108273162435397,0.003620127120672802,0.028770470827212607,-0.006390795013644592,-0.013298440819406968,-0.0063242759944303634,0.0003996536303012414,0.00026207954487991996,0.0003044639265267261,0.00013772267794798676,0.00019920862937022437,0.00035633913119569304,8.132814580873481e-05,0.0001633630388511033,0.00040248309321507615,0.0002516147891496292,0.00030197459536818535,0.0001455973457485974,0.0002031985817637051,0.0003424028645755703,8.77283780474203e-05,0.0001570715457620637
2018-12-28,0.01225998806835167,-0.0006625821675397593,0.020814020118506613,0.010661267012809249,-0.004745629436208516,-0.018812938881599347,0.005131126006444984,0.003424928771565476,0.0003352595958426045,0.000288286378435969,0.0003579183155869818,0.00016308904078458312,0.0002663227968667519,0.0003008351878469971,0.00013681078938554433,0.00018630327116983747,0.0003625194397827085,0.0003031833621510967,0.0003451291664944351,0.0001666537678155693,0.00026948896843213355,0.00029678505831996185,0.00012413392226081986,0.00021282269632268226
2018-12-31,0.0032397410910390318,0.0002059691145277448,0.007809730942811169,0.022018017670540083,0.02501061553553466,0.0015833946510516133,0.005958282066538391,0.0003541268870351778,0.00028612337336564824,0.00015175451065297337,0.0003253748486743331,0.00013646869127315747,0.00028330783359228147,0.0004154863245446654,7.772127807617951e-05,0.00013396128419192698,0.00031998419107354364,0.00016178137596369375,0.00032883226079096026,0.00014025997062835742,0.0002620623130760061,0.00042615113525746733,7.916990997082046e-05,0.00011873730364428949
2019-01-01,-0.023992750013193127,-0.019124372289052387,-0.004787962100574861,-0.0074840796717281655,0.010451941167288583,-0.010381454841816726,0.0030932069428053865,0.0053968185772468365,0.00028456343066383,0.00021400288692139616,0.0003509717310667228,0.00023648911360014057,0.00028558741582069446,0.0002757956449738705,0.00010865745098710229,0.00015938045494796868,0.00026946426725606506,0.00018533002937326452,0.00030430543862871613,0.00022176649489783441,0.0002713532790460802,0.0002510283106797239,0.00011630255345568738,0.0001555594972133109
2019-01-02,0.0030452828823337506,0.0032714944891306308,0.011809046458459633,-0.016012936261911553,-0.02385364506309957,-0.015176655412413389,0.003018782328784897,0.0033428180773695543,0.00034564049398351255,0.00021093708904143708,0.00027141272559902434,0.00014194724327464767,0.00026440487283912166,0.00023244209273535962,0.00010850403575688828,0.00013837863857766192,0.00037916428678915935,0.00021739796770561793,0.00025153962623496217,0.00011914881752138721,0.00028588808121835044,0.00022390778650092008,0.000111374468616152,0.00013874526862343406
2019-01-03,0.00038063540547671876,-0.004673778745843355,-0.009510524347633364,0.0027362999972019592,-0.015411013425517992,-0.009206418302038303,-0.0009691910093112526,-7.442390161698452e-05,0.0002457277949121856,0.00024701499057511227,0.0003675229741383897,0.0002116399620193826,0.0003343425950062129,0.0003020527905283124,8.50551933681628e-05,0.00013415432353985497,0.00025919446282109853,0.0002163716118389011,0.0003859771655424061,0.00015760603116475613,0.00034816610587770636,0.00032398817643719655,9.196301410888234e-05,0.0001339204696106467
2019-01-04,-0.016578106931300383,-0.033722495081601966,-0.008734991673524962,-0.01347968538435339,-0.018792063938082273,-0.021986709562224833,0.0018893918432987833,-0.013481220182734623,0.00032862662230603135,0.00017388220461538238,0.00021530929446495284,0.00017081168588427276,0.00023718537047381506,0.0003831433991453215,8.9983512521069e-05,0.00011238573125508935,0.00028625994414312964,0.0001740582070760285,0.0002375667108960974,0.00017600467595677263,0.00026071770009221016,0.0003382119417215626,8.58253413454878e-05,0.00010580326802346138
2019-01-07,-0.007460288440919503,-0.003521767865607159,-0.02739880030724966,-0.031040060298327024,-0.01994443103271534,-0.016900647321163698,-0.010885633141208075,0.001137893895008596,0.00034914343020507073,0.0002708580830651304,0.0002593707307408953,0.00022040253924833942,0.00024622066954249996,0.00030656559990587825,7.764469730361915e-05,0.00011324323036684855,0.00035361533586219764,0.0002710688651851874,0.00022242754763116543,0.00021674367033796746,0.0002061679839295615,0.00029459866098465945,8.880775878961002e-05,0.00011845747127910592
2019-01-08,0.0031322476483231815,0.016033645258895165,0.027008338828685755,0.00560271339636873,0.009650902962302197,0.028955287670000735,-0.0009024587254068018,0.015503519080454567,0.00029716725723939773,0.0002286477112461568,0.0003089917024051436,0.00017287147958392886,0.0003030908927175868,0.0002908685451666857,0.00010373661247560039,0.00012710047774269786,0.00030217022533206956,0.00020566340796548748,0.0002617876192812048,0.0001598306664829931,0.0003303443047170321,0.00032880689057263214,0.00010350962055091846,0.0001235422150029595
2019-01-09,0.003845591966436514,0.005035981423350771,0.004279176594193952,-0.005977818109170258,0.0086057382842674,0.006883524385556443,0.008962015082009831,0.015360230070337225,0.00023551799216953425,0.00021090746035909704,0.0003055218104349719,0.00020055611465736017,0.00024089979843969908,0.00038443236743769787,0.00010384662404119351,0.00012510960124289543,0.0002128390450359479,0.0002050973283741989,0.0003212193574082798,0.00021747038355447113,0.00023314416577262514,0.00041968293851543155,9.167332754734591e-05,0.0001232447838226326
2019-01-10,-0.01999801597804294,-0.034618842104339076,-0.023849732291154772,-0.015813167342127246,-0.026920250607148026,-0.03363310709917199,-0.0072143970128827626,-0.01990316243116183,0.00018010899186364068,0.000228666577984264,0.00030832497550320335,0.00022112367049452765,0.0002714719219281005,0.00035325248739332576,8.868539429437209e-05,0.00011668729104147915,0.00018336876653039674,0.00021051668249026962,0.00032372636536498597,0.00019392039220903344,0.00027296943603937997,0.00031518106660947964,8.279913240009072e-05,0.00011207496680611439
2019-01-11,-0.012227375270689522,-0.009466990303505191,-0.015096127869667943,-0.0021021991751529728,-0.003960545738161388,-0.014165085741686111,0.006522374011087884,9.890086861940212e-05,0.00023385085226313636,0.0003586777737334803,0.0003021654961354246,0.0001650832504259484,0.0003099834111148695,0.0003722020307535698,9.008151418355834e-05,0.00011445863314724331,0.00022699269778758078,0.0003898163784180868,0.00035590809042734985,0.0001652584432868986,0.0003153185005039933,0.0003902624394913757,8.160818523620713e-05,0.00011435951848835786
2019-01-14,-0.0018625288778366437,-0.001472639657504131,-0.011104943071762149,0.0009318839331004971,0.006323522870591382,-0.004153433401804638,-0.008666107230601669,-0.003362269194673263,0.00016688322943716113,0.0002624804031367229,0.00035157240266303993,0.00015728350037233087,0.00028947553758147996,0.0003197868441137323,6.0135432595877624e-05,0.00012155275780349544,0.0001714337108493311,0.00020338816482806402,0.00030014351473700633,0.00018026444882659107,0.0002501780450346449,0.0003106221509196228,6.266370099163666e-05,0.00013857364088141146
2019-01-15,0.0067172172921155775,-0.011844146836245215,-0.008050767643806923,-0.014102863331685686,-0.0196354301726288,-0.037985073705756725,0.010230862729147538,-0.0002709484384888933,0.00024598914083689353,0.00035634199853321475,0.00035330631291844496,0.0001819296049085701,0.0003012937755956597,0.00027492595076734075,7.964487411050391e-05,0.00013686215194177133,0.00023477090920672337,0.00035183267835005994,0.00030679882014549893,0.00017835382539427004,0.0003664467173271547,0.0002002169228267239,8.638992006439714e-05,0.0001462089410297864
2019-01-16,-0.004137719919106163,-0.006663222693367564,0.016667140921927847,0.013226343543471127,-0.016163059496786834,-0.006421977829179589,0.02805180142007331,0.006398348319874882,0.00017401617710933518,0.00027249501669529384,0.00035091235820323237,0.00019712146823601672,0.0003973356490971283,0.0004978822332614576,5.914382794721773e-05,0.00012197526739050341,0.00016783064500669652,0.00028723196107770645,0.00038181486293301206,0.00019754125108226847,0.0003964447354011405,0.0005337499459592667,5.3692703582305515e-05,0.0001214842605320618
2019-01-17,0.014272130660536285,0.001629124782520126,0.026814018904348567,0.004060106268452925,0.0066204384707288745,0.006030425934476795,0.00953211179731328,0.007529722080546368,0.00019120709002936207,0.00022911587994230907,0.0003176680434583316,0.00020758268441892875,0.00020578535113229614,0.00045403848147305547,0.0001905918205405362,0.00012792229611283007,0.00018282740366136452,0.0002495407520696655,0.00035049146396534,0.0002074164385417843,0.0002136425475647838,0.0004975656253413956,0.00018987520863720104,0.00013508344624597066
2019-01-18,0.031240225685143144,0.024697364886622396,0.04238564676200714,0.032354520355355854,0.03944548586236457,0.017757622697210925,0.015413657768161289,0.02176933804514434,0.0001846350307067367,0.00022727293635273216,0.0004092556129690364,0.00021880168000306592,0.000268722622332693,0.000303017017232741,0.00011372026064348531,0.00013459170102457895,0.000198486385325944,0.00025945389198520975,0.0003627333587929297,0.0002316451338636054,0.00024519249012203045,0.0002879672522447762,0.00012606103056734936,0.0001293643571264411
2019-01-21,0.019430322142905094,0.015109423704966003,0.04702804324375208,0.027756530023056693,0.03784802007656563,0.003309598988493472,0.0033151196084730875,0.013318366175399728,0.00030521611284079376,0.00022883161772731776,0.0004255383827208526,0.00020436025236795753,0.00027259989451936445,0.0004123874894796358,0.00013858612049351358,0.00012612658684909686,0.00026314249121216644,0.00020755472780539046,0.0004414908013924458,0.00023138879114694444,0.00031002386019878735,0.00039278355417787824,0.0001495442272356324,0.00013064564586199844
2019-01-22,0.023820253042534555,0.007720009852334719,0.02540044270927191,0.014622751303926691,0.01437110478306082,0.017649020920744447,0.009423603860455463,0.0063718783461619395,0.0002853498100586428,0.00021224143167745065,0.0007336218673319309,0.00024552199513451235,0.0003833516785395941,0.00030732853698581947,0.00010769326393142197,0.00013908406285620119,0.00027563738734149906,0.00022652500176922828,0.0007166925700342547,0.00024258720255378947,0.0003411974022049454,0.00030792495323164607,0.00010072218669245024,0.00013284091978505892
2019-01-23,-0.020731408603633553,-0.01570297367818072,-0.022447083645327718,-0.018304388448713457,-0.028670536072529347,-0.045091592887274025,-0.0019209711183046626,-0.003457250483606109,0.0003507528378781438,0.00022454730711630728,0.0005502419612022537,0.0002677865146649335,0.0003221477193430679,0.0003481482923880901,0.00011605340070572509,0.0001336903104902186,0.00037794797581090225,0.00022340879050404113,0.0005954811516898408,0.0002484272788990162,0.0003211151670995374,0.0002362388629553414,0.00011712714349585075,0.00011611642683299679
2019-01-24,-0.010879703142773164,-0.002428235693542825,-0.01693713827865074,-0.005182326626119487,0.0003691239589871115,-0.00950166727026984,-0.004810009337069921,-0.013090965359049378,0.0003630670594215037,0.0002820373136204434,0.0004038673189723784,0.00026111196819743164,0.0005170327232811281,0.00047942382820330095,0.0001266297418584551,0.0001231616522839621,0.0003896899070396253,0.0003017674258449417,0.0003983819116936388,0.00025694663561799013,0.0004975916761904702,0.0004263223446312479,0.00012054883158532561,0.00014390547685446566
2019-01-25,-0.0035344450465799727,0.0013435710718614925,-0.011877159638021391,-0.0018656384326705086,-0.0013553273466711318,0.0005646317986538821,0.004923965855312992,0.0012924359089810204,0.000280771884719807,0.0002121630403796445,0.0003533736910945701,0.00027478106500812224,0.00035783579187724306,0.00044192047596625854,0.000114221194431308,0.00012154183207803569,0.0003066640530989293,0.00019225425128113196,0.0003969224720676646,0.0002597179799014828,0.00035620889344005805,0.0004067500325759357,0.00010272773200430481,0.00011949796573866132
2019-01-28,-0.008221374288013035,-0.006237005005334542,-0.01778401366784973,-0.02635391157693966,0.008071649133433991,0.03147528523351745,0.007527388164805072,0.013721281771784664,0.00024294273074835,0.00016472752159711994,0.0005263998338341421,0.00019616225462490563,0.00027963126844808453,0.00036996111744535545,0.00011631848209079321,0.00010983747136607784,0.00021753616475108699,0.0001480316037953215,0.00046932623204866734,0.00019340637578234488,0.0002729426714821693,0.0004310421392859793,0.00010497515860568593,0.00010333820686790381
2019-01-29,0.02823792951394794,0.019428802522082626,0.02686153230842019,0.009703791125902902,-0.0023151859490266853,0.025763291986860424,0.021534153691763123,0.015175684074283245,0.0002776387627667891,0.00018206483141919983,0.00029677823373875674,0.0002838038896163174,0.00026822112829642206,0.0005813319458251339,0.0001150029330943227,0.0001127067577325888,0.00027737330320134736,0.00021643794212710342,0.00030703190459981995,0.0003080941943808768,0.00026307258569318047,0.0004893801715788768,9.842558627079964e-05,0.00010533240730493785
2019-01-30,0.0010093181268561629,0.01881360519630401,-0.013703064771213826,-0.006545169954252547,-0.017756502841743425,-0.028547295615463084,-0.00611118656628201,0.011082879262096808,0.00022248227774423592,0.00025655875340238767,0.0004967708932371956,0.00028586982431485716,0.0003250904786448105,0.0004232357966464561,0.00012800023084929733,0.00011331728783267825,0.00021647701704086055,0.00022409365268585054,0.0005116728532951399,0.0002872094941625803,0.0003060943092127364,0.00037914353936012836,0.00011787468896282949,8.766272485637053e-05
2019-01-31,0.009306325660656969,0.0017313539302256952,0.023873729982077818,-0.0008996132162530545,-0.029189846442495872,0.03120951634725783,0.00896293925738004,-0.0017963806763849747,0.0002727954693399691,0.00027441794798406527,0.0004608259106687633,0.00018509301165089186,0.00038107870847617966,0.0005055808273158949,0.00014452406050381332,0.0001246960863121765,0.0002638092331210055,0.0002587765283111941,0.0004662089536801505,0.00017433040838692532,0.00037865174024989803,0.0005303795126089762,0.0001383201993444345,0.00010356060282852968
2019-02-01,-0.02745715944675589,-0.013853521009541125,-0.016135476607621834,-0.011880660326332858,-0.02758235829732114,-0.01226540035355391,0.002209450575945381,-0.006581682906951571,0.00029753060122521355,0.00021100860575415292,0.000628668333182462,0.00025826285330353974,0.00036335286068696923,0.00047070072021207656,0.00014750347587850823,0.00014405768212095275,0.00030479150199315375,0.0001944994302909658,0.0006260087803600943,0.00026330727072979547,0.0004050593717609177,0.0005131700229684193,0.0001391046599491048,0.0001444267179855111
2019-02-04,-0.021191751791439464,-0.02614830020108467,-0.020771520743125896,-0.029076994614055995,-0.03862425717153984,-0.01969001185798606,-0.011082098558775257,-0.019411326645521736,0.00029413822343606825,0.00021900390992439018,0.0006082434842557317,0.00016737731204370082,0.00041288212096167746,0.00047579613600795935,0.0001361217652224745,0.00012366231044031638,0.0002842489934831259,0.00017961706204131121,0.0007079714211494691,0.00018123203523998799,0.00037455559938414225,0.0004311422373073138,0.00013573688157182242,0.00011358063875495395
2019-02-05,0.03487939409691398,0.03501968045563557,0.03698667204707044,0.01732769284085811,0.022209176924388185,0.030937250784437178,0.011347753318879843,0.026500968771831186,0.00032144237597248396,0.00025748374890298187,0.00040837657980259684,0.0003070023176988508,0.0004923134653745512,0.0005441924105176602,0.0001353214816851844,0.0001498977960727897,0.0003383084052857131,0.0002488800332045618,0.0003730301500591052,0.00025881039030089994,0.0005367795467718043,0.00048757257146071455,0.00013760155733993356,0.00014316083902688123
2019-02-06,-0.019592297129420958,-0.012229294378648644,-0.03004075349933542,-0.018688238939537905,-0.012318399929869548,-0.02468506706730242,-0.007773955149536293,-0.018458308771593466,0.00042212449579990505,0.00029684683149328544,0.0005424205964711848,0.0002484273353137727,0.0005134736423299941,0.0006263599610941686,0.00011386609465824593,0.0001488783102159777,0.00042679010323860633,0.0002681172977333919,0.0006449602998368993,0.00024916188751325757,0.0005076814251723204,0.0005120589709722304,0.00012428415166836236,0.00014897620924939184
2019-02-07,-0.039470550131894266,-0.03007697747703425,-0.04193163010458286,-0.03009231391941754,-0.027792849008713632,-0.007559325486023913,-0.031751939290149696,-0.0164435234538309,0.0005489586612184037,0.0003643915332298766,0.0005467585690452699,0.000247763223696242,0.0004068474541035375,0.0006201725352667107,0.00011662533188061459,0.00022815722532882024,0.0006318700496249271,0.00035183021068155453,0.0005677592517455948,0.00024435065407783893,0.00032548993806682256,0.0006233998439922016,0.00010670179215095644,0.00023930861845079858
2019-02-08,-0.001346579990598663,0.0025976979116237005,-0.008365110264175347,0.002636366440627564,-0.0079011623501163,-0.0018593142801592846,-0.001065694628891621,-0.003867322808024295,0.0004938587298842288,0.00034741857704241965,0.0004400022740297358,0.0002292005144556718,0.00050181841531157,0.0006225094862712718,0.000123115205124293,0.00027573896768697247,0.0004807533478977532,0.00035035013056061644,0.00047273909381588455,0.0002255500270659554,0.0005177218179458671,0.0005700874377403403,0.00012089347540724676,0.00023521357274424893
2019-02-11,0.0241203964089963,0.011999696187673844,0.006833067722337957,-0.0005656073208669288,0.010015123658939584,0.0046819404845509045,0.0003919052886179412,0.0003531465456465421,0.0004158653794188247,0.0003064376343203157,0.0005194071636398785,0.0002449198570054934,0.00045872306620119304,0.00048493355638043933,0.00022581045682724558,0.00024526232351447465,0.00044826324159479806,0.0003032868316496472,0.0006106634749648434,0.0002449951205789023,0.00042717115563660366,0.0004652091873587116,0.00022279609480338691,0.00023146706303765142
2019-02-12,0.018285805590800633,0.01991737091704876,0.023996118389491658,0.015525313203233334,0.03448247085298727,0.01739133764328175,0.005261193613200241,0.015872420905964038,0.00045573038305528926,0.0001942904682194685,0.00045159746272796167,0.00026089520767921397,0.0004375624769981632,0.00047916913137049325,0.0001331923950174109,0.00016167328859777644,0.0004020434172578285,0.0001961309105908254,0.00042799830180982753,0.00026728746811220867,0.0004413018954194275,0.000490125779717937,0.00013369425807914723,0.00014853888052742363
2019-02-13,0.016974408688115183,0.017612865016416672,0.022321875286756502,0.010465466890292823,0.00044348268245496714,0.02308082551362782,0.0056589537505742716,0.011202664610040712,0.0004484177444381397,0.000334938649641779,0.0005297508414041169,0.0002451923935301058,0.0004846449895293621,0.0005517770541556965,0.00017032611858222105,0.00020464994140546815,0.0004012418223724647,0.0003003368506225815,0.0005379138732192071,0.00022956643505288277,0.00043526634442995414,0.0005546275736552986,0.0001370396923040229,0.00019681165057620342
2019-02-14,-0.01966602123090361,-0.009658378339484802,-0.012320848526874921,0.0005177791794626977,-0.0015726362422098358,-0.004076372680765267,-0.0009369472849182269,-0.0018938388344986452,0.0004886845762668088,0.00031498553068351373,0.0006203115099942236,0.00026259416682577216,0.00033990080671572566,0.00043434105452295395,0.0001994123393425946,0.00021359955409340609,0.00049990433630819,0.00034021819979748134,0.0005667178536937707,0.0002693166656668439,0.0003604677498489609,0.00041801309849056494,0.0001985515764778714,0.00019226480739692743
2019-02-15,-0.0033684933519766047,0.010751658575630858,-0.010850819992728097,-0.003653890799779092,-0.009349452285856753,-0.005658327407372197,-0.01527167977194702,-0.00692825661477669,0.0005089772839828175,0.0002666844826774087,0.000612909716064524,0.000222451091055766,0.00035063895980817186,0.0003589666942564728,0.00011795488726131917,0.00015533760441312206,0.0004916976353872126,0.0002567665098253595,0.0005977548070455258,0.0002193423338871857,0.00036354194067936176,0.00037826727963878994,0.0001265555170137833,0.00012290978800518133
2019-02-18,-0.004676107832130924,0.0041558645268659124,-0.015209413308168145,-0.0021859451571732743,-0.0163864853255407,-0.010057926755246627,-0.008587462852183701,-0.004744356062620848,0.0004624003651913627,0.00030991322994946104,0.0006311599938598978,0.00024064509669677445,0.0003786259645410394,0.0004589913192502058,0.00014859096366013396,0.00015153606451872505,0.000460947690577407,0.00027041673616019866,0.0005617117543439338,0.0002157525661615405,0.00038004071485609955,0.0004211612368105343,0.00015010433670551338,0.00016217320050216876
2019-02-19,0.01312238011897018,0.020605636656840964,0.018666941386607405,0.014507307211040762,0.011303671033437036,0.021745493441510944,0.004526953219868566,0.022550410866490036,0.00040566421255696516,0.0002490385041726737,0.00046276640315717565,0.00024129264550242538,0.0005405812900397963,0.00033844352109868326,0.0001683214289390385,0.00018103609133025654,0.00039884162148602024,0.00024067339508242544,0.00043143452918340875,0.00024203067776683548,0.0005558669941448264,0.0003765539796461167,0.0001579935412865217,0.00015830305625676196
2019-02-20,-0.0019778464699859574,0.0045591329566507756,0.01864193954330052,0.022337411954549764,0.016820807009626064,0.013295377410239591,0.003034911308827315,0.002435284853022994,0.0003490086343436529,0.00022476741250237548,0.0005350844871833355,0.00021402981084001546,0.0004266134582050784,0.0004319400339868408,0.00013525674044279372,0.0001676615223418106,0.00034309652103680364,0.00020376992475491608,0.000544751283544146,0.00020424386448764396,0.00044775496535135465,0.0003603800579541521,0.00013913977659554916,0.00016208452238597796
2019-02-21,0.017932104360578585,0.023252711238482677,0.004012216203630406,-0.003859713606789642,0.016809143269352483,0.020606470104366725,-0.001167853408912331,0.01763510559784642,0.000383116088950159,0.00022359062462411197,0.00044351840607372435,0.00020421009841983784,0.00048691193121816944,0.0003341319703171557,0.00015311358134752757,0.00016744605014697912,0.0003623580559821657,0.000186437449451422,0.0004627907220076447,0.00019569398396210994,0.000542076126784898,0.00037023163740845105,0.00016174905011597917,0.00013844566831410597
2019-02-22,-0.022334773617092216,0.0010921082872779278,-0.03496980303933493,-0.021993921871644933,-0.005470067774164557,0.017344927630470987,-0.011332785814305177,-0.011209359421419452,0.0003652750656857114,0.00024602338850403336,0.00043811874147934476,0.0001843337493697741,0.0003839491616079872,0.0003670287667028352,0.00012148252791088323,0.00015559110791904987,0.00036622278429870295,0.0002368317459090656,0.0004598677505004799,0.00019481611089144815,0.00036812361641053225,0.000371055406243382,0.000112524952009311,0.0001710224692027672
2019-02-25,-0.011106675911810467,-0.015945799960943023,-0.007009582868341634,-0.008000033696828567,-0.021620768498687513,0.004044221885770095,-0.0009223702875965079,-0.00877451208029741,0.0004224618009399004,0.00022104178286704986,0.0004926921678652342,0.0002531944722832474,0.0004908032445571309,0.00037491615597435587,0.00015870638663963255,0.00017082261505088246,0.00043545711959578444,0.00022604937408871368,0.0004494814760768474,0.00021478207792058899,0.00048070796083822553,0.0003348066903927031,0.00013230587421026737,0.0001652584280353688
2019-02-26,-0.010768927614441674,-0.012876428285129533,-0.018797258671954017,-0.010302736816622728,-0.008903933752247484,-0.02395575576008873,-0.0029757186538485443,-0.01414150534726186,0.000307972733150811,0.00019996003813722553,0.00028573735956012385,0.00024431037100719103,0.0004063792377074327,0.00037264821864402563,0.00010767112634900848,0.00019646195395941728,0.0002417003588242592,0.00022721457237352506,0.00029054816955515335,0.0002738348790998398,0.0004593293006977276,0.0004498558059185503,0.00012128660871564858,0.00020110141742355156
2019-02-27,-0.005959402107982085,-0.01936515884568253,0.007279247904278999,-0.010597323431840642,-0.00903093345621196,-0.011754288699161695,-0.012004316538609774,-0.029012869327447857,0.00024751829641399227,0.00034738515019351807,0.0003983544777314082,0.00021829786814366817,0.0003395330649872723,0.0003092651903422724,0.00011079444932231405,0.0001719417901960007,0.0002293256448837616,0.00034021747490952845,0.0003933728680016203,0.0002027852384367145,0.0003475169183223091,0.0003171640899111891,8.669484819925906e-05,0.00016107434023501815
2019-02-28,0.012547702675032447,0.00588387153504524,0.021507552250573714,0.015648762955038236,0.017505077782344586,0.009869941458241464,0.01755155434358852,0.013531516053358549,0.00030285578963245224,0.0002612740792934224,0.0005509476127818694,0.0001792794294201145,0.0003261408826791051,0.0004303754735013112,0.00014931490979093906,0.00016941075139417092,0.0002591400010560162,0.000233644354127973,0.0005408333504351892,0.00015070765253056832,0.00036392194201187753,0.0004141068623949588,0.00017100359845634037,0.0001691597008657854
2019-03-01,-0.00703323273687427,0.002313042978457975,-0.019117216472364893,-0.0007550314608697079,0.004812760579353092,0.021906258443020857,-0.009936623980127483,-0.004557435931474017,0.00030004854658808737,0.0002932038957025102,0.0004133463436037289,0.00020346880723528268,0.0003858596033548777,0.0003577869239206287,0.0001476741400719429,0.00016737672883048149,0.00033177282429914346,0.00031872404281311015,0.00046196356198137514,0.00021998305425523131,0.0003704643543870305,0.0003641109496622509,0.00014249839523830464,0.00015377985192909562
2019-03-04,-0.015870527717841004,-0.021735383530405505,-0.016294525938873098,-0.013096296553261538,-0.0009766141680790273,0.0003614576184677177,-0.0009871127221390051,-0.008306313457279746,0.0002976034754763569,0.00027674394394646253,0.00040807095806296155,0.00018020874914516166,0.0003204769525627033,0.00026469978242404983,0.00016098707864909976,0.00020065018362792273,0.00030645369849054724,0.00026185565747430717,0.0004041993924013773,0.0001887198611308726,0.0003087050353201004,0.00023347732720611778,0.0001477304973398836,0.00016395473486869778
2019-03-05,0.01177691099126024,0.019690353756759035,0.021013889975301635,0.00031846542908957353,0.016003830503385608,0.022749820881504106,0.0002992081476186868,0.013422326611781972,0.0001987431427020889,0.00032819835609143014,0.00041994175298505697,0.00019590428437395342,0.0003470292398784453,0.00026466398243202017,0.0001391333180350494,0.00017304382387299855,0.00019141197622941333,0.000349886622549323,0.0004202029477727689,0.0001961072337568892,0.00035076462225842176,0.00023714573372425135,0.00015771936037903853,0.00014429488300528933
2019-03-06,0.008039818317747003,0.0037118873671377656,0.013631439041164282,0.0179938698960924,0.016728534649364423,-0.00796949842939005,0.006218862560104394,-0.0016222573529324318,0.00028502106557544877,0.0002770461269610033,0.00043482209517280157,0.0001763344171680736,0.000277339568820456,0.0003261094386942872,0.00011935985637882753,0.0002175134750718429,0.00027807201905250624,0.00024646518635336706,0.00044344316864646655,0.00018697184922795981,0.00028002098843704805,0.0003516392070394894,0.0001175778945194977,0.00022718884260997533
2019-03-07,-0.025338638056774304,-0.026553632072579453,-0.03792083163865585,-0.013304572219662043,-0.049101888644533825,-0.0711504364714293,-0.037994446120696655,-0.02291161155240083,0.0003028878542123309,0.00025510202621552026,0.00040134854039305647,0.00017753330735143435,0.00033707947356005245,0.0003732664747878033,0.00017685906416247703,0.00018653080244595332,0.0002697687344604173,0.00026414497190464613,0.0003970196828792348,0.00015374355677569138,0.000293652743922293,0.00038866484524037486,0.00018531581679339176,0.00016099778259593932
2019-03-08,0.053300104034526896,0.04500095044127032,0.0467895962197058,0.03245544815959598,0.05193314610131308,0.06055409526626853,0.05755609445417426,0.045647379766765105,0.0002248871610511048,0.00028817785012085726,0.00033251721200573014,0.0001786461795053933,0.00034082360926081836,0.0006838058480707652,0.000261516009728042,0.00021499166713792947,0.00022163620847959957,0.00028938123962799015,0.0003052658862554976,0.00017424802756917478,0.0003636323302903107,0.0007144205731909473,0.0002964417867298922,0.00021643702746627558
2019-03-11,0.0012862705441880422,0.001287571673184408,-0.002165929102813953,0.0042077819527673605,0.0019549509451800458,-0.011498198918727056,0.00022169105673569076,0.004347125418164505,0.0003940567680500851,0.00029174128499054677,0.0005987058785943239,0.00019209343726273061,0.0005973695605164663,0.0009421272600326287,0.00032814437283037995,0.0002719983544443719,0.0004598454946687522,0.0003236699958149113,0.0005764954669156521,0.00017649061450370385,0.0006849528897277695,0.0007914785665430757,0.00032677600794060204,0.00024793216572751534
2019-03-12,-0.013063865886090166,-0.00736098816164439,-0.015368717980967091,-0.025932879619754615,0.00745971890100099,0.018534507153768656,-0.005676213401411453,-0.0077979664726377075,0.00044032562570597915,0.00028370398530180895,0.0005312491984466219,0.00024870422598339767,0.0005792024721385039,0.0006201543465053639,0.00041063605656634924,0.00029206395761546263,0.00040572865688754377,0.000258400614057019,0.000501025595974273,0.00026776836468508886,0.0004739094810412013,0.000593124658654636,0.00035822097364454413,0.0002977518788326038
2019-03-13,-0.003793483230017283,0.0023210139986582366,-0.006795548885129531,0.0002473623614777106,0.0005988180153105667,0.006629338224777329,-0.007494968534642537,-0.005688305916020454,0.00029014990560670347,0.00022939927114393083,0.0005293779307812297,0.0002786254668343043,0.0005231261726414088,0.0007677875090203895,0.00045784081505304447,0.00024599798890310586,0.0002525468803918264,0.00022920068846310279,0.0005695580557007184,0.00027006724892262993,0.0005280911098077872,0.0007100985270234393,0.00041400722121932295,0.0002452823475705458
2019-03-14,0.02884791211405471,0.03147242700373459,0.022144657989532874,0.019791693212972635,-0.006500319993053101,-0.008625174602616439,-0.009171623339280418,0.028212524906747288,0.0004474841851462113,0.0002857949787727241,0.0004501341497158501,0.00026328880838454613,0.00043896546973986174,0.0006059688539336094,0.0003207122753256505,0.0002840906701253198,0.0004856685850674431,0.00030536246512125384,0.0004034624398721599,0.00023857257966174226,0.00040511747143850084,0.0006324303050777481,0.00032100726434873897,0.0003091132274400488
2019-03-15,0.016630919332593787,0.011624670544153073,0.02698172782730293,0.018714159434692835,0.006056837800583778,0.02053336764459266,0.013695787479137128,0.024461934231656216,0.00044392645608757784,0.000266336068838715,0.00035306771107695257,0.00024486424684924614,0.0003774079303811215,0.0006154635273321574,0.00027536860222617204,0.0002952019890811593,0.00041059480638261646,0.00023435432249691092,0.00035317060371342927,0.00023208935246089033,0.00036458052068168774,0.0006426505727625195,0.0002921336050211212,0.00028926345477144804
2019-03-18,-0.025102988442690367,-0.01467718309125004,-0.009479401420407148,-0.012336212540113108,-0.021910073823476105,-0.02272003893199728,-0.014258573720717371,-0.027258637383383,0.00030570317044593075,0.000335682463585957,0.0005126859149499776,0.00024894633549235574,0.00041371465860762376,0.0005602058641243825,0.0003455288757517286,0.00037335251157006547,0.00032709950207957813,0.00032069360642686563,0.0005115613340801856,0.00022356449900849318,0.0003957218048118036,0.0004980406753090696,0.0003885309882775464,0.0004129575667069865
2019-03-19,0.03373062635836085,0.026045152452260963,0.022729648763607096,0.005800818154956881,-0.011557958631651167,-0.0346967297029686,0.003524644714039688,-0.0035335371340021976,0.00037157699855815644,0.00023733536578582102,0.00046377878028045497,0.00023066804435648082,0.0005022060462431073,0.0007214175003725298,0.0002906609410888484,0.00041746770503026017,0.0003914205788359878,0.00023520752773445946,0.0004788397839696157,0.00023146794410999316,0.0005006428283923887,0.000830701748937054,0.00026491273402416097,0.0003696135989465126
2019-03-20,0.024850291522087738,0.008074530090515898,0.026059713524549,-0.0013167969955686456,0.007455233880871115,0.03220916204623601,0.008509842392657178,0.007677317607021063,0.000601301455228367,0.00039007526345078705,0.000463356985567377,0.00023266533834469182,0.0003618031657643084,0.0005574655270070777,0.00025572430490858203,0.0003767247567905773,0.0005946444850192988,0.00040317274775185195,0.0005414156145749997,0.0002566455002617384,0.0003268915180140882,0.0005568265888975474,0.00025471450230896093,0.0003892597614611447
2019-03-21,-0.005591934763682784,-0.006473391953092501,-0.007524530451446156,0.001329926424463218,-0.018004997785767116,-0.02990596468383845,-0.008691806615739192,-0.009493335936160495,0.0005926704719459745,0.0002650724412815279,0.0005586721517555497,0.0001456676234791532,0.00031806733570491813,0.0005648918873160466,0.00028267874420343723,0.000271373805250111,0.0005282861123798355,0.00025679257864825875,0.0005388307054698165,0.00011169229061746292,0.00028920927456020315,0.000535798343387502,0.0002642340425691591,0.0002712548250380258
2019-03-22,0.027817314323750737,0.02981812973021326,0.025993834241250718,0.020580440890040328,0.018937599208594936,0.0364801866894074,0.01991001429747517,0.0370597930118192,0.00044511961450275896,0.00025374458663877036,0.0004595107707893819,0.00022980713856932553,0.0003336525559876825,0.00047483506454870634,0.0002365037752796834,0.0003155963796050327,0.0003875398622562091,0.00023750959035255686,0.00044959959784558816,0.00024239338217608273,0.000293745013316631,0.00046927772983029287,0.0002532213534406712,0.00036298183902412845
2019-03-25,0.015455832406971036,-0.0024227038426442114,0.0035737485550865764,-0.00866036500890623,0.0020675548118018394,0.004362520200718727,0.006845548498059174,0.00673379773269367,0.00048218009645218464,0.00020654162591694268,0.00048172025218060115,0.00021455702070919143,0.00031789495547284,0.0007735561787438833,0.0001853575973864933,0.0003160085125735509,0.0005030632024229061,0.00021265776218380887,0.000444608673490206,0.00022893178648384401,0.00028747087779134326,0.0008485618319302257,0.00015642003549009247,0.00030992134236953404
2019-03-26,-0.029277366329991665,-0.034013426023107626,-0.012737949809756142,-0.01935055637045592,0.02372368279796167,0.013362383132886742,-0.004557595684783517,-0.017200934193178873,0.0004451627724751454,0.00040483339285201405,0.0004035373585859847,0.0001888751928469846,0.0003639345345540669,0.0007149998480295631,0.00023414381436539247,0.00026129977006162725,0.00043029242087771867,0.0004563747882325996,0.00036498476914974715,0.00015912717444948986,0.00029619999171639556,0.0007517951446834535,0.0002639022067612701,0.0002781609609629746
2019-03-27,-0.007943057996332542,-0.03123860910673946,-0.005781008367877127,0.0011646766219626037,0.003046323672061628,-0.012901686039778874,-0.013388766875062533,0.0030721913911549836,0.0004611799183065654,0.00030468475351805893,0.0004895009651924835,0.00024682168508955674,0.0003716976557163499,0.0005615712998041147,0.000258718105637282,0.00035200388561801115,0.0005099879431388251,0.0002983665401755549,0.000442826825862592,0.0002225002983412471,0.0003659394148574249,0.0006524112629754982,0.00028281677627563256,0.0003622680107080933
2019-03-28,0.004453230361061564,0.012788950026221078,0.0005707134636320161,0.019501939818856773,0.012742073686793913,0.002018202688856936,0.01764231532422191,0.00569015688680092,0.0005295359323019964,0.0005003389829954695,0.0003875695326513601,0.00019905792809556678,0.0003638861060772135,0.0005913383307010232,0.0002121974071929133,0.0003536386570343906,0.0005378014832646716,0.00044458525473528864,0.00043267352459997447,0.0001959756812453134,0.0003354913656718138,0.0006254904075685098,0.00024440336857282257,0.00035170870187622234
2019-03-29,0.0134052823755618,0.009452087068510702,0.02095911708778797,0.010812524092901085,-0.010591182373850433,-0.006538437377889174,0.00721913781443869,0.005354433834562113,0.00030573775341599495,0.0003942433622899768,0.00028669254251499323,0.0002741098232887994,0.0003196085665493014,0.0006302797312626665,0.00022562417332486575,0.0003176010884361079,0.00028342366931927317,0.0004049899545391345,0.00028437039767364796,0.0003054844913020198,0.00032642817154617074,0.0006237453952798644,0.00022905547494694718,0.0003378065936249781
2019-04-01,-0.012150956404534459,-0.011504571724889077,-0.007086654987097457,-0.014813770130775407,0.0014712026397460927,0.003836776626658299,-0.008672506538224874,-0.017781140559893892,0.00037973144754193457,0.00039408529731249983,0.0004118782760264647,0.00014663456245838432,0.00027958916738352643,0.0004406532217164585,0.0002932251805529693,0.0003271816534305266,0.0003763983217156539,0.00033888626841009455,0.0003817430973500154,0.00013220656698883324,0.0002797772250652126,0.0004317317575752152,0.0002734141093815562,0.0003546420639421512
2019-04-02,0.015097405533141622,0.01701871434089922,0.03604281428169163,0.002652785842588235,0.008615932045991984,0.012979161826715263,-0.0009063340918409567,0.019413746678379955,0.0003351868851675942,0.00038562846166354274,0.00030146003303791846,0.0002012553707249665,0.0003326408587693914,0.00043674346028853896,0.00021079482043257888,0.0002736379337329677,0.000336113888321561,0.0003237715446263836,0.00031631643206479656,0.0001907276006471861,0.00032054273165339265,0.00043977419875137363,0.00021532575942556246,0.00028648709657821394
2019-04-03,-5.770015925393859e-05,0.0016764484083409317,-0.006726635251970691,-0.00884330034370008,0.0007655868957240809,-0.015270856075006726,-0.004434751255389382,-0.010600948010601446,0.00044518433764170474,0.0003191624828966942,0.00037064030245009447,0.0002776504790674713,0.0002312880740636055,0.00039752968125495195,0.00017994833449206353,0.0003176486429312652,0.0004326843098254625,0.00026800075110638245,0.00035145690340853547,0.0002906025142109617,0.00021803368806407568,0.00043254198881970135,0.0001806583669094191,0.00029143694983847285
2019-04-04,-0.05545733323827455,-0.013832038776149042,-0.07165127628138288,-0.03752441623134727,-0.025688736042257698,-0.032217584023917,-0.01189509249814533,-0.029019442333660196,0.0003259995099080443,0.00023235741336810888,0.00034538779503411835,0.00016052588706311826,0.00029913152552503696,0.0004001419842774803,0.00021950940203342413,0.00026486785249608654,0.0003394254607603067,0.00019661135586011546,0.0003711910160850711,0.0001568433647333436,0.0003029801151537471,0.00039420824941264354,0.00018457967051078067,0.0002971233850512337
2019-04-05,0.02156465284321574,0.017980240303277252,0.011319727957687714,0.014137342020353516,-0.0077333477375039214,-0.016621692466440085,0.003247716892445414,-0.005953643120841106,0.0006420175732274287,0.0002628002041860785,0.000778472741503704,0.00036964795549953964,0.00031327438021211076,0.0004026610426035769,0.00023877311012681247,0.0002947229940913331,0.00065256354834626,0.00023319224090558168,0.0007475398107332113,0.0003402276992706696,0.00031300640792488447,0.0004288391929101178,0.00022562113604898855,0.00027393960699229584
2019-04-08,-0.005558466759246921,0.014285789727291191,-0.007206313096462406,0.0043533957000045104,-0.0009117865657938069,0.02630431589380844,0.016530402001431882,0.01195292702365464,0.000604236980787984,0.00024516244329463293,0.0005449572943655795,0.00024384586416054867,0.00020330702776055238,0.00037360002910908843,0.00014397762755261138,0.00028855057250757904,0.0005299403695162009,0.0002122055627995078,0.0005006621044710563,0.0002007996997206908,0.00019326141644516323,0.0004006757006962212,0.00015737249036477103,0.00029953814899451417
2019-04-09,-0.01605969256653222,-0.013157708057145698,-0.02412827413995266,-0.011818050553664349,0.013076809619799975,0.011938407929976864,0.0068956264839703,-0.003381448919920536,0.0006552223649843832,0.00026105738337051673,0.0005744306839362258,0.00024023750930915987,0.000321978035631332,0.0005472051065289037,0.00020155343097111178,0.00025528413364700974,0.0006362720617735467,0.0002616960205846779,0.000559719220388212,0.00020483703580930087,0.0003059186239684577,0.0005982001392864909,0.00019098630559280896,0.0002480241744992927
2019-04-10,-0.007787840571573843,-0.012711674929383058,-0.01206257166464518,-0.0003164175055199662,-0.022479194306125695,-0.026257347781420012,-0.0007402539596120267,0.006636497408962957,0.00040846928985719365,0.00033117493524723035,0.0004465035620801532,0.00019220812718118607,0.00020633062266990274,0.0005896998625585775,0.00018524644076887167,0.0003254874826839665,0.00042702007630947595,0.0003554092512518035,0.0004296458996949462,0.0001941984982153174,0.00018259545023185716,0.0006373695961889937,0.0001890105637904548,0.000275397927000894
2019-04-11,0.00857103819155827,0.012021927629642637,-0.006698821485877589,-0.004712416089229509,0.010236137372710816,-0.003885981889003542,0.02209670455689583,0.029855310137472977,0.0004716295713575879,0.00027337852388653925,0.0005190087233703093,0.00024352855142500415,0.0002834419645854624,0.0005228456014358462,0.00018022716240941687,0.00026127633118492314,0.0004892498204723807,0.00028898497684117365,0.0005503933032900718,0.00028512117546711685,0.0002971761270070263,0.0005554283593476417,0.00016514660780429105,0.00022367799168690464
2019-04-12,0.01752264502852966,0.006788194985015849,0.042449606886961457,0.021411137310746568,0.001776081259491576,-0.02850048410595054,-0.027621474998838567,-0.0009278845604645735,0.0004215865047058358,0.00030380274192407257,0.0005300228296739528,0.0002587897215583921,0.00031302269261380435,0.0004165119406509389,0.00019609936950266545,0.0002931475298984585,0.00042719455708727577,0.00029800796706227166,0.0005778110757834545,0.0002543604318334334,0.00032471068950622666,0.0004125566723372456,0.00021911347084969027,0.0003024931141150391
2019-04-15,0.009400177541098105,0.00959158369104667,-0.0032586267409278587,-0.013124116363631616,0.007947023215053367,-0.006479720568754549,0.009235658153913646,0.00303535149059296,0.00041243373272940105,0.0002205512711206663,0.0007065230010883379,0.0002534967246791464,0.0002977318061784951,0.0005525467206431269,0.00024041187395239613,0.00025628066443430283,0.00038963532715266877,0.00019964792450265367,0.0007123512573648333,0.00026436136096098784,0.00022563976381981745,0.0004203841968057687,0.00024691719964819244,0.00022490115610737402
2019-04-16,0.03261871224318293,0.022136616445095167,0.0324777224018344,0.03283121191200198,0.007700119356478593,0.011777583187220919,-0.004515402037430654,0.006930386132312936,0.0003933323305545224,0.0002836606938522584,0.0006641159507583096,0.0002453793408401601,0.0003139770967844608,0.0004831866012245921,0.00021086056454632697,0.0002693361330104589,0.00035965147717917,0.00023811477892573616,0.000674859248365971,0.00025658079905078714,0.0002928940392906641,0.0005126554908978627,0.00016932421076531315,0.0002686206652943276
2019-04-17,0.03211800713025184,0.016335963977151112,0.037789271439505674,0.01664465171096476,0.009525151113826633,0.009660231591587763,0.0015965567898779927,0.008918049275696551,0.0005264278415766093,0.00032034847205018337,0.0004633194487595963,0.00032711200748877816,0.00025741004502724036,0.00033500100815055036,0.0001953668519268715,0.00022476107603156947,0.0005683109466403499,0.00031365728351378266,0.000494731944043412,0.0003488092656197874,0.00027047374444437374,0.00030879687956936457,0.00018917803231296664,0.00024557330423660744
2019-04-18,-0.006802150304431737,-0.004572949647754294,-0.024863367974065596,-0.001010172576829204,-0.00707683553204021,0.014931415284270248,0.0002923281984975833,0.002124248176356176,0.0005209929085152966,0.00028925210964380704,0.00047747120900326205,0.0002615369652261214,0.00022186954349569834,0.00041402344316702724,0.00018539953766139223,0.0002495682285555666,0.0004905578515157476,0.0002898952045723914,0.0004707080854693961,0.0002914016725104031,0.00021018419526652436,0.0004276098798636832,0.00017671968400960307,0.0002362403905828997
2019-04-19,-0.0058025881764883535,0.01025197487590635,0.014214308291228364,0.0194143320933639,0.010234846694065814,-0.0034426237143873164,0.003343451595577875,0.013499623628893159,0.0005153960551445206,0.00020152872601400163,0.0007710623347948283,0.00022960576487362315,0.00020691443067285032,0.0002587426118513185,0.00021825345784400607,0.00022308054232692974,0.0004961188047357126,0.00021113680919234332,0.000736611823754123,0.00025128139855958535,0.0002047069533597139,0.0002704291041896098,0.00021652308448496353,0.0002030337807113681
2019-04-22,-0.008318614282491091,-0.0022221819197884925,-0.016500878786174785,-0.0088302286763404,0.0046533989256883025,0.013666711384010906,0.001772664188356263,-0.004562480424134203,0.0004394013134389518,0.00026792615588629984,0.0006988030228923371,0.000358452109115299,0.00015840070277225833,0.00025883347788756587,0.00016996889940535423,0.00018077868450733266,0.0003879284688836119,0.0002622951572017934,0.0007554239384536828,0.00031694096837399675,0.00016829881736165605,0.0002156457574497421,0.0001722436715429547,0.00016773338585720287
2019-04-23,-0.03704602485519015,-0.00680403302132268,-0.050902194756134285,-0.036018562588772396,-0.022694551120835273,-0.002391477868194537,-0.014665518194596973,-0.01688149298558123,0.0003398071494562623,0.0002851826168685389,0.0006223150636896667,0.00026478097817417794,0.00018507954426417187,0.00025439038152312045,0.0001340662571792763,0.00016431701581591122,0.0002949522142522585,0.00026982953685915237,0.0006306194157935828,0.0002940194145963646,0.00019661357605594648,0.00024211549394772668,0.00014375166239130642,0.00017148954298266207
2019-04-24,-0.005905745132805348,0.00625021769441277,0.004031848596621867,-0.014142336572718173,-0.0010707899028090271,-0.01690081559274946,-0.019575097649452238,-0.0024997012314071218,0.0004467199417302752,0.0001836088238832393,0.0007095515191978887,0.00021653023689247633,0.0002090786868718838,0.0002896652011060808,0.0001746911341328759,0.00024938835803898503,0.00040311308305998904,0.00018886536266375195,0.0007123006449242146,0.0002229955104458086,0.00021597848287840694,0.00033654331618201115,0.0001830321067680675,0.00022651179592050196
2019-04-25,0.0002532551959485521,-0.000151040437795709,0.018414073682928647,0.0035561112550595063,0.01328172802247609,0.016705122958912896,-0.02456711359398252,-0.011401914534598484,0.0003865408316553538,0.00020470461965849053,0.0007013779171435296,0.00027795706900175495,0.00023151840771836352,0.0003263947432559858,0.00015589866834694015,0.0002805137171704179,0.0003314767566268073,0.0002020769111487637,0.0007821403025164877,0.0002904072874468787,0.00021076831151255632,0.0003211533538703722,0.00015076629040829432,0.0002998406243654202
2019-04-26,0.008855305084369266,0.0006560426342598722,-0.013647154375032413,-0.0013809663078253186,0.003386458692859442,0.005766488186718747,0.016737770421330067,0.007975253483257342,0.0003333938002078721,0.0002139932176674475,0.0006577457299684681,0.0002770448634333733,0.00022268032926297244,0.0003796644635201785,0.00017179140761088642,0.0002690707732792317,0.0002788395598072669,0.00021314024906715314,0.0006632684049646839,0.0002780364594592527,0.0002301705115885581,0.0003136915248762704,0.00014878056687804374,0.00023432505677703285
2019-04-29,0.004741795704377496,0.008839796406694373,0.02195511000872805,0.017921061682541907,0.0024171192833581795,-0.028947722027434262,-0.006945771375830698,0.005099125121312164,0.000358510870754614,0.00014638023731931943,0.00036952007573572723,0.00021373294852008215,0.00020141649449483662,0.0002802094064334834,0.00026403052287573935,0.0002684546218472835,0.00037443731624539595,0.0001335122834986087,0.00036763087332685834,0.00022006039977819905,0.00016489002277550314,0.00032817064965499963,0.00025477931491958694,0.0002719723121259865
2019-04-30,0.00398462963995585,0.01214280673690508,-0.015173207601238015,0.0007140763479194906,-0.014244460057428087,-0.04023754967680169,0.004272859651341242,0.01235218775812233,0.00028727282978671794,0.00018970287125424617,0.0005344263810101359,0.00031254507753073293,0.0002340293092219535,0.000311502759554036,0.00021968953050018834,0.0001686666571588954,0.0003396087310180362,0.00016870202175692212,0.0005100313771749336,0.00031938358222853775,0.0002430933336033042,0.0003190135187523671,0.00020721778208655255,0.00016559108583344542
2019-05-01,-0.05466527834556106,-0.038962668586099744,-0.049216220605858986,-0.018908912999844867,0.005569850238942825,-0.011895237171172406,-0.0232502044984982,-0.038340450458021466,0.0003497673477254101,0.0001634325998562545,0.0004980833875133103,0.00031646660214333113,0.00015974132319689928,0.0003791791960023374,0.0002677456559886384,0.0001957893287185577,0.0003261028829677698,0.00016487960841301955,0.0005105604966278214,0.00032684142974639436,0.00015368961257089607,0.0004028311198878526,0.0002533064908803057,0.0001918285870299631
2019-05-02,-0.0015169477784982982,-0.002974141583836294,0.007277564454515214,-0.00886876919744675,-0.0012982842783673158,0.010398250284082467,0.00373510774480125,-0.004004974902024124,0.0005191632635793805,0.0002150705741632096,0.0008517484206092318,0.0002245072613102631,0.0001637433248723174,0.00044023192206448284,0.0002601654578284223,0.0002206596809643489,0.0004608306041075925,0.0001868644232266075,0.0008836670068854413,0.00021755025273983996,0.0001535378608665171,0.0004576025357895604,0.00025767522849321194,0.00018507530727586077
2019-05-03,-0.0015633937932437924,-0.0020218062545096106,0.017361931770306323,0.005422820166223471,0.00437785228016631,-0.00205374319152101,0.007955077209360626,0.001862558655354393,0.0004295975334089494,0.00024544254174786896,0.0006180856900139636,0.0001989590024777845,0.0001753624983282732,0.00034953810558981054,0.00024153589923372426,0.00024823690910297995,0.0004483649554984194,0.00022884177698543134,0.0005880967448112666,0.0002287325693975325,0.0001591253385846441,0.00037047432360267897,0.00024441304093812303,0.00028833839426916383
2019-05-06,0.03910007360233292,0.018331863558056227,0.03390660192098185,0.02143254832668944,0.02436381442817491,0.028762101246753474,0.02913502098922419,0.02376694668296585,0.00044359403052818285,0.00022562570702037692,0.0005438907456320999,0.00025442762966855536,0.00016388556167867238,0.0004761049030171432,0.00023266526348920732,0.000257743586216804,0.00040440752881200446,0.00021063283056279463,0.0004655456250308479,0.00025141193284124863,0.00017227795762117965,0.0004183162639680884,0.00021325158857794793,0.00025820650058806164
2019-05-07,0.005383273552052352,0.01493946722274656,0.007124710074744686,0.015867977660586747,-0.009258492630247007,-0.021220439718605273,0.0005754601261156315,0.010512077359793301,0.00039868403178534677,0.00022328997459227385,0.0005325672047510378,0.00018908400287443063,0.0001998698316863111,0.00042182904070613305,0.00022649430971388737,0.00023348868666028027,0.00038934848398668745,0.00020959769621279044,0.000515758196545079,0.00017850127763762425,0.00018777668767320222,0.0004863866354277089,0.00022482518252004858,0.00020721335849420243
2019-05-08,-0.005046055884484474,-0.008987801039136777,0.0039263443171823524,0.0069329424783726714,0.01909329871583132,0.006074106185480112,0.010164495469917007,0.007792605219504385,0.00045169656951824655,0.0002885643580588965,0.0004493429964001721,0.0003056310959970728,0.00014106699454081393,0.00039613101624387217,0.00025509981220098464,0.00019635575766229242,0.0004110813079290877,0.00029395139396364906,0.0004897310370028563,0.00029690006599237607,0.00012362438317151236,0.0004056956008057568,0.000255471212445879,0.0001606746195049469
2019-05-09,-0.012639390221273687,-0.011432826767559778,0.019338440958615817,-0.006707574970330148,0.018187290085117894,0.020675818420823562,-0.0020459822154404892,-0.018828503518462523,0.0004347550633421022,0.0002787223993528463,0.00048041592725780747,0.00023692363672616872,0.00020345699778768887,0.0003532391883651455,0.0002611480111597281,0.00023200108019963013,0.0004380732439665812,0.0002277855592155525,0.0005220087544488839,0.0002574642981071386,0.0001977266123630415,0.00038570486179571834,0.00025356112379748644,0.00019587696501325834
2019-05-10,0.029665142808413095,0.0212488989892871,0.011119323802384314,0.010833509391931069,0.0011280203328461185,0.00505770986960148,-0.0004506890417246781,0.0007490247328906356,0.0003996218002659117,0.00017680766700842719,0.000611086756691353,0.00022052936382391963,0.0002011260971739168,0.0003595288968585686,0.0002268192393657906,0.0003050698117441573,0.00033354956221837205,0.000184590028914919,0.0006242644356273668,0.00021973633035092673,0.00016521136006256146,0.0003378188075792012,0.00022133874734644521,0.00029913295183718917
2019-05-13,0.023927513370943128,0.018399145000219552,0.006582592701835163,0.0023788162168902702,-0.004944088295340192,-0.00841703090202475,0.005773353574171384,0.01882959908398606,0.0003920956947732258,0.00022125783859221592,0.0004669672424733988,0.00017498060137317517,0.00018052093217184513,0.00040696321884618313,0.00018621357988281214,0.00025535192507112546,0.00037039309854661846,0.00021892208755490197,0.0004754513739243739,0.0001812933748602859,0.00019749345899080172,0.0003886798612301,0.00017998150781901995,0.00022492472662661415
2019-05-14,-0.023973582613529224,-0.005189373449054814,-0.016317627514363824,-0.015504277199265178,0.011911815634590726,0.01845810599759383,0.017776635157400137,0.017036561170553962,0.0005347835017400976,0.00030437366990814765,0.0005056485834089749,0.00025487558772754036,0.00022696383105016453,0.0003144080601214912,0.0002033390610558178,0.00023954928845489274,0.0005140312658333875,0.00032220155125702287,0.0005517017324909344,0.0002499064410969699,0.00021401353843047367,0.0003107474289511691,0.00020590743912604728,0.00025668259796392023
2019-05-15,-0.0017961872656787653,0.01704042497152548,-0.010094181731886007,0.0032944647983578646,0.0022625435462274154,0.022206714971397604,-0.0008428260321760117,0.026470780244845428,0.0005649337492809013,0.00025305792368347617,0.0005019289232239679,0.00017447223920186373,0.0001454916644009706,0.00041591104302241694,0.0002313276813444922,0.00019310852338387982,0.0006405276677147676,0.00026689874916796,0.0005188463385269281,0.00018495968416190945,0.0001558985212041979,0.00036209071017963496,0.00022145332331264102,0.00016153230564773085
2019-05-16,0.023121753357505364,0.0056178109965709586,0.027732580601109603,0.00918910754172366,0.013455141426463499,0.021885881374647493,0.01727094376691995,0.010506731710945034,0.0005049737035452513,0.0002150498838933374,0.0005261714391730512,0.00023533566976897876,0.00016957554228771507,0.00037103335878842453,0.00015089500847448713,0.0002796562910234002,0.0005163475805527774,0.00019477868925035758,0.0005211018209223126,0.0002300779562321605,0.00014658178862528184,0.0003904034697751563,0.000145223425697705,0.0002670586047139632
2019-05-17,0.017172302462222316,0.004532279149319462,0.0036010455821373147,0.01316992798987217,-0.02768658226140369,-0.056092431422944365,0.009094750998195645,0.018487989506202666,0.0006855474429373361,0.0002359873298181926,0.000444690594416163,0.00018730394328842122,0.00016384629843883708,0.00033820497287714147,0.00018010393064621548,0.0002978051175204525,0.0006193253495415821,0.00023474188828792467,0.00037489134092204464,0.00017412097823094156,0.0001647465030988909,0.000329220793207133,0.0001694231046919218,0.00030954113084997965
2019-05-20,-0.022099831639300203,-0.01676844668126944,-0.00782977758592176,-0.018939531852086355,0.006358888005021215,0.02223821532015896,-0.014596165656397651,-0.023795770582953776,0.0004655225609869531,0.00017247597670781012,0.0004904611605670375,0.00016440195489766078,0.00018179326639570744,0.0006741598071186046,0.00017239537889014633,0.00029428120324275674,0.00046301479765933066,0.00018939545625438093,0.0005275775606200557,0.0001356238745761253,0.00018947718286772296,0.000581579724323907,0.0001721541954301352,0.0002865592895245683
2019-05-21,-0.009720588836018658,-2.4920819306210168e-05,-0.02830122433147485,-0.007786220788196329,-0.004813137973562983,-0.02412882597359934,-0.00013179130981355727,0.01692811345341937,0.0004033959142949539,0.00023747988888831047,0.00043941570844899903,0.00021614090175856558,0.00020660402904287966,0.0005533014072688042,0.00020024758878532184,0.0002367720836122296,0.0003689156734235691,0.0002401615479100144,0.00046516208988744057,0.0001692688707191059,0.0001783388471910199,0.000476335957687339,0.00020177401292042815,0.00023157817910199555
2019-05-22,-0.003012965482248861,0.002425702269499581,-0.009574904759497866,0.008157815761615192,0.03155835549218701,0.02907477146438068,0.006943951010638036,-0.007073361015258394,0.0005009335263998797,0.00021724901512083924,0.0004689900568823892,0.00022037098380896523,0.0001826278431743724,0.0005965841376851499,0.00017446006553468654,0.00031500907832833405,0.0005610722609885681,0.0002176974369199208,0.0004790866322923931,0.0002129716860869816,0.00018902397704192346,0.0006418042977377604,0.00016918784650738985,0.00031279353091831307
2019-05-23,0.011613364462075249,0.00985247925547727,0.010763144485977531,0.0009775840652023909,0.011872234247076683,0.006452163408107987,-0.012955966576650527,-0.009796193285085922,0.0003602156153941123,0.00023182354979034615,0.0005005365384261971,0.00024423520094666776,0.00021273702210138589,0.0005675832959704459,0.00016325336093784304,0.000266051003670692,0.000337413919780194,0.00021631571110319206,0.0005125455396723383,0.00019731034639778336,0.0002084248073653272,0.0006357437574132417,0.0001516902106637384,0.00025710716151821446
2019-05-24,0.0010581599625371007,0.004009756823822843,-0.005277444860814416,-0.002568166287985635,0.012683655836578668,0.015568495515002329,0.006646482598957575,-0.00014778629538209298,0.00038301656207707474,0.00017055691817632036,0.0004173541802675715,0.00016043185637482942,0.0003079624442074844,0.0006419100294833137,0.00016908721072072267,0.00023105311927910463,0.00035677973185849123,0.00018932032389365076,0.00043884048806642405,0.00015511729686462113,0.00029989230104808924,0.0006822430976975584,0.0001745156508363502,0.00022971608894293438
2019-05-27,-0.03544611805068916,-0.0325786028508234,-0.059526921346354934,-0.007013196643725371,-0.0398178750897516,-0.04436538184874337,-0.005610621493213403,-0.007165690428296994,0.00032822267310630185,0.00016714195655013597,0.0003705806507778697,0.00015760005234091365,0.00023867101364106983,0.0005213237472033371,0.00012380206750920876,0.0002433867466150827,0.0003362104883958777,0.0001730676495143993,0.0003393023466286596,0.0001430347138194237,0.00024042270116643238,0.0005049591518493347,0.0001306824277171614,0.00021550939139721915
2019-05-28,-0.01671928641120556,-0.01026149589156505,-0.01649824422051315,-0.012742467034394687,-0.0001806801557857877,0.022879959888321148,-0.008086188508976707,0.0007189642709020359,0.0004054224072439815,0.0002170126552762713,0.0006436089329234609,0.0001383523021771358,0.0003648501611870862,0.0007251736998412073,0.00015608394698561907,0.00018842109177110466,0.0004535797838434829,0.00022066729756620927,0.0006956224496833634,0.00013948998938361593,0.0003157964241413725,0.0006851322019568353,0.00014876124014391012,0.00017209536392526241
2019-05-29,-0.004456307555977819,0.0050982287660143455,0.01520861978782803,0.009372173249854964,-0.006493794207746707,-0.017247460322344796,-0.012556939030101853,-0.008483337653614361,0.00048182869204523504,0.00023311708370132365,0.00044257483426234003,0.0001923992598562723,0.00039304644327539754,0.0006309239102033887,0.00014600114580592483,0.0001763724983219761,0.0005548124713325323,0.00024170404471571087,0.0004545525446919941,0.0001842021917919902,0.00040283310768450846,0.000590796800898997,0.00014143660259613488,0.00016458542243418095
2019-05-30,0.016418675442485122,0.017925938734121457,0.002615817463392932,0.007030672347855909,0.015756301657337424,0.021506157687095455,0.01894284956053003,0.022053708348271556,0.00034791197808093673,0.00018874892877651439,0.00045922349880999535,0.00014802689552001613,0.0002369937652597329,0.0007054260389795534,0.00020552211921092648,0.00020655113527207503,0.0003644568940157723,0.0001850687181019952,0.0004557688567482354,0.00016715884630780976,0.00022314340009236581,0.0007525490306933186,0.00020237980829470784,0.00023228079954833392
2019-05-31,-0.006075595661279356,-0.010594481990071637,-0.020668015393561254,0.0036438578961447716,-0.02551415806125723,-0.03324376775021424,-0.0003253143626775769,-0.00546664078412149,0.000355549231938274,0.0002981797122523069,0.00037012259739860993,0.0001562529586491317,0.0002868315596798412,0.0004862795856174385,0.00018077623306661368,0.0003131461512767349,0.0003479974527464821,0.00031802281066075033,0.00034058722667221366,0.000144916175836999,0.00030470801327887436,0.0004908446477367921,0.00015597730538695147,0.0003119115233030925
2019-06-03,-0.0018630781935529122,-0.0074592034405034395,0.010287196261328152,-0.0025064432675928764,0.0020593404957318043,0.0013090077077279668,0.0036622828754945395,7.130455016614708e-05,0.00032810575865436874,0.00022821389754876958,0.00045730535773505564,0.00013929564740208499,0.0002490788862310728,0.0006361847313811192,0.00018861811850121526,0.00020969799126751643,0.00033485459686803784,0.0002520413680821115,0.0003758842624981477,0.000124567955763793,0.00025968269460929127,0.0006429195876563838,0.00019872588727789137,0.00015110678259698984
2019-06-04,-0.0006410107918980399,-0.01346183100132795,-0.01542908877136097,-0.0030899032041512603,-0.026979402978576927,0.020103708318752453,0.006009417137430482,-0.009796715262037908,0.000368554473431358,0.00019904932427431364,0.0005541339166354032,0.00013116504152344571,0.0002489143633943638,0.0005176939613383353,0.00011691381047632751,0.00017012383598126693,0.0003051573185472938,0.00018675945732003142,0.0005498722079535401,0.0001516368877246527,0.00024323119487299884,0.000510158998866134,0.00012074838406059737,0.00017219589469097158
2019-06-05,-0.019868493954647574,-0.01030955308303755,-0.040631980936276915,-0.014458342010851565,0.0063088848982294915,0.012962908860949054,0.0007282123250253233,-0.019362443742442684,0.0003044219233673687,0.00021889972383175817,0.0003239490004972281,0.00013189971230935646,0.0002641542532169875,0.0005727622341868339,0.00012114463549497631,0.00022058601216543144,0.00034570327590797094,0.00021883689704551133,0.0003307486682826707,0.00010982226426986224,0.0002615198763529745,0.0005688412683237566,0.00010149550006736579,0.00020592731424921515
2019-06-06,0.0072702573049505965,0.009492137567999718,0.011883720166634755,0.004797474605254519,0.0053321984029262625,0.005915948876440693,-0.0019079610806382406,0.010911926239442522,0.0002656824319873312,0.0002543287203899983,0.000732568579764242,0.00013525054464902226,0.00028821712230329933,0.00045502382021268535,0.00012659399483300584,0.00015555738285455317,0.0002594997717370468,0.00025387463301753554,0.0008250536381859553,0.00014805017587065435,0.0003055713207236505,0.00048561220508856523,0.00011072753340246644,0.00015840334866632318
2019-06-07,0.0006390390613524831,-0.012803083154656574,-0.001414754353518605,-0.0018059789522407795,0.0011031907362828968,-0.011316568427860054,-0.0043472353289191155,-0.005744962006588959,0.00021803975087227487,0.00023457346324999567,0.0005994184735513185,0.0001079252301576431,0.000325212505911399,0.0005397918245238742,9.71228547097257e-05,0.00023380133598931775,0.00023520243847220798,0.00020785361700687732,0.0006915754286046816,0.00010426088674202218,0.0003441762506744859,0.0005268757319944564,9.63289656331874e-05,0.00023324710535791216
2019-06-10,0.03741600859538425,0.027660689072314705,0.03305509488241107,0.013738174297043618,0.0055875064949209964,0.01596236865302101,0.0059423392550613545,0.026605915996711745,0.00017403607003784355,0.0001998070911545539,0.0003726716196847796,0.00011411270115632767,0.00022462284566946865,0.00045313750057730264,0.00016476471078040672,0.00020067439308517007,0.00018484914060704188,0.00017826533544211271,0.00032524063201148863,0.0001203702587500023,0.00024401600921752825,0.0004753792903030587,0.00018530812974281954,0.00019649705629162
2019-06-11,-0.004635242614887597,0.01030844347598726,0.009502234787703465,0.007588212517015228,0.011710263061814755,0.020582887874551085,0.010995557887914049,0.019859001658175453,0.0003849300181765055,0.00024536917427239236,0.00043254578459294107,0.00013786793148783826,0.00021923879917842514,0.0004386795754468462,9.757053391523311e-05,0.00023898161723803134,0.00040073480596609625,0.00018801841750777087,0.00048631531950035057,0.00013799566010347136,0.0002065447079930537,0.00040245709564495935,9.597788688753225e-05,0.00021777823045744603
2019-06-12,0.00061704153288117,0.0007707668169657577,0.01010710277577948,-0.0018313790970412866,0.005971583572851547,0.01264111259526034,0.0018839175379705914,0.0016052239431283545,0.00043311945004670074,0.00025523662149394235,0.0004263542379842484,0.00015408380279930325,0.0001846398488581342,0.00041779362587098396,9.380696367294532e-05,0.00023367495028866364,0.0003663619299063235,0.0002627246946716754,0.0003618273848968785,0.00013252709209678168,0.0001630671370543518,0.00040047312338453635,9.459581681318366e-05,0.00021593889338898667
2019-06-13,-0.007151760984939099,-0.00015714038044130943,-0.01836855714594772,0.003113174086633905,0.006705809899370248,0.012781504688354347,-0.002906133828167808,-0.0019089234694163013,0.00031656615902398116,0.00020589600984740277,0.0005902936516331001,0.00014190323385675614,0.000268121682169056,0.0004228975959485201,0.00011084584857271524,0.00021862865403319084,0.0002997097140504144,0.00020605914497966927,0.0005384828572927853,0.00014333379531991007,0.00030449041788219817,0.0004682848034694704,0.00011016811835128813,0.0002522325066104052
2019-06-14,0.007273288877877502,-0.009909729921097402,0.015161852101060679,0.01332226319264326,-0.012971593435337976,-0.014102434419713046,0.007200009872983288,0.010923285399833603,0.00035647938709592377,0.00017599240111240076,0.0004450425400172649,0.0001173791005542264,0.0002588347651511798,0.0003516116924014105,0.00011081080154018437,0.00026966472555287047,0.00030085159153877704,0.00016762701696024598,0.0004418766045088434,0.00013408964408333525,0.0002726157969138742,0.0003757088739068019,0.00010826844316635385,0.00025909688859298104
2019-06-17,-0.002315363922619325,-0.001901639773348195,-0.003809658172895452,-0.009317529247537561,-0.0070280453044897885,-0.007642778201205452,-0.0046285045610182035,-0.012011745001751326,0.00028515130720534377,0.0001107490117617888,0.0005166286804938575,0.00010814092016433477,0.000233613732085164,0.0003535938491294765,0.00013318037119815042,0.00021869166382009866,0.0002498051592787391,0.00011928162031753994,0.0005678153238328969,0.00012041680820999247,0.00024731755366447184,0.00033805215546051077,0.00012024645119234628,0.00022800761463279948
2019-06-18,-0.002878750115912389,-0.001824807285847534,0.025903632477759356,0.030960527062710835,0.005596284592155744,0.00992415587712458,-0.005459191521002643,0.006444421842133287,0.00022282304875650887,0.00018115251019867648,0.0004153581175584656,0.00010935665091595,0.000200346315183812,0.0003460322466323283,9.241545353230767e-05,0.0002423317620656944,0.00021697289021196253,0.0001737401882643846,0.0004164903105023632,0.00011783058635296396,0.00015532514916896827,0.00036909033195356417,8.470194521315715e-05,0.00022083802625922212
2019-06-19,-0.00933599898371398,-0.005365415979022145,-0.0010736117426173846,-0.009706369370843647,0.0005421805749048273,0.021955535957725546,-0.002075162686955822,0.003205303807566835,0.00020204043873898913,0.00018143790635070475,0.000412504957419634,0.0001797466752233031,0.00018874876026467796,0.0002646522766276033,0.00010260629692572472,0.0002522783644035434,0.00017905930920894338,0.00018802345388179448,0.00040923993459480795,0.00018567831603659606,0.0001885220374991578,0.0002710401096160185,7.597249238329588e-05,0.0002640410931966598
2019-06-20,-0.00430535974261678,-0.0015376268384390101,-0.007703952845028754,-0.0008062990612569002,-0.0005307000403617794,-0.008592634999358178,-0.005442379790150441,-0.004274057270411013,0.00017796476682398687,0.00020320448920541583,0.0003200769778987351,0.0001686597112506223,0.00024573034473088457,0.00039953063734098087,8.70466165129809e-05,0.00012135118088355934,0.000134482159644526,0.0002310697485502227,0.00032407004567137454,0.0001444753517348751,0.00024424893286259617,0.0004097160240637697,8.821768468668274e-05,9.713746436983289e-05
2019-06-21,0.005770778828719854,0.0047137083140431245,0.02611136977704846,0.01607378022131574,-0.005925004903966689,0.017471153137731885,0.013535038775257953,0.020790352542336594,0.00018235332523987904,0.0001584310231999487,0.00033572969779798963,0.00014699936323642337,0.00016933538002439173,0.00026750358096627416,8.263431923025751e-05,0.00018097083152624215,0.0001847831370874732,0.0001679027710760075,0.00029965993439943453,0.0001389538150813261,0.00015984942698905427,0.000268942027325894,9.104888029930128e-05,0.0001795735850752947
2019-06-24,0.004731079132580324,-0.007256659647641996,0.00218722812295331,0.001530209340349092,0.00461435481591628,-0.013769974912301754,-0.004400288705008297,-0.00885083719299289,0.00017906461651096526,0.00015551231650432854,0.0003919810627600826,0.0001673027864002782,0.0002203979165337527,0.00023815779442552565,8.793421787886008e-05,0.00020422720814733717,0.00016159576127992712,0.00014003398971387885,0.0004393908079839117,0.0001585617039265583,0.00018984141581467645,0.00026301665482847023,7.926453934081466e-05,0.00017934842628425097
2019-06-25,0.0019581498077079137,0.0073029452532533635,-0.002127750447598528,-0.009133907365337441,0.015737396261211702,0.03347582563158981,0.012165134434757478,0.009638277048646816,0.00020587498958226857,0.00010670863216171887,0.0002866731292729821,0.00015202702400322814,0.000209795072110032,0.00031847771423473343,0.00011039864851808976,0.00016980185815603484,0.00022203361814324943,9.612195639349654e-05,0.00029731712482405,0.00015057107796735542,0.00020359798238589268,0.00029379797858225336,0.00013654452295729284,0.00017520709341145295
2019-06-26,0.01417268140370628,-0.0019914769767008724,-0.0007758590910439658,-0.0019493633544954312,0.002502527823509908,-0.006161360907574199,-0.0010083863059030574,-0.01127576765019068,0.0001740718797613688,0.00012157340649384121,0.00035941970645554904,0.00015698928771063725,0.00019357672270462652,0.0004884987526151686,9.601139291881525e-05,0.00018567622595814183,0.00016683729569659801,0.00011424298646396029,0.00037063022237988,0.00012546043422542386,0.00020705986892563023,0.0005280541021954378,9.087276259713547e-05,0.00018748442682346817
2019-06-27,-0.022141516653577907,-0.0126422927188948,-0.018613110812841255,-0.019957407945932756,-0.02556575641395152,-0.011157377092522017,-4.905979705889112e-05,-0.006583134136134975,0.000124911217116206,0.00011680588520731224,0.00036079080302903486,0.00017154500885009587,0.00017016609707834826,0.0002868728051177145,0.00010467492095941209,0.00025598483530024093,0.00010049370039976287,0.00011442904541280166,0.00031674967558747893,0.00018621405051352845,0.00019271214139061658,0.0002627312204763594,0.00011090595228635842,0.00027151459424415946
2019-06-28,-0.002689916549500937,-0.007998820166267635,0.008296602751101868,0.0014492042363203196,-0.005206168730911697,-0.011222766493873867,0.010680987891162381,-0.002315735754963335,0.00022221877678171796,0.00010307638569891247,0.0003951375532730303,0.00016050639496875208,0.000219161202075565,0.00040464092233973714,0.00010090504614966333,0.00015901124963047382,0.0002466642238899186,0.00011701763741906982,0.0004329273404561803,0.00017267666383924226,0.0002128796746024007,0.00035402032627923413,0.00010672093918629608,0.00017911547905287726
2019-07-01,0.0056553405494494825,-0.014356439947967061,0.006992973851201521,-0.004485257375027908,-0.004360028754248117,0.01968827546521866,0.01451028000846965,-0.004758034242090754,0.00022591546108439615,0.0001117122662143579,0.0003127509039049607,0.00012396331947075887,0.0002448184438668262,0.00035063705304855616,0.00011405316297477349,0.00016600941109870234,0.00020575225123942216,0.0001230134218877685,0.00029712716744914304,0.00011782846100790344,0.00024925568345788543,0.0003113435906485343,0.00011906390899574728,0.00018987180351765775
2019-07-02,0.005209414148617161,0.007218276742803246,-0.000803817675049151,0.009310490323875455,0.002163599502882954,-0.00540362538775103,0.00021990850960392242,0.0006634776498928589,0.0002256676427246248,0.00014935317817467788,0.00021410718233589852,0.00010372412391320977,0.00016015353557943807,0.00035399712084495545,0.00010377668703924673,0.00013973646265451992,0.0002571773345086922,0.00014817537111243414,0.00017976521846718962,0.00011278485699249327,0.00013436745650540635,0.00036722624086562655,0.00011542847299287513,0.0001566095701068941
2019-07-03,0.024320997945218612,0.002642099425909232,0.026540162647014698,0.01292183527582716,0.028672051281617456,0.021755310731554456,0.0038123735414961604,0.012242349470848176,0.00019609019488530532,0.00013553061667299777,0.0001704169805067321,0.00012006756278271026,0.00017485567338854473,0.00033553421864039796,9.5409393364307e-05,0.00014600298235710224,0.00020010755476626124,0.0001403151148582423,0.0001722769763759775,0.000132297693598915,0.00016203794538194357,0.00028998538116907654,8.034641643405688e-05,0.00015899681081045738
2019-07-04,0.011725008825449988,0.009860001587222708,0.0021841292311090034,0.0125024163028664,-0.015527175400064196,-0.015104041736814174,0.005760131204137986,0.00748337854720344,0.0001995830493409402,9.014084958351121e-05,0.00022495909488782554,0.00011370426125167627,0.00021183291998232902,0.00032397130876356413,8.697812734445549e-05,0.00017630728807023485,0.00016967213226701234,8.10595727583782e-05,0.00019536025237328335,0.0001064071913261541,0.00021185861813496795,0.00030309358640595043,8.743822994166251e-05,0.0001965902645766322
2019-07-05,0.00517937513200398,0.01374025295667675,0.006840308023657221,0.01718316745327633,-0.0098850487458228,-0.01102293036229762,-0.001524954332530331,0.011498156309633441,0.00016771252899886116,7.783955346328358e-05,0.00030897808022557375,0.0001381203841471818,0.00021619240465069688,0.00042460875161823633,7.132585808783828e-05,0.00011836298133998267,0.0001283851419546628,8.130780589166327e-05,0.00035222838741795113,0.0001295001708724621,0.0002421453869241286,0.00038006738311064964,7.239599686508865e-05,0.00011941014166141415
2019-07-08,-0.0036673894485842544,0.004966852040056977,-0.0043316656871703815,-0.0006322500741683688,-0.010711956415055936,-0.03148412476749885,-0.016288379005360034,-0.009214704169340233,0.00023875625741152256,0.00013147048119011346,0.0002838027434864652,0.00014306099812136556,0.00022793869896453755,0.00026216596070997237,7.206436999730639e-05,0.00016297292940431192,0.00022616746378885944,0.00013183654175842006,0.000297683782093635,0.0001340416004976437,0.00023745243718788946,0.0002570374814036968,7.044961412454888e-05,0.00016774156898377032
2019-07-09,-0.010202677668691373,-0.007515865116877151,-0.0024600656216107112,0.0008182269768560468,-0.020266085378829627,-0.001044014102052924,-0.004365098881338602,-0.004008440467340749,0.00017278179509573277,0.00015046014555536674,0.00033461192139742555,0.0001442201432072546,0.00022971570311876898,0.0004502152863557977,7.4285369053492e-05,0.00013935377141841024,0.0001819160276994186,0.0001510703724760369,0.0003383847027380496,0.00016085385681095332,0.00023635310641704005,0.00034508954038246157,8.295978843281269e-05,0.00013778066493165731
2019-07-10,0.01696501492470717,0.01817816718322825,-0.003993260148691236,0.01733612527086646,-0.0197152294240716,-0.03241783377468229,-0.013049555764041612,0.0053052908755878226,0.00017006063678745608,0.0001533778554867298,0.0002585992767742939,0.00016395943114858768,0.00018155064557167356,0.0003197835908377508,8.983096431910476e-05,0.00011102197626998718,0.00017046466181739453,0.0001593908865539899,0.0002575247275106581,0.00014059405997301816,0.00018911838265629082,0.0003230199903076947,7.600666074742077e-05,9.777275738483119e-05
2019-07-11,0.005427339351563227,0.010631495132686634,0.012030279838234327,0.006340990297294106,0.018488046197278608,0.018140165608467207,0.013952413911237629,0.01154121098049165,0.0001734890163719845,0.0001332300128344712,0.0001382907778113099,0.00013221415897647824,0.00021416103491370467,0.0005086886651661332,9.995814646111462e-05,0.00011474051879508258,0.00016893626510063525,0.00014650922288812624,0.00016336671095478183,0.00015111232824757123,0.00023935516296818096,0.0005351741808770844,0.00010486292082016613,0.00010814747059453638
2019-07-12,-0.013664891674807694,-0.004618626346294995,-0.018151870253449314,-0.011670785861215734,-0.007569279421551369,-0.03008970354429614,-0.013768681369963492,-0.015289694783975703,0.00017681648731028189,0.00015236184347595643,0.00025403931957733233,0.00011256999667354719,0.00021827715844974758,0.00034567045797784376,0.000143792600268379,0.00013745861705175043,0.00018699992917923887,0.0001527864615259144,0.0002861384031828237,0.00010649841890214272,0.00018808296802581023,0.00035629500009159217,0.00015786162967945455,0.00013840609543279151
2019-07-15,0.01749520937587294,0.019744135198021383,0.007455050082706254,0.017989776376805412,-0.002193472665265264,-0.018200604016431875,0.006725771154588883,0.01085638542738592,0.00017018873020917458,0.00012474153219049948,0.00015839905367345228,0.0001325809025102714,0.00034833750630545687,0.00041600317751266475,0.00017907425720582306,0.00016948454833111073,0.00017133259712260156,0.00011010672110671059,0.00014611948418520506,0.00013410909438466584,0.0003932427498745177,0.0004493219764808057,0.0001792890312461018,0.00015238480425603214
2019-07-16,-0.005816124691514258,0.00037858254951853113,0.005000640838159057,-0.005716814319363471,-0.003829565696101607,0.002801218471690875,-0.008207507978012321,-0.009377424880554054,0.00020484504303062065,0.00012631226464982856,0.00018000012428303459,0.00017821004642930516,0.00018389839485462168,0.00042461263318588983,0.0001295654975813949,0.0001433210367114261,0.00018940079370166388,0.0001308283751059403,0.0001610743528318738,0.00015998506988470113,0.00017010015735384153,0.00042965188505885544,0.00012398829567979012,0.00013869594619156844
2019-07-17,-0.008927104669368162,0.0021140067272696055,-0.0088971651781948,-0.004037451033644419,-0.0035681891859038577,-0.018501387796173434,-0.0025490656247407917,-0.007091325739081536,0.0001714225297704659,0.00014174000794823943,0.00015507112921699952,0.00011814064239844845,0.00018817137121267545,0.00044117384777217413,0.00011568274624058229,0.0001226465584434776,0.00017569958586939084,0.0001427048125788719,0.00016958872165171753,0.00013042668131900366,0.0002004681067140426,0.0004819893638138046,0.00010925408459714835,0.00013337605367129036
2019-07-18,0.014413222572406625,0.014848570863125894,0.01654602849082438,0.01944273720535907,-0.0013793444379002308,-0.005604420871549634,0.015348249548647063,0.017497944600953066,0.00022625422363511347,0.00015819562714237742,0.0002139467540619373,0.00014683929103657823,0.0002307727586974307,0.0003347528167367098,0.00010744981288592729,9.993651438211565e-05,0.00023150594312977145,0.0001717545916403549,0.0001992834702331831,0.00015992073945239005,0.00022424964662011416,0.00033226846250374525,8.780178667329926e-05,0.00010869163848898097
2019-07-19,0.03252008734882252,0.004724086373831165,0.02486686834991363,0.008801114129857918,0.0006248548866945704,0.015323221885479823,-0.0013762134974506105,0.0028272529206378105,0.00017886720722451972,0.00015858681968250452,0.00013949275979700817,0.00019764534724798737,0.00018377855590276065,0.0003833611951361065,0.00010817446379942608,0.00010487118005198914,0.00017997404784887526,0.00016381250351709694,0.00013894977345266734,0.0001938182890780435,0.00020343689827303826,0.00037907654077354346,0.00012178633803019231,0.00011424344490538339
2019-07-22,-0.003718052474721217,0.004523152004679227,-0.023970884053699435,0.0001519842784702995,-0.020955374919308732,-0.035219411318531686,-0.014901214262473607,-0.01757848306697936,0.00028865658643595566,0.0001980564967375621,0.00022035486709289802,0.00020651113832611837,0.00017025390023480094,0.0003027449743424965,0.00013574636271871163,0.00010772344498649215,0.0002905090923820231,0.00020401310975316517,0.00020599533640060444,0.00020469644613448475,0.00016688867329464074,0.0003340727480938291,0.00014946841454494732,0.00011747834451964655
2019-07-23,0.0032830596291002017,0.007358755881046276,0.002996407869716782,-0.007422436790375101,0.0019341911219978504,0.013395114910852088,0.002529328895567231,0.006269790840808172,0.0002627788524960405,0.00014773067241201005,0.0002305101058165813,0.0001691349095010577,0.00019493396456355392,0.0004793669294797272,0.0001039339069161074,0.00012767560363331288,0.000243552781415425,0.00015498454171193238,0.0002448235738699869,0.00016754072653860408,0.0001919562895702185,0.0005185707095421615,0.00010710240088618322,0.00013051899977436005
2019-07-24,0.0025881784210252112,0.0054294665091405,0.010231994023421861,0.03236825081856365,0.0033704299094820646,0.0041415965524095304,-0.006458741749300856,0.0006640980920789234,0.00019698881796506145,0.00010470186788696625,0.00023908412086187943,0.00013114838154396356,0.00013880810857683004,0.0004953924235651221,0.00012742150801172138,0.0001641962680376649,0.00019017006866357464,0.00010182666668677093,0.0002317559747001499,0.00013342802395361714,0.0001419007607613741,0.00044428022889038334,0.0001450168929221509,0.00017876615726711815
2019-07-25,0.004961681584263145,-0.0007747843752597514,0.005536559952574844,0.0017105986299141467,-0.00029276793835933087,0.0024794079405042737,0.012732165748312589,0.0008001067743109712,0.0002210755410940646,0.0001196732208775154,0.0003014585781846309,0.00018988431769109928,0.00018957800773637917,0.0004199795913057036,0.00014827797874769478,0.00012361805218623955,0.0002525091386787526,0.00011466841570143804,0.00029512755504814434,0.00019977844047839877,0.00019870483982123817,0.000433136904706863,0.000145694967594185,0.00013763683586504784
2019-07-26,-0.02143262391105293,-0.001999684042780846,-0.023585166669073843,-0.011211698872758842,-0.008366597702455288,-0.0005853831262711982,-0.004068312332194846,-0.007635101847151192,0.0002108210920847711,0.00012820856346404348,0.00023285241180418035,0.00023838657290036145,0.00017633622668251054,0.0003565346830636873,0.00013554908016527006,0.00015475342233841344,0.00021529876025037277,0.0001195236428030821,0.00022678735498645762,0.0002533958904384901,0.0001858999062366767,0.00032880574264339225,0.00013218147591154345,0.00017369625673811055
2019-07-29,-0.0022184912050122576,-0.008489044089802897,-0.00523526198096886,-0.011986471064285319,-0.009969843332349713,-0.017218431226892383,-0.009464980117050756,-0.017753040284079903,0.00019173986427140104,0.00011132796565830394,0.00025747267691740566,0.00018345717818829158,0.00015064172316268246,0.0003761290172621867,0.0001292263167301445,0.00012635163974153616,0.00015423995112103233,0.00011003646531304436,0.0002752942297721262,0.00018448372830839362,0.00014389793352880312,0.00040815704230241957,0.00012448033999170433,0.0001398747470212393
2019-07-30,0.004526572934576918,-0.003095628423285826,-0.0012069550776153963,-0.0002536077114872865,0.010993905149127492,-0.0023442789305074324,-0.005469455251941662,-0.0015979163001250034,0.0001879235034024233,0.00011107672980717753,0.0002614097155960948,0.0001950116190849094,0.00014663546379146725,0.00030637479392478485,0.000146548208509336,0.00016253431024745358,0.00018247074698006724,0.00010352431836806026,0.00026848454787154185,0.00021380666944914405,0.00015156174337159126,0.0002493505147319435,0.00014541439917919947,0.00015207972469882835
2019-07-31,0.01310735625828433,0.012155541080312473,0.015708479342689447,0.02856932573774206,-0.00399798974091191,0.003293813257943283,0.0077919737625582915,0.013412734381608293,0.00017028134352080652,9.052371382894258e-05,0.00021127020471350513,0.00018059162880081555,0.00016867353673080652,0.00030570415261041753,0.0001101372485382252,0.00013945118154207948,0.0001448512563264461,9.614731536942243e-05,0.00017768319855186604,0.00018705015128715866,0.00015076246530702756,0.00030699659875905186,0.00010358208390154504,0.00012260376160314236
2019-08-01,-0.0014860759418604797,-0.0036940347600482454,-0.007582649868896755,-0.0022143171005663,-0.0012866288640465157,-0.0016687766613035135,0.0021505908749639073,0.005246904186181308,0.00019291336531359701,9.624646157008124e-05,0.00018448277473008477,0.00020337253188585947,0.00019296893166543885,0.00027742567257612536,0.0001413161114253145,0.00012681075301843557,0.00019103718248335386,9.081199459590455e-05,0.00018200886470504506,0.00019507688515092348,0.00021404950371255185,0.0002793955118803102,0.00015408304493383653,0.00012205093587822657
2019-08-02,0.01610641048580758,0.005347707103971159,0.013765741688456727,0.004551060804019787,0.013684044536576135,0.01350674837677446,0.00790012350626279,0.010359286035093508,0.0002345168117936952,0.00010067911537658982,0.000164281553772872,0.00019668872677501786,0.00015441461069218298,0.00023025945981866003,0.00010199987768987055,0.00016157403990368858,0.000250966438811629,9.568980348667083e-05,0.0001763714541220809,0.00019440139773709263,0.00015108520588690005,0.00020845553871173028,0.0001065112585839288,0.00014952237523670995
2019-08-05,0.010588731298888673,0.006819086311603657,0.00013431168631111774,0.009344206998950713,-0.01968911707556058,-0.013456565732918023,0.006475362359665997,0.0042799914636994976,0.00015755382808953653,0.00010411128770985622,0.0002337747872130012,0.0002015985585390257,0.00010503865174044093,0.00022083025023723988,0.0001223833308834143,0.0001289810968063713,0.00016101027863436006,0.00010341604557753702,0.00025623481736203335,0.00020695425366111829,0.0001219624551891283,0.00021478506372126733,0.00012077558630926018,0.00012516661258539058
2019-08-06,-0.018698548364504252,-0.013562896272952795,-0.017831175833229896,0.0064099895929914715,0.010021916534227855,-0.010285612011338641,-0.008351939281957934,-0.011487722491814954,0.0002083799669224152,0.00011273959916765415,0.00017594070169047035,0.0001324650326260838,0.00013046088650565973,0.00022603999561016938,0.00012164167347438876,0.0001125105711473703,0.00020058072705283887,0.00011636340887362014,0.00018987488338508015,0.00012201742914549691,0.0001147887892825603,0.00022111628886636956,0.00011647966519783777,0.00010512699866083512
2019-08-07,0.02344863785302416,0.020484977842705594,0.013507104531308597,0.041460830252125325,0.004361341411799166,-0.007405877876377337,0.010044739423340455,0.006982172245338464,0.0001708607187040316,0.0001194056627537434,0.00019525009215498208,0.00014847499532771725,0.0002000498534959707,0.00024923858995303547,8.921702415992873e-05,0.00014849047200624435,0.00015203042831406073,0.00011647765507385371,0.0001894182184492813,0.0001631942744187905,0.0002058527083355296,0.0002454281795991757,8.876937084823853e-05,0.00014733602933464105
2019-08-08,-0.029688888478931745,-0.010337532826491235,-0.01517055367601924,-0.021105835767028295,-0.01576479756308833,0.011683713718106527,0.008051160566704282,0.006932863522980858,0.0002705651099869301,0.00011513517241480813,0.00018088861362439807,0.00028560590146276373,0.00017844136078110738,0.00019273650573538144,9.110544844250765e-05,0.0001028409331961363,0.00026218725165070314,0.00010935050466083732,0.00019465760827636167,0.00027904714218014194,0.0001847717468551484,0.00021038770259141571,9.412879853589252e-05,9.147681801790124e-05
2019-08-09,0.01867389862903734,0.012214422631032586,0.028744517545046852,0.023847161973419774,0.013561365866481689,0.013804685070718909,0.012401557289874816,0.01533188364120813,0.0003285810641115133,0.00011190074688124577,0.00020631641261389645,0.00022879602575963298,0.00016999707732132525,0.0002585048033072451,0.00010917515610021889,0.0001329980655955299,0.00037404471474767405,0.00011202275526014936,0.0002401148650402498,0.0002138718089498322,0.00017793424310456115,0.0002842197575152285,0.00010728990940936035,0.0001357646766000741
2019-08-12,-0.008238676707521373,-0.0024712024807018594,-0.00211945765013844,-0.005534650155328114,0.009999169810056009,0.01872435251938796,-0.002885452558101661,0.002320005273973705,0.00029996196114835173,0.00012644059213796625,0.00021156598036487612,0.00031903271241090215,0.00012593874016423494,0.00020369684038688062,0.00010079007411557265,0.0001701275110995751,0.00026223235367289657,0.00011072575553769252,0.00018067830179050693,0.00033490251452776283,0.00012419909748942194,0.00016974878206710699,0.00010838366565332628,0.00013789390044520266
2019-08-13,0.0062285464019211445,-0.007064936025674678,0.008506340130381148,-0.01864176205919891,-0.012884186965363245,-0.005567215797838347,-0.021621909285524363,-0.01001946011353866,0.0002707881087457999,0.00013161759940609794,0.0001937023808060618,0.00024948341027180166,0.0001804531182105699,0.00022045067620472675,0.00010043875146510542,0.00012876396466302278,0.00024505393974251955,0.00012595324712419504,0.00019130476494836688,0.00024408992898028754,0.00017378808320858488,0.00023848102502752814,0.00011493244597192436,0.00013882538454373697
2019-08-14,0.03259816114489553,0.02476913693461383,0.03723732804918384,0.052427952799562146,0.03281607953308489,0.005930304830180827,0.014085542601052343,0.01444429484166034,0.0003804223258366712,0.00013195724028193932,0.00021470750573859707,0.0003442696813363194,0.00016110166354078216,0.0002529768045616936,0.00013932922578772873,0.00011971317010380556,0.000380674647016441,0.00013949355572547343,0.00023982908178561306,0.00034806016555924234,0.00016815882522199275,0.0002524370203717158,0.0001238937732262652,0.00010751072382357839
2019-08-15,-0.0048549593266707415,-0.0026354873144840978,0.00772990665489911,0.005025519741409344,0.007243960453703713,-0.012216586389418584,0.0032321761383441445,0.0038772560744454445,0.000290920106741553,0.00015948342119725698,0.00030986330530145747,0.0003611316729090904,0.00023730103662956267,0.0001672269443980055,0.0001339488700643109,0.00010659060505392368,0.0003050951798795902,0.00016074163881000402,0.0003009726721465586,0.0002663822878194293,0.0002053924727714876,0.00018146051511674615,0.00011851708002948253,9.344524658346667e-05
2019-08-16,0.027752224975090067,0.013653530498183276,0.015157178141677939,0.0051621931334783384,-0.0040516130399177175,-0.0020358555960340633,0.02652151019047792,0.0070765428426084135,0.0002581057497696885,0.0001316107069193748,0.0003483587235885149,0.00048541164837361136,0.0001869410279593034,0.00017696852377865763,0.00014090712006556747,0.00012015302221099183,0.0002606178189835022,0.0001353804036350828,0.00028734894093772464,0.0004387736679808974,0.00016653439566251455,0.00018338111104361315,0.00013346881764370082,0.00010935262612286493
2019-08-19,-0.0261101880680272,-0.013200627953932138,-0.016304394491732342,-0.005800792000106196,0.00622315824354399,-0.005492404459004634,-0.007941584129203254,-0.015360188748165853,0.00044648708595421615,0.00014395248677793042,0.00029436733895047876,0.0004067452405159895,0.0001892034759287465,0.00015917367634263652,0.00016526253204631895,0.00011652518307302004,0.00045175960724247346,0.0001572073547533399,0.0002935753147318056,0.00035420798581701113,0.0001955164131554555,0.00018062132933666745,0.00016083673977466378,0.00010886684306462729
2019-08-20,0.02476623535341372,0.01274419251256185,0.017105577682806416,0.004476297679707573,0.01102797891669815,0.007823652050879804,0.001755494539707455,0.003762953143606577,0.0004452579914203466,0.00012785373229404938,0.0001909642355762634,0.00032726778509714334,0.00023831142811959807,0.00021857408277048277,0.0001576005253040821,0.00012795736364585997,0.00041662988833775065,0.00011558949964771378,0.0002058941957222436,0.00036813967044963604,0.00024929738606363364,0.00021721725707005965,0.00014858717863426804,0.00011342750001529075
2019-08-21,0.00971108438728941,0.0029488844912968215,0.016632024112606742,-0.001307100651462203,0.0082187217943471,0.014281989768162128,0.0058027192626458265,0.005935677912540875,0.0003773433595581686,0.0001610114487746652,0.0002874320797988342,0.0003327699340896421,0.00014279803089298703,0.0001896626666947786,0.0001443757820902386,0.00016154841109986286,0.00035279002952343406,0.0001488413128338871,0.0002879428233461673,0.00033879719078951125,0.0001768391038230173,0.0001926840484139978,0.00011224933561777983,0.0001507572329032651
2019-08-22,-0.0070422154963803545,0.00299269798651235,-0.004023541213586058,-0.0059037591629023155,0.0009861838140540291,0.011798216727497346,0.011840633062886397,0.008720869035873073,0.00034274064110637997,0.00017566993699719496,0.0003603047841724093,0.00027745278561149667,0.00020055808943349852,0.0001965250385989821,0.00017158170914341765,0.00012754685301239317,0.00031582520230175477,0.00015128189890727865,0.0003079567670497447,0.00027799757353129514,0.0002005084319499641,0.00019261915215259664,0.0001577267762830058,0.00012305683716765936
2019-08-23,0.005667946046820012,0.005556974309000025,0.01515569302612475,0.015413463925195055,0.015034088835488478,0.014455619912504705,0.020589003443080435,0.020909845239700874,0.0003755393975216726,0.00014936064446207883,0.0003093047058105826,0.00032278488408305276,0.00024287005020427722,0.00022616124596028586,0.00013628617483136664,0.0001356136151476101,0.00034945101641019013,0.00014936828075564932,0.00030654477948269243,0.00033042507430976604,0.00024668885133308,0.0001953072766470191,0.00011634077835460828,0.00013147893324692167
2019-08-26,0.018906977681795806,0.0076766808850404055,0.015605522177273254,0.0031477085965789155,0.011321628512280808,0.006623163537212048,0.0038938309959230684,0.011700926069068102,0.00036800872158926866,0.00011357535493418147,0.0002568700744978556,0.00026490234607476186,0.00014146148074005245,0.0002380589123882097,0.00011044843913525049,8.259807705598513e-05,0.00033493642189677254,0.00013665742475466597,0.00023601812965540054,0.00028573331225562287,0.00013458070942973097,0.00024326168404290193,0.0001002309439322703,8.478693097647661e-05
2019-08-27,0.027058012733110155,0.015103989371347869,0.022984323928624595,0.02422527830518005,0.019534630179693254,0.011682052711105848,0.004549765213838235,0.010642097472101065,0.00037383857149739583,0.0001298962419360128,0.0002443005974406101,0.00029825245831100367,0.00015598834797008105,0.00021714549370964952,0.000144005962723796,0.00012667472666012572,0.00040183176535817333,0.00012557527171119613,0.00021697364271385606,0.0003377596314273594,0.0001536081632288728,0.00020422247965501614,0.00015443100345195648,0.00013517873470281469
2019-08-28,0.002020667897819477,-0.0019605206407266743,0.054623617936298455,0.005850231580504575,0.033257958363611805,0.02447203268873916,0.02387098226385104,0.018664553147442076,0.00045136260143092776,0.0001575380529891998,0.00025353080752586125,0.00033682468489924127,0.00016710975057944498,0.0001809969002161939,0.00014751617666694324,0.00013260958943100393,0.00039055947895911386,0.00016137094158978028,0.00022463216436911123,0.00029977149975042073,0.000171379046743955,0.0001491747321012698,0.00013611673487613952,0.00013797571966680177
2019-08-29,0.03070985429236916,0.011249484318469654,0.026653304890268802,0.016813315495117994,0.017429020097396667,0.016663458702071116,0.01007378263293951,0.00286670589111324,0.00030958818137366155,0.00015639443161402837,0.000565051926567,0.000238305242787185,0.00025318075121360514,0.00028081770214032303,0.00022377464167256671,0.00019449390254468383,0.00032064178577771973,0.00014861915994617318,0.0005308774083654772,0.00023400182056144966,0.00023408204841496942,0.00026803942343209524,0.00017658317668154517,0.00018238992869870358
2019-08-30,-0.02021590399323341,-0.00939075169167484,-0.001973343832206803,-0.015043674182668599,0.0005842000895085502,-0.00014034724822744953,-0.007107476960782824,-0.012261935378051168,0.0004591128871130008,0.00013994100648258943,0.00042224562135297696,0.0001775971040977184,0.00031814446074050225,0.0002193034849799525,0.0001746507217272962,0.00014675658045568664,0.00038419690530124077,0.00014499916188173456,0.0004019464907274563,0.00018301580489477588,0.0003060529478198516,0.0002177690201796126,0.0001998601908838331,0.00015325979980683677
2019-09-02,0.0010055049934698693,-0.003127966528469583,0.009596926494724826,-0.018952653496162777,0.008750113676781116,0.006964187315285985,-0.006981409137480939,-0.0023418637115189,0.00030987502226088035,0.00010884197407703904,0.0005060310785868555,0.000292998979245862,0.00017937581773007773,0.000168721242560333,0.00014624941198553408,0.00012460617568534166,0.0002921833664325088,0.00010259998244775483,0.00047315684347210485,0.0002807215067972655,0.00018409808556653132,0.00016206119998316942,0.0001410355795153822,0.00011906858444079692
2019-09-03,0.02250588815280301,0.01526754264050718,0.0286099278971968,0.021370037955328613,0.0005639860486738532,0.0013309365565714593,0.012774260463686396,0.010883528648635048,0.00028176784189986096,0.00015988211525019204,0.0005198425500536294,0.0002760476718383334,0.00016689443502096479,0.00017986302041200742,0.00014873895373486835,0.00010659964263272502,0.0002745340634065989,0.00016529384938521524,0.0005286508772230838,0.00021435991596721333,0.00018102261782740195,0.00018787040911644846,0.00014179259496245402,9.629482035373623e-05
2019-09-04,0.028504534166981937,0.012683328404398824,0.01238993363996142,0.005400640382392615,-0.0011676077807232363,0.013628376447734498,0.005095753855564393,0.002005955434700801,0.0003953833947225027,0.0001297334421133817,0.00047014138650019815,0.0002482639370019103,0.0002833541698822797,0.00017391256939857869,0.0001569517319283424,0.00010452119194218098,0.0003519242327775825,0.000126851510738118,0.0004786552286253397,0.00021953465154350642,0.0002748741026302467,0.00020272181284820243,0.00015891336408415296,9.737159559534687e-05
2019-09-05,-0.010492028378305365,-0.008936215490650021,-0.010006657294395488,-0.015912945085477474,0.0021124732471344454,-0.006626793906945551,-0.028430472748446713,-0.010395757624765191,0.00044565211306041763,0.0001379464449440321,0.0003820731095496516,0.0003137975731631007,0.0001739964508590423,0.00019705357355145553,0.0001844855164717002,0.00012935553479772035,0.00043818649351097234,0.0001337159237452597,0.0004176386856485254,0.00030543228814127143,0.00018346720850956572,0.00021082031668251934,0.00018501427962878532,0.0001277851051808038
2019-09-06,0.005560436959667223,0.004578984857437647,-0.007425623756970999,0.0008276440236934962,-0.011608881716871274,0.001837065812154344,0.006242881549415268,-0.00387119544524017,0.00043167174230359214,0.00017862166295797523,0.000472501180779547,0.00022404178869906284,0.0002598868229587648,0.00015664908047841012,0.00015714563961377725,0.00015206107197096474,0.0004721144446113279,0.00017998751578912563,0.0004417277491986127,0.00021770458547298098,0.0002595179176468619,0.00015885467390691966,0.00016213247943102743,0.00015724043940088393
2019-09-09,0.003069116829581797,0.009304404323087594,-0.017141649904662392,-0.009916562380265921,-0.002619925235592212,-0.0076450686408027985,-0.004828052239723932,-0.006655367277359488,0.00034630003724532495,0.0001282445059267068,0.0003870833182534791,0.00027765412855405613,0.00023923066757929626,0.00018733661292695672,0.0001885083528626301,0.00013827720956908663,0.00028527484265555153,0.00011297721640273766,0.0004232860262021592,0.00029897542298392007,0.000224376885091597,0.0001820286960462257,0.00018091731665134097,0.00012511365581188873
2019-09-10,-0.04186126640982522,-0.02079402352662055,0.00547842703144141,0.002188350934807202,-0.006119184629379974,-0.002661918403698564,0.004744233824148615,0.010696054716287817,0.0002964421383824666,0.00010324017447952814,0.0004024957899505658,0.0002540938192935183,0.00020006948517699055,0.00013509653701112542,0.0002153294572389512,0.00014369789120729053,0.0003383220585553531,9.33213411856418e-05,0.0004267880468575847,0.00026580102653394277,0.0002008159214229299,0.00012000436537238725,0.00021776228343385942,0.00014046703969373606
2019-09-11,0.003686630919200426,0.0011686649552621088,-0.002256970136442636,0.0003093062649811317,0.002119633446346165,-0.011613440079072461,-0.0011729973024319862,-0.0031271927107877,0.00045633543433676413,0.00015148638823615584,0.0003999672389288272,0.000282821962479983,0.0001407661722105544,0.00016665408890211578,0.00017373029592792472,0.00014347510000710712,0.00044649175543191036,0.00013856414693672888,0.00043105098510982687,0.0002539626489514468,0.00012474549717778638,0.00017552914725917212,0.0001931902423939388,0.0001478890342990957
2019-09-12,-0.007939617830330365,-0.0007544063807625643,-0.009855381409562741,0.0015707875734598206,-0.014906683413937596,0.002668371392071548,0.000535237702678512,0.004325173411996936,0.0004734722818469224,0.00014910085820825123,0.000362610170701043,0.00014945004937842504,0.0002011295008807642,0.00015620432502009573,0.0002153633103738864,0.00016581773642673563,0.00042440270782901344,0.00014405984505128295,0.0003681786162676988,0.00014879952010394824,0.0002212620024152211,0.0001561591143149126,0.00022988394267999733,0.00017177957635375367
2019-09-13,-0.03961857856668519,-0.013705389466632151,-0.040332946779413244,-0.030837643781058858,0.0015102672416702117,0.003154045783917992,0.007100783655295833,0.005181555791364623,0.0005367400400118811,0.000149241050481213,0.0003515463883195,0.00019894908947773603,0.0001671332803299005,0.0001252898649044335,0.00013740788010851697,0.00011035733786564253,0.0005827764748697565,0.00012711038916409672,0.00037628441084543174,0.00020229707825153296,0.00015456467534443006,0.00012513643160081008,0.00017040088206717104,0.00010571953689948672
2019-09-16,0.021334912769349904,0.020069748726391053,0.008396672921179554,-0.0013110857651841552,0.010692704177335996,0.040398340548619745,0.015332148258623538,0.015510164082297995,0.0004214495512022407,0.00015811420430308492,0.0004280517414269107,0.00024174512759753122,0.0001801856677232913,0.00013657651285357535,0.00014262195642431478,7.591336800661123e-05,0.00040806130204260814,0.0001540358329924977,0.00048529226997554866,0.00023127272447569933,0.00018954359108955957,0.00011592059307302704,0.00014579346898620194,8.307985510445974e-05
2019-09-17,-0.0022480498764893067,0.005129582942699275,-0.0007071457310455823,0.012904420783934771,0.007887168213742581,0.015543152004530547,0.01083901926535629,0.0011141531994691381,0.0005390702710949897,0.0001415147180583193,0.0003481336935003598,0.00024081196502452026,0.00018066645183233967,0.00024738761696511074,0.0001877458129466667,0.0001215315612253709,0.0005304582029283494,0.00015201708251347132,0.00032806634141857154,0.0002381754362243702,0.00019744318092338077,0.00021872027908024017,0.00018304871753222155,0.00010700978134013786
2019-09-18,0.04946611285229189,0.021319506510890006,0.00880632351736919,0.01996422646694872,-0.0041779062045064425,-0.006439890272590257,0.008429005073240698,-0.0007971545004148821,0.0005731209513869807,0.00016787255285735756,0.00030128157039336853,0.00028462189066832624,0.00015214812576727532,0.00026862170515769057,0.00014468282373673448,0.00013515734182226104,0.0005971436647739976,0.00018245477983214726,0.000268135328323212,0.00022661421356817325,0.00016754124703734176,0.00027325808643687504,0.00015743362284875102,0.00013227504205091917
2019-09-19,0.03280314956506051,0.018249471277074325,0.0014984103162900518,0.00903159886396371,0.007872871819833684,0.01896447756281352,0.022794027781745232,0.0018664520841128345,0.0005947355682135704,0.0001515385585060847,0.0003763482019931419,0.0001990601275748153,0.00016595137235871568,0.00029966448598259406,0.00015898226273795664,0.00010461936724904801,0.000533105027625906,0.00014146852579519572,0.0003913495673503506,0.00018306218128482534,0.00015560482090592993,0.0003215200230590182,0.00015371600103366765,9.588540791117445e-05
2019-09-20,-0.025968918140899275,-0.015020385920697129,0.011619349114527996,-0.002730279786857951,-0.002099620448418633,0.004307761157626671,0.01824667327084868,0.021485591210215954,0.0007004858959509646,0.0001954629319540926,0.0002955346258480494,0.0001580629069580721,0.00015511489674845238,0.0002624804418610042,0.00017218249698857968,9.264464127074486e-05,0.0007915476807302774,0.00019927251868755947,0.0002830142580637405,0.000147664810150342,0.00015119555059811245,0.00025418092524322997,0.00017751592501458261,8.423748793094618e-05
2019-09-23,0.038932238405315685,0.021026671860009588,0.008369631641881202,0.013430636430088625,-0.00989180694600465,-0.004122732729644348,-0.0005096968019617832,0.003103694118261799,0.0005643432379873554,0.00018711097373093666,0.00037291238213611624,0.00018429739876458796,0.00011309784189257225,0.000292745843071247,0.00018843022550352868,0.00013451597388519467,0.0005666414577687156,0.00019526462459232735,0.0004047768713395683,0.00017623471655705883,0.00010947255345067479,0.0002999746691462635,0.0001399347859555736,0.00011791238018114028
2019-09-24,0.01567727266035079,0.0302210681055754,0.00028498011003687306,-0.020575072091992583,0.02473381108739286,0.011615335503704492,0.02893628844839859,0.018316490474294893,0.0009230784622599315,0.00019725892499411384,0.0002137439182820247,0.00018142585659396582,0.00015139548532295928,0.00017616071305969486,0.00017637571618461697,9.601107519671531e-05,0.0008806203351383999,0.00020897860832992267,0.0002095569116949145,0.00016828859246548997,0.00017859717210282194,0.00016658342063104756,0.00017243788444403526,0.0001075348844330498
2019-09-25,0.01109516569985802,-0.0027306843036561104,0.004144039403968588,-0.005525825335684326,0.011982630258162617,0.0023428729038800617,0.00647775835733103,0.006648509003517541,0.000719798805650594,0.0002356126051336715,0.00025317496290986556,0.0001866513431052535,0.00013330300256234753,0.00021900411407537487,0.00029434653343056514,0.00010636189380882815,0.0005834387904621029,0.0002508231020875621,0.0002609335339131759,0.00021290255105192523,0.00013894297869956255,0.00020750795186927543,0.0003308054698814495,0.00012109176016262787
2019-09-26,0.010407219520843143,0.0007012084891948716,-0.013352160249290718,0.012323167777684853,-0.031077293103820063,-0.016751607517523446,-0.0076417827162617,-0.014550766213613463,0.0005918711508595697,0.0003158971785570094,0.00023955702146085948,0.00019756093318004395,0.000126734522087962,0.00016311315071027336,0.00021142927143508988,0.00015280499411064272,0.0005222135804633854,0.0002641390109175864,0.00021144329773022195,0.00018717778112404678,0.00012206383856767487,0.00016945808356728676,0.00022382513411422708,0.00015011429709507968
2019-09-27,-0.03568261552385644,0.0004422808998377585,-0.020520839026640484,-0.056171112616358605,0.04336319837881804,0.048059091560288696,-0.013699096461705392,0.013660226167972012,0.0004731122186770655,0.00022976909768193044,0.00020798267498954226,0.00022837926952518515,0.00028750351095583026,0.0002146383182589621,0.0001517358016661769,0.00015293861244315346,0.0005172494771358193,0.0002453806594576176,0.0001923007053812705,0.00023304419259960465,0.00029519138789196625,0.00024332848459168098,0.00012226872771882495,0.00014330294005364196
2019-09-30,-0.023256673330068214,-0.02014501406839121,0.008323815855946309,0.0077554940190251165,-0.012476439901836516,-0.009470238875880305,-0.0032427679116428408,0.0036598936787024068,0.0006992333296626719,0.000183874348742509,0.00030200081286866287,0.00036601035171150345,0.00026502876505077013,0.0004380039134150051,0.00020357325799387073,0.00015384258227777665,0.0007323670357507093,0.000177059734660403,0.0003208784277026926,0.0004214369484879008,0.00024763324024820694,0.000384173050417162,0.00019231242721607145,0.00013525046050062378
2019-10-01,0.015302439200766526,0.007904012977619385,0.01666397417327971,0.021133791337914175,0.001112429374878246,0.024345669668472198,0.02281421611319121,0.0006996319701053784,0.000525305015896728,0.00026667736103564766,0.00017832770029925689,0.0004125115985931136,0.00023583407189520925,0.00040221767368390506,0.00018069998504990518,0.00011610125774303805,0.0005674052392432647,0.00028535990311577287,0.00017735117645359844,0.0004085767148506315,0.00023923234557498424,0.00042528067400115393,0.00017141753434231802,0.00013584380032448826
2019-10-02,-0.01998543083753885,-0.006961320697805649,-0.004156141905349862,-0.0059693678097761885,0.0036627869044743838,-0.000833137079170595,0.008647407987191732,0.0019896321629266807,0.0005411451590210276,0.00016579419038489291,0.00027887479414334226,0.000490353950665595,0.00023264384800606103,0.0003117035953397796,0.00021594959273018322,0.00013769361730782748,0.00047241478830302365,0.00016992884214190622,0.0002466927497523026,0.0004470527081409751,0.0002462610015534546,0.0002938193414425315,0.00018813091089801788,0.00014238718708229663
2019-10-03,0.005155354973543374,0.004486566202916874,-0.010449422044527703,0.039622941766978614,-0.03809316649978823,-0.031524971148565895,-0.02260954277931795,-0.03676005761839848,0.0005064836261225303,0.00017244950167290081,0.00018085733671941378,0.0003411866008507377,0.00036068654184204604,0.0003610363186448911,0.0002387764353759261,0.0001534726781816304,0.00047393764438398314,0.00015952361530666975,0.00015797135779147052,0.00031996473954505204,0.00036074690942776563,0.00037439236170318734,0.00022447326268812927,0.000173104493219969
2019-10-04,0.012734211644776642,-0.0010209337397030752,0.02191402577874547,-0.0010323423575240805,0.006256171543342592,-0.0016850573267711802,0.019410648105464487,0.014014649573622678,0.0005027274207586737,0.00022149970986007095,0.00023572669271202946,0.0005212312318743914,0.0002330563119743888,0.0005486859640867369,0.0002583484613316717,0.00023908586542354903,0.00044595804120544735,0.00024012869004812426,0.00020810803919058563,0.0006164113171096434,0.0002490059975174494,0.0004963270975090053,0.00023709539350318036,0.0002068245463768976
2019-10-07,0.00898564938228777,0.0042029732380715005,0.011956363925213147,0.003165673947145803,0.008920270404700309,0.01100468467939899,0.011635598349562461,0.021197335410167016,0.000545999373467254,0.0001689834889200546,0.00026624201968051766,0.0003990929045676555,0.00027358289798397214,0.0003340128823974256,0.0002642741838214461,0.0001923291193820317,0.0005936454689284059,0.00020543358244843408,0.0002486701561484976,0.0004269864068415338,0.0002742961771455363,0.0003787533433743472,0.00029576399603020384,0.0001708720715249511
2019-10-08,-0.003215531167481099,-0.012686436140203672,-0.013005713293883758,0.00264564127933951,0.0202907071267883,0.011797912168477299,0.02324145272678864,-0.000689944587907367,0.000477297381716478,0.00015952435109664563,0.0002428578235081147,0.00037779578701695144,0.00035456493335119665,0.00035401489460226135,0.00019235366913254788,0.0002909112528505021,0.0004624387747169447,0.00015648451354037676,0.0002514736987793133,0.0003371953019198256,0.0003408878602910462,0.0003409920230605338,0.00017034742402521476,0.00027178989499660356
2019-10-09,0.008662487705351558,0.004209859989066403,9.107485604722124e-05,-0.007081662589891363,0.0009178088720928602,0.0022365908423454895,-0.009925885777354468,-0.0025676110994152733,0.0005023946466157418,0.0001392037092616944,0.00024156664292229784,0.00036072441864725346,0.00025557467165634394,0.00027740424960725785,0.0002262586180912731,0.00017700625634117323,0.000467949661295976,0.00014543616862634572,0.0002598406853455341,0.0003640950058099198,0.0002642246568436957,0.00028301394222163923,0.00020863552568461355,0.0001754745008936613
2019-10-10,0.029848325363143004,0.022621005613274903,0.020878466830330827,-0.003732329576845655,0.026245667535185153,0.024130218956564448,0.03546051941272465,0.024378368760081343,0.0003021793052568508,0.0001458595356906499,0.00021690487243525094,0.00029864878007751706,0.00026097552082520343,0.00036370143196873706,0.00028867332626477505,0.00018651235625647935,0.00027934352477187877,0.00016136459934692088,0.00022128117056149503,0.00029702404289646015,0.0002615712639681688,0.0003391225399995426,0.0002381740759199205,0.00019974975893650637
2019-10-11,-0.012987695394392632,-0.0015942166497991378,-0.010252905095719397,-0.019617237478603177,0.02678514981496016,0.00292599370343531,0.01970839717331577,-0.0006721562129123207,0.0004498528635607204,0.0001670129475064113,0.00032372933104445344,0.0003664999049181346,0.0002714655684073577,0.00035714476820213254,0.00028551287319241635,0.00017097590203156974,0.0004074423102709804,0.00016293559237313995,0.00033766698422108823,0.0003979497022972228,0.00025402402146308814,0.0003476931397252298,0.00028403505086972973,0.0001512518978088098
2019-10-14,-0.030483655671353322,-0.012269265787264363,-0.013875177390228281,-0.01924795022122146,0.02275611517662215,-0.004776012054574195,0.0019597633221209603,0.014759918150211035,0.0003541736907815983,0.00018842348907406104,0.00020349346540870014,0.0002366544645039953,0.00043745481421106407,0.0002556074625951819,0.0003347272979869795,0.0002038658721936055,0.0003487147776659273,0.00019307993716252377,0.00021257334105233958,0.00025823972250682895,0.0004085378591720125,0.00024425595032988556,0.0003023682815413362,0.0001884395497319481
2019-10-15,0.02392567142207421,0.016917770234894467,-0.005741560319096655,0.010802763174537813,-0.02541756080753287,-0.006869730607187428,0.002270252147112763,0.0008854351235034917,0.0005848401103230235,0.00015096644146250952,0.00024683794196448403,0.0003515030137575182,0.0004168841702675263,0.00022443929151277282,0.0002529453310751361,0.0001583268914019399,0.0005289447644481119,0.0001635307327696807,0.0002288607915596169,0.000349989697024883,0.0004344752156327779,0.0002053464935585604,0.00028193647881694024,0.0001759084227844284
2019-10-16,0.005753893862323672,0.011402127386891156,0.0016548264503816333,-0.008200597230949,0.003385458184686313,0.009618109433202187,0.017571587498492237,0.013332074492542317,0.00044917768473018085,0.0001345415477579712,0.00022314298651912655,0.00029091621546654565,0.00035639683817735406,0.00027396672337013533,0.00022777590903974273,0.00017764302732079968,0.00043971012691127793,0.00012091863351272384,0.00019831999906393208,0.0002945744666012616,0.0003614510151275503,0.0002503225225945736,0.0002243333272234016,0.00016290662983174358
2019-10-17,-0.021401613552052924,-0.02949573163472892,-0.012516964520965125,-0.005965282763103884,-0.011212062337925727,-0.00507647550100863,-0.001906591987889532,-0.018581366136277276,0.0003426189072429942,0.00024456336516584466,0.00020777054494310453,0.0002840537979888011,0.00035713992924056543,0.000216867179921365,0.0003121827842837289,0.00018727704676078601,0.0003421095824924403,0.00019584610587961547,0.00019048648391970448,0.00028656339369996064,0.0003400475069590479,0.00022742387974346396,0.00027837910485295486,0.00018937825325037402
2019-10-18,0.018869932799182164,0.012861871806370738,0.015080369165642095,0.0041282268530832885,-0.0028004178936267598,0.009514977294416742,0.014080578558557752,0.01149414749826237,0.0003932804718724677,0.00022208201967430994,0.00018314196983344025,0.00032752658677057974,0.0002587676683286465,0.00020399685286323903,0.00025991483444609044,0.00021428053910707903,0.00036600769142216963,0.00023589862933410383,0.0001735688980777093,0.00033787148232784287,0.00024794589949018515,0.0002250325376286638,0.00022439889025303145,0.0002254979435091364
2019-10-21,0.00010481505131759911,-0.010564817819141087,-0.008413579814457851,0.025645694001626973,-0.02553054693605218,-0.010763943899671745,-0.007132056587822344,-0.017921439828591238,0.0005013206053642351,0.00017162798666890068,0.00022689531505936975,0.00027721768808143933,0.00040255184435225073,0.00032089870309973427,0.00019947996404082378,0.0001691424629589996,0.0005409224555119773,0.00019676833828279695,0.000224056138543007,0.0002756761580271145,0.0004817805893986496,0.0003485646215695829,0.00021264403334405268,0.00014783914420653187
2019-10-22,0.0010335865476585543,-0.0035843786952427714,0.009691004968954704,0.0025783835423001627,0.0026466465991939383,-0.004810867429389964,0.0068426842185795155,0.0010576982153679682,0.00046225415578149024,0.00020156660167477112,0.00015967536704014263,0.0002252302331992828,0.00037032272224832855,0.00019475568743968348,0.00030220136138742865,0.00024680306593497816,0.0004814496982207511,0.0002111251530289437,0.00016584090090871037,0.00024303451308434136,0.0003408838735219883,0.00015047354686918474,0.0003067573430603903,0.00022455698760423043
2019-10-23,-0.0069128659859977876,-0.009762212384690506,0.006562077155092249,0.0051405623277058455,-0.02765000020957387,-0.008849945426904602,-0.015528959166432734,-0.009874829655827642,0.0003715583102228266,0.00021516216995011745,0.00014950161518242404,0.00023935734948018938,0.0004044098152944816,0.00021534599205673172,0.0001879231206712235,0.00017284634562844415,0.00037162086595028833,0.00022263071003595842,0.00016496805355230372,0.00024597369931823735,0.0004139465900851963,0.0002065419702088345,0.0001911472498072511,0.00015304409749358189
2019-10-24,-0.015283401855787767,-0.0067015248806447094,-0.029967898993430563,0.009753770121878341,-0.02852031428114259,-0.007823164759680751,-0.010538965527862522,-0.021890251404224268,0.0003439375063415191,0.00020122643432255802,0.00016098141695168556,0.00034307189392365826,0.0004227095589716037,0.00026733005141273125,0.00027816786924802307,0.00018171226203464195,0.00031473511297176596,0.0002061978356971887,0.00017559142904060099,0.00033850080882014903,0.0003785343819711045,0.0002710317991280321,0.00022489595044352257,0.0001788356289352523
2019-10-25,-0.014743675707791738,-0.015267260303390115,-0.008298278107400024,-0.009000269073810319,-0.012280706106186983,-0.010302106320545868,0.003412467832082526,-0.007057093661259033,0.0002674329804882425,0.0002157347369708207,0.00030108013976596325,0.0002426931214907885,0.00035547534391071735,0.0002082050518088664,0.00022737900806090437,0.00016344520637901023,0.00028413076826026525,0.00017138972323034484,0.0002750137099776069,0.0002040963979583355,0.00034940400456488297,0.00021009847363536797,0.00022921710560368903,0.00016285315101702345
2019-10-28,0.0172565813866736,0.006115417983466924,0.00935761331180077,0.022441827044358695,-0.010276369768183804,-0.002016631232280209,0.017645093111770656,0.008337179030012255,0.00026474079133651304,0.00016770625334582085,0.0002458438322150228,0.00019210782688401198,0.00033459420866972203,0.00026534420220224045,0.00022711462112735633,0.00018298469958355452,0.0002613075055541609,0.00017366474723937007,0.00023487568320823343,0.00017721902311300543,0.00034155347348594037,0.0002512731327832075,0.0001936214248658882,0.00018367145649971712
2019-10-29,-0.010326674019092114,-0.0004676697181722831,-0.0010540403427972541,0.0068880888548873325,-0.018622066132649495,-0.01410760731354768,-0.015521208673893307,-0.0057381649155432415,0.00031243659163354,0.00021935281314397403,0.00021443818413422437,0.00025850938647215487,0.0002903283456981616,0.00022973072001992404,0.00017611545901553288,0.0001970579961032676,0.00025592730213317187,0.00021698718052678206,0.00021678697099425623,0.0002247200840150671,0.0003041149673563106,0.00027339016358572264,0.0001545240454052891,0.00014907183795670521
2019-10-30,-0.010268445178750307,-0.00104650093568384,0.00961741888674418,-0.007572337195696459,0.021707366823607892,0.0019132118416401774,0.016535457287011515,0.022986552604893757,0.00028814235308113493,0.00018252431809372689,0.0001697489927164737,0.0002534081245687687,0.0003775890899096905,0.000173402993719793,0.0002137434912186589,0.000218687293193019,0.0002737031935362667,0.00018833474064324808,0.0001706962655772529,0.0002213050836972272,0.00027783789781606554,0.0001574745624957618,0.00022540540675304086,0.0002237372889340505
2019-10-31,-0.004365867454299018,-0.00406789855167719,0.005106878442107988,0.002850083634010101,-0.0014327889019549473,-0.004807664744350616,0.008462036545755626,-0.002314418150873012,0.000247446208192298,0.00017574150805500904,0.00022788347404555892,0.00025106534931985085,0.0003720584220778901,0.00016116978756522147,0.0002382194394602777,0.0002337281554104203,0.0002522080421094218,0.00015714926833783376,0.00019749875756256435,0.0002614283525736168,0.000405061668230562,0.0001351923426702233,0.00023580495378576502,0.0002266500473741441
2019-11-01,-0.00132252504487356,-0.005584577931851591,0.004668466986454237,-0.0017522136662359404,-0.000373761881876491,0.0005840757256749824,0.01488820561528138,0.01132005855904141,0.0002079004393222233,0.00014916750627283866,0.00016664616272586252,0.00019724630008202804,0.0003460395058031637,0.00016051013713917772,0.00017856803114958117,0.00017442565178470655,0.00022417004394209312,0.00014650054724766923,0.0001724209396864645,0.00013012721428175947,0.00042024164808477916,0.0001613265543858758,0.0001800466860705011,0.00017943874223543915
2019-11-04,0.01024295577955187,0.006472224539859725,-0.006837262403364776,-0.003542334180376641,-0.0036485622301749053,0.008907177319206715,-0.006468058459648228,-0.003242450659063345,0.00023764159360277788,0.00013035556672409202,0.00016732720330535762,0.0002573148524681509,0.00034673754302726596,0.00017663521787389174,0.0001526494577071277,0.00018119109584454642,0.00021919291963357044,0.00011216191120224403,0.00014310687729325513,0.00026564199482058724,0.0003540334780927776,0.00016727853147047565,0.0001440272140744819,0.00016340098274032782
2019-11-05,-0.01087813369843399,0.003688386366613436,-0.0028530409524812235,0.02109347193633782,0.015108767081556543,-0.003783139835653976,-0.0042351433378839485,0.0012846253734303625,0.0002579468415395049,0.00012744339617272202,0.00016033556104009996,0.00021555918982887876,0.00042928685433414664,0.00020468557598640418,0.00021425879772450377,0.00020397490137305543,0.0002326975658832956,0.00012766158856745538,0.00013679420195347443,0.00023937336122603728,0.0004453653681842014,0.00016846995731331136,0.00019927259600890557,0.00018109933904392043
2019-11-06,0.03673128031673404,0.01563311481496397,0.01792830911597527,0.01789446009900074,0.013934555517061664,0.019942313385842302,0.018368859935193868,0.013630865352881199,0.00021157666555925497,0.00014986752242578585,0.00015346942798968307,0.00019458310584068953,0.0004015510331355068,0.0001482886371799239,0.00017253863526421476,0.00012523668850030105,0.0002385714411723175,0.0001315822784256568,0.0001251092396357149,0.00016865678938360443,0.00032660113495123935,0.00011259462846589159,0.00012980670683257971,0.00012590561169804714
2019-11-07,0.006012583654733635,0.005945861261731125,-0.0013004591343212153,0.007138722597759372,0.014042030973224706,0.019359213830173947,0.00812808480028133,0.0018560805841974111,0.0005031179880589709,9.133170938161955e-05,0.00025431277471923036,0.00021604987242189528,0.0002549417334645279,0.00015997446170924458,0.00019484799498641908,0.00016201820532386272,0.0005497165594014869,9.083111261941051e-05,0.0002361560636746849,0.00024573378553127304,0.0002282241268490405,0.00015506885405712582,0.00017789768258477025,0.00017268717567818986
2019-11-08,-0.011726005003927516,-0.019317355314061896,-0.0027915055177205636,-0.0005228954257849467,-0.02125654079205842,-0.014459203339752955,-0.01664060248355469,-0.029148608293637076,0.00033247069077522675,0.00015173595671023315,0.00015644696517682223,0.00022217076429683036,0.00032845298628794115,0.00022714732853113605,0.00018814328934576284,0.00014057934629085103,0.000349616790351938,0.0001555872359303059,0.00015950430672655294,0.00018534288373663055,0.00032257914563471927,0.00024255209730183208,0.0001798295378572299,0.00014193056687504668
2019-11-11,-0.02569423971091059,-0.013090533465388278,-0.014568038530158277,0.0035763590896932098,-0.030850089548499344,-0.016501481191781162,-0.018387314902930184,-0.017537500464957705,0.0002835645953854735,0.00011123062907941762,0.00018380695459960147,0.0001984241743687124,0.0002875284070745567,0.00022292623554891875,0.0002150976008959861,0.000165685651749259,0.0003331647554531438,0.00011894759146589313,0.0001664329816180772,0.0001988131112272707,0.0002705581916305739,0.00024065007056506784,0.00023927050421631917,0.00018104958134136483
2019-11-12,-0.02467643606229932,-0.0006724950286814938,-0.02403978292286823,-0.0014682272888008534,0.007178700232627384,-0.016563140727834276,0.015550649036210796,0.010448857797971523,0.00033650448115617084,0.0001672511976860728,0.00015709813209518607,0.00022711438240242756,0.0003491985531165288,0.00021587216191900458,0.00018839970116414856,0.00022669165162561886,0.000379441241496454,0.00017514287290655984,0.0001293401125085662,0.00025467583975985133,0.0003138310642591532,0.00021090271853858194,0.0001947564075656,0.00023923385746183455
2019-11-13,-0.008490012979301608,0.007276009109679154,-0.015970974859145236,0.005097010283714166,-0.002221984011686152,-0.0008132317303653466,-0.014667292863410404,-0.0026952140704740537,0.0004679132838676829,0.00014207783915423544,0.00031878318104877715,0.00019817454704130133,0.0005007535968303429,0.00018276784327833312,0.00019231228703683341,0.00020157373352816112,0.0004715056521298728,0.00012842115946914095,0.00032867910963478347,0.00021409346328318392,0.0005020545393984558,0.00017445317650831884,0.000204277415561481,0.00021987074745550832
2019-11-14,0.015894830622434568,0.00900287546231761,0.0059585791292778535,-0.0028659155571342377,-0.008886773490139789,9.52895929374341e-05,-0.0030689504963473868,-0.0049662602365788296,0.00033000178491331437,0.00011857319120857749,0.00019978978283842824,0.00013078525518201247,0.00029257432684025704,0.00028399439055474813,0.00016191990358731161,0.00018917388520950235,0.00035895096408024833,0.00011522227879615606,0.00020722347545992618,0.0001276644656119653,0.00028221244490768383,0.0002644480062698166,0.0001715442146331008,0.0002168224567431416
2019-11-15,0.01947232900720845,0.02142713354454587,0.009959331144450445,-0.009752573880125764,0.0335828083650276,0.019057545424293856,0.019944705625844605,0.023945952206334404,0.00026999761150874014,0.00013457542207451627,0.0001739638256895455,0.00015498976160932697,0.0003339895516056971,0.0001727543791992281,0.00015444207391141702,0.00022562340717826812,0.0002606994730557479,0.00012382681539383598,0.00013924077947758234,0.00014558246241129857,0.0003582728442779541,0.00016764055587591576,0.0001491645180151398,0.0002518658018649778
2019-11-18,0.02310088678505748,0.005938869243023063,0.012530070095156826,-0.02247244439523006,0.0044563742835659875,-0.01060796981861856,0.00779513226444154,-0.015238015543303975,0.000299486113871564,0.00014030708220742153,0.00022412346931182498,0.00015817158624798115,0.0002414553034531238,0.000181326177204027,0.00021842452103334748,0.00020907656821667916,0.000279433513628915,0.00014850324554428952,0.00020911014580753275,0.00015697993158098313,0.00022283870842644627,0.00020580391021323918,0.00021252865900406122,0.00020517414262770858
2019-11-19,0.00884845387980843,-0.0017650840019916678,0.010785819702573812,-0.007490611372584473,-0.014994580247894915,-0.005972088137060965,-0.013867488375973054,-0.011683040629662746,0.0003640251388364611,0.00015343474334619694,0.00021765167965011567,0.000147395337258967,0.00031457884455216506,0.0001753758004629343,0.00023327938871333013,0.0002795914423062589,0.0003447294618327025,0.00014076251026025484,0.00024520066145303253,0.0001606976456262389,0.0002887707657535373,0.00016462937710015878,0.0002599133843790871,0.00026637458477571596
2019-11-20,0.01481093453141769,0.008784985129847362,0.005850623522855867,-0.0016807810580152997,0.009962701459604007,0.003234304471025413,0.014742203412710212,0.006642767064271299,0.0003836051684317258,0.00011532338992362012,0.0001932013163901579,0.0002334823090970587,0.00022321339909963511,0.00016434952417872307,0.00022879743185277255,0.0001796876256155425,0.00034530172008460203,0.00011621576694513717,0.00018393453358341158,0.00022855347463396916,0.0001894136981306549,0.0001661470861016347,0.00023755885050573975,0.00015676758405833548
2019-11-21,0.02841152854941717,0.0028402367869747964,0.025638313138351795,0.013590075059186461,0.0027105778751552925,0.01667331043994032,0.0011759848223585397,0.013881096110971035,0.00034767671313977114,0.00014899510077539432,0.00020376045378921206,0.00017506310373010362,0.00030209757875939726,0.00015827473269639344,0.00017643042311889373,0.00019708748598586495,0.0003780950722085157,0.0001396082529215483,0.00018891572861344982,0.00015139086294559188,0.0003320403993728188,0.0001536884250832011,0.0001372112286267185,0.00018850580380069115
2019-11-22,0.0040220724679807815,-0.0022418528350594763,0.004285759793197585,-0.00910147590021786,-0.009449299063871092,-0.0031337283607841752,0.0008017046575283116,-0.004401534781406939,0.00035143692866102595,0.0001713819147046101,0.000247979548473005,0.00014883396613678854,0.0002634876069082569,0.000197431577513199,0.0002667570495739634,0.00021410994160492292,0.0002978463935781942,0.0001502993412376607,0.0002449724837229147,0.00016115326648069077,0.0002555999492756514,0.00020853917147883833,0.00025120177419819573,0.00020224918136276066
2019-11-25,-0.01937145466007594,-0.017804384743842258,-0.008170285891003545,0.00030002748159915993,-0.01065595144895739,-0.010890969376589319,0.006467975467064821,-0.010318293963443371,0.00034573115098597703,0.00016296820074977882,0.00017840029405297105,0.00015488729730466348,0.00028549461134366613,0.0001473624499748998,0.00014427384379816797,0.00015808206376896673,0.0003752560395354311,0.00017226506218919407,0.00018796822667854957,0.0001407902940997821,0.00028668512619557716,0.00013349177721190918,0.00015076907298176083,0.00014115406472950653
2019-11-26,0.023498255072349882,0.013042399495458698,0.013977553742014124,-0.002788317030390408,0.01935910143844286,0.009671805399648407,0.008335830456195287,0.00868321354275759,0.00028565334222537366,0.00010019965363803566,0.0001391182478188628,0.00013441625709559687,0.00023226886796030643,0.00016214292831481238,0.00011996837835287734,0.00020770182950921706,0.0002849531734627259,9.594574117894963e-05,0.00012400221035778185,0.00013788185128757612,0.0002235329418964399,0.00017337953481867614,0.000126968050752653,0.0002165548027087033
2019-11-27,-0.0064472347400636575,-0.01211599128394917,-0.003490999586899183,-0.003142515885609163,0.009743183549931344,-0.018702217330207025,-0.002807951305739002,-0.012236771593826853,0.00040188963738467477,0.00019820588459843684,0.00022692535502930896,0.00017967444354949333,0.0002217039131649384,0.00018584983071483994,0.00016390574896224985,0.00019073435842052402,0.0004641280739443917,0.00019001802879480372,0.00025625181422739307,0.00019782086241984376,0.00023279248319240807,0.00018233161717390558,0.00013328447684440007,0.00017000214772410965
2019-11-28,-0.06139274751651171,-0.01911317588424072,-0.03545203521031899,-0.0017746921686462671,-0.03933152740089134,-0.018432942084297042,-0.026319965247968077,0.0028546501543661416,0.0003965122634368175,0.0001242071718404478,0.000214643102451331,0.00011325190497097975,0.00023559474662482473,0.00020397369774810586,0.00014461687312267412,0.0002056111476638097,0.0003920981595899321,0.00012688261251610588,0.00021302119070712385,0.00010939263809224766,0.0001975156598088492,0.00020472027127765616,0.00015624378526935806,0.00018628242086507648
2019-11-29,-0.013589316123988317,0.00029092992853689466,0.00483287179685311,0.010676105688589402,-0.012785373178304986,-0.007268740900891783,-0.010415611447142828,-0.0007039861694976969,0.0007229161210269555,0.00016624281891144144,0.000259321561058058,0.00013606538515114534,0.00029934318487405827,0.00020052780411351805,0.00015898699107081446,0.00013703349041512938,0.0006948785994885706,0.00014231074723403033,0.00020068866148397166,0.00013506012914712268,0.00030773292455229867,0.0001950919755152101,0.00014635800396650605,0.00013815480531960943
2019-12-02,0.044321917466604924,0.017423459773674693,0.024521481618974144,0.022972025235132622,0.033723683166417905,0.023439126154842883,0.023910148936775732,0.014800892058970104,0.0006802686556361179,0.00017709386025573228,0.00026959352366968405,0.00018090051566249519,0.0002481831361717999,0.00018746465271143238,0.0001671007010141041,0.00018935843678666978,0.0007358438709517656,0.00017305264618481975,0.00024354417353878485,0.00018941806043242123,0.0002488096593456104,0.00016354032184460164,0.0001750603130367809,0.00018562239251624282
2019-12-03,-0.045282506685169234,-0.04511735086842877,-0.00555827571146917,-0.002485323967309905,-0.005601401527317002,-0.016531971444659548,0.014792436418330683,-0.01305893322406713,0.0008335540864055466,0.00021325687007703206,0.0002631352086928213,0.00015470742714603056,0.0004665257007838967,0.0003374193594297117,0.00016669691363554502,0.00013939184184365394,0.000845668576662357,0.00021876159212445072,0.0002560879556198225,0.0001549597638819381,0.0005129438832411801,0.0003199221196697752,0.00017450558536072247,0.00014165894401505768
2019-12-04,-0.005634054249133798,-0.0035142006355820842,-0.0025414894953527173,-0.003431342739344414,-0.007332065049062741,-0.0016692860934101922,0.008880441028596435,0.010272109115279952,0.0010577962442092994,0.00027693437776070217,0.00023199776184866218,0.0001786441037232222,0.00034330848194470817,0.0002602385214238273,0.00025157525061380925,0.00022382121225487185,0.001033369698582201,0.00025167051140645907,0.0002159587295384507,0.00014773138446767703,0.0003272673123259384,0.00029453541717842577,0.00023888794886177923,0.00022374101533115487
2019-12-05,-0.0004922550351595194,0.029274920297090723,-0.004183870329730045,0.002482846207973368,0.026412873573650065,-0.00047980780518909016,-0.010778183741460126,0.011106992097462227,0.0008142686729306161,0.0002545352585173482,0.00029734055055214375,0.00015471175072203448,0.0003678280450621149,0.0001928091598819171,0.0003599024576084969,0.00019966661722100343,0.0007254860621199035,0.0002294109580031348,0.0002887131426205648,0.0001667861534284056,0.0003184944306908664,0.00022491035754278242,0.00034810943192882315,0.00018781249095707297
2019-12-06,0.008145791443504089,-0.014992893910693745,-0.0006037303042899622,0.004453844578196925,-0.013960048912928437,-0.02548363794620184,0.010337011381610431,-0.018042594291337272,0.0006636841265113382,0.0003575151650179923,0.00022843189982638552,0.00014011787450878634,0.0004830144806753006,0.0002503780364837612,0.00019014475886973493,0.00015737548792047571,0.0006405764370071677,0.0003767998038953409,0.00025370470685785946,0.0001437544778548964,0.0004043332387846095,0.00023145818342814106,0.00019999244423871463,0.00016435890518872844
2019-12-09,0.0007330768649901559,-0.005320721590933824,-6.4815504012209865e-06,0.005781778597356735,0.0045571862962099806,-0.00891579659945007,0.0022074085435599636,9.081988262077889e-06,0.0008627489021363322,0.00024894037540168815,0.00018561567165578834,0.00014981038125086254,0.00027078743797953874,0.0002846443800325487,0.00018371378935854235,0.00017699755270926217,0.0009336634721284841,0.000248129568084613,0.00017797068853253226,0.00017541719718020094,0.0002986599202371451,0.0002745606759509721,0.00018594610105099882,0.00018354292250802128
2019-12-10,0.029198083774745795,0.03075575519799295,0.0031355027096727,0.010425731731554902,0.022281599788209025,0.0385358142892991,0.03391939596433314,0.027404710074388793,0.0004936432375609398,0.00025022111482610643,0.0002266894115272426,9.512007329769842e-05,0.00025438946093770667,0.000215971657149903,0.00013911252999003004,0.0001362060374202866,0.000466897751545508,0.0002388288114391535,0.00024259675063770635,0.00011941470901490684,0.0002413784994559739,0.00022990018572479267,0.00014335367348860325,0.00012127361075279793
2019-12-11,0.026012882929206463,0.004642055848659127,0.01738589633477338,0.019909106575658485,0.03284135969268845,0.018187644642615047,0.011186811414190947,0.00646221411786515,0.0005002900531001546,0.0003423382993586617,0.00015847931644541628,0.0001241138956601013,0.00035637004484143835,0.00032467749175603807,0.00026841376751665825,0.00023274651995498576,0.00041941957036302176,0.0003485878209878858,0.00017425090262771786,0.00011992514183026032,0.00031374345529296095,0.0003213368945603962,0.00029327559998506967,0.00026353032696031
2019-12-12,-0.02950069863471673,-0.0005225544337196786,-0.013141783540297929,0.002356212751864508,-0.007692804653333067,-0.025096221325138696,-0.006462942936953625,0.001608410488577027,0.0004663872589361433,0.000257464825725124,0.00016628448435316808,0.00010059786000602035,0.00046944004025069644,0.00036996943326183515,0.00017437770069696215,0.00022030359242114313,0.0004747607389382828,0.00029386267370104264,0.0001680837640580362,0.0001065953931512812,0.00044491745975681207,0.00036549775922101093,0.00015547554914606683,0.00020202403699702887
2019-12-13,0.02555459668534221,0.0136365630987155,0.011528053260114923,0.011634303147023241,0.016116082548683304,0.023079958197147997,0.021923558093900664,0.0013754864118231437,0.0006214286420867088,0.0002522511115960425,0.0002622844871818911,9.821791139268539e-05,0.00037295565871831146,0.000284651195064042,0.000219310220427677,0.0001603662814708211,0.0006245414429718869,0.00024680987218506323,0.0002715859253439698,9.898960237669819e-05,0.0003630870025143468,0.0002666159390732224,0.0002038814731911223,0.00015236293573630668
2019-12-16,0.019971839441997548,0.030569589876850142,-0.010805166469819133,0.0279851559774521,-0.032156403152728795,0.025454729828637526,-0.021701597020431694,0.02401894835601681,0.0004848805447030126,0.00027090120170363414,0.00023189559339596545,0.00012335557142259304,0.0003322382647827748,0.0003490622016981017,0.00029857050293031193,0.00017831915302908883,0.0004888590454381008,0.0002934698535775817,0.00021962982694943535,0.00011192844348833268,0.00027663607028931286,0.0002907024765810342,0.00031470977266211185,0.00018881602730788302
2019-12-17,-0.03823787959514654,-0.009120470020972268,-0.017250642260394085,0.0138155926887663,-0.0151197796165935,-0.0038387729261730357,-0.009945350101699153,0.021171622379287422,0.000709771196074664,0.00040901062468513534,0.0001731478599840066,0.00015998703594772662,0.00047415041439020916,0.000480133874106642,0.0003374575008779277,0.000209178806046301,0.0007268097735949877,0.0003511127275517189,0.0001476628396316456,0.00014266603804943793,0.0004812297459482402,0.0005381679049416584,0.0003690601343419136,0.0002014160481729779
2019-12-18,0.004365581870572373,-0.015257889543460634,0.012146530136764772,-0.01297849562223468,0.014587870536674536,-0.010279872292706663,0.012298794692646083,-0.01296363358606577,0.0005619009774042745,0.00024867715419411314,0.00027442121492855505,0.0001661350733442154,0.00032965312599082407,0.0004057232877686791,0.00020945885112438165,0.00017943385551915183,0.0006087932706975084,0.00026339836673470687,0.0002457375658173113,0.0001576150259059627,0.0003237584861905488,0.0003780265794470445,0.00021366038175541454,0.00017830102842505594
2019-12-19,0.011310064409682736,0.015576390193687825,0.007661238895883475,0.007605304159134098,0.056754180653518685,0.031176974192075886,0.04375504694127834,0.02395484017357426,0.0007481485040759112,0.00037254503570571714,0.00021816344489950296,0.00019403027051100643,0.00033376222039253737,0.00040375881536840023,0.00025148133088342115,0.0002494851195705774,0.0007041878929765278,0.00030347478158090224,0.00021961627860708186,0.00018922583073663235,0.0003204625756431158,0.00038453343658993624,0.0002783135203840576,0.00028372123967805596
2019-12-20,0.013297346792114223,0.0050259565657416174,0.0030203899377860568,0.012205031710949237,-0.006760136263510205,-0.003103610145989413,0.012232667247305044,-0.0026953414640695553,0.0005355742044570812,0.00021824437967131867,0.00023455434349211484,0.00018990848485210722,0.0004893189766075593,0.000469598607727792,0.0002997855744742069,0.00022791606568818953,0.000613643257755718,0.00021868703664795988,0.00022882370879440705,0.00021920497517490716,0.0004970308711888097,0.00041508414812322703,0.0003342112870036583,0.00020634665283304047
2019-12-23,0.012299062367682127,0.004943739218411062,-0.010213217653068535,-0.0013569514840629732,-0.03669358536072383,-0.003283769134470342,-0.03695892272662656,-0.007990971947519883,0.0004920200474778141,0.0003190454280946045,0.00021194062206038718,0.0001803775274949204,0.00045497883672183345,0.00031997303439300047,0.00025022280755439014,0.00026419382704943607,0.0005223617207706802,0.0003748336294384968,0.0002080397062492933,0.00016734771012799965,0.00043979155414547444,0.0002954061120688732,0.00024145299564931282,0.0002190577396123114
2019-12-24,-0.002412995377415246,0.0001980444674181374,0.0017126800140951266,-0.015462057470016891,-0.029893230652970688,-0.03083192943797882,-0.020545699249700494,-0.0014977070504758306,0.0005494177796826496,0.0002632293349722588,0.00017902524502178932,0.0001465052211769549,0.0006066548628572834,0.0003132295741110479,0.0005478886514701385,0.00019476465105003034,0.0004954620188345879,0.0002615706265724169,0.00019126535693635374,0.00013447233973433104,0.0006129556022797881,0.00022770317882036856,0.0004742188057447147,0.00022219425295971412
2019-12-25,0.0017672036224471869,0.004772205061354308,-0.00145714745992226,0.005928406989638137,0.009769910731752707,0.011331933966974902,0.02127568703596507,-0.0007349746602285175,0.0004828499297040727,0.000189956038463202,0.00013445062403759521,0.0001999994809928091,0.0004995265793716931,0.00039275138078760446,0.00045342470814060563,0.00026814939213280466,0.0004786639670631787,0.00020595921368482968,0.00013908266350395562,0.00024534750211976323,0.0004576476505034702,0.00038715571140353214,0.0005348733000277334,0.0002199421046245966
2019-12-26,0.03699261554616125,0.011008687048497608,0.01853117389745379,0.021301066878652408,0.05983759726196429,0.034853223740976796,0.06032514624256762,0.01625184523338026,0.0004686669778882477,0.000228706933763787,0.00010653840001895153,0.00016149499947100795,0.00040251443633094477,0.000268740143931179,0.0005301110577552009,0.00018386952303575175,0.0004905625606255879,0.0002153425696669849,0.00011346266385359215,0.0001462317195701668,0.0004191518805966523,0.0002496646337351201,0.0005186606214936313,0.00015600053163144327
2019-12-27,0.010633297144293834,0.010406351473557951,0.015747556963835545,0.01511885762472032,0.027235770142255172,0.01196692878960398,0.020576628643206165,0.009969944086872087,0.000605093708011939,0.0002043176344297621,0.00013701241734507166,0.0002022773191666877,0.0008999187867868327,0.0004700825416231576,0.0005690671366590361,0.00016956934639913876,0.0005547017307422306,0.00021061872073605255,0.00013393459231429285,0.00017787017089162448,0.0009422777588646482,0.00043729057724626593,0.0005195142462047904,0.0001844912431546346
2019-12-30,0.027845459028268644,0.014881615169481336,0.01383099414098645,0.0020128555422902774,0.0019363385360203467,0.01011453728386261,0.009103479834906631,-0.002144499781586732,0.00041122543901479623,0.00021247477376554934,0.00019224032069283168,0.00021188966899179216,0.0007542006996851793,0.0003593953410592601,0.0007249979451533549,0.00015502476654995464,0.00044529758472008007,0.00022638999582232138,0.00017251273337688875,0.00022325315688314552,0.0008065145298426407,0.0003676821617613881,0.0007118774685056003,0.0001586103468859325
2019-12-31,0.026359702134993647,0.03227989209966487,0.006469389273298046,0.014701733413300451,0.0162915256021961,0.03125815319051506,0.005104518716228632,0.015766064555220834,0.0004578057332973723,0.00020742654005047917,0.00016165952203377754,0.00019430872455863593,0.0005972361446872985,0.0003343516462795979,0.0005116865884411812,0.00020097839920527757,0.0004705859084151397,0.00022530377271689955,0.00015225036292069704,0.0001872111657935604,0.0005014586377208994,0.0003609621001179341,0.0005667426833014163,0.00022377045029263522
2020-01-01,-0.003998313429789218,0.00268668424332645,-0.010543824476904348,-0.011594304081516672,-0.01457688736702833,-0.005679811480425393,-0.014481076963491745,-0.008319490759643665,0.0004460334869894096,0.00026346781839368423,0.000153244549446999,0.00014050008258341862,0.0006469190218955372,0.0004654916982589821,0.000531732156393416,0.00019428047688085148,0.0004091009867849136,0.00027514351063081936,0.00012751781037391555,0.00012515835415215543,0.0007010466002127053,0.00047162998391415425,0.0005580403682580806,0.00016256224986391235
2020-01-02,-0.005182728660645685,-0.01374294131867452,0.00028121832153165554,-0.007246480531533589,-0.014481253275362068,-0.020659904684226963,-0.01708163755481212,-0.014920292363973011,0.0004681315823225245,0.00023338374999041936,0.00016368957029692835,0.00021661731521322648,0.0005794110423840863,0.000435904488699371,0.0004525339631206587,0.0002229617524144029,0.0004518965142792303,0.00021884486303032743,0.00017904430932265145,0.00022045015811049642,0.0005541058508547131,0.00043670541547403784,0.0004171268729853383,0.00023144443997508152
2020-01-03,-0.05172852102264274,0.000562066957961355,-0.03197600914958642,-0.011783178524688824,-0.00767864895267796,-0.02495785439808996,-0.025567502954419803,-0.02076013508806911,0.00041620347685899893,0.0003037525562775224,0.00014550894779792261,0.0001531693213776597,0.000636801568576877,0.00040747499031731655,0.0005127255403956258,0.00019126569846941572,0.0003533921235690203,0.00030401259971007396,0.00014716916141312812,0.00014787734262990037,0.0004957786084558281,0.00037440893540444787,0.0004478704396306927,0.0002148222803861061
2020-01-06,-0.02273151287945213,-0.017684441131458572,-0.007547475229180671,-0.004041422954575379,0.004256492451041153,-0.015049225786377518,0.02565069873736712,0.007397139839691972,0.0007105714845111055,0.0002442613987939277,0.0002413114615331462,0.00014526410231679835,0.0005346368474881871,0.00035710184536105294,0.0005605251855885182,0.00020555415422238342,0.0006793286824392776,0.00022780656244830732,0.0002567183611876352,0.0001569584613783783,0.0005802048695541752,0.0003317476565678412,0.0005706075147811105,0.00021072183054499693
2020-01-07,0.0008393050519687581,0.005193654525123388,0.00022487531378674697,0.015793078845476618,0.017943244875486278,0.021816128555033502,0.00616411836312863,-0.006083851872580741,0.0006367571823772585,0.00023084031964623413,0.00018408888861320025,0.00012757739393331596,0.0005865799502055337,0.00043449890317199445,0.0004944285680627381,0.0002009194490565086,0.0005727879266355897,0.00018478785730701548,0.0001824136240316412,0.00011935583137219672,0.0006109468424080266,0.0004530282334496356,0.0005130387036586289,0.00023003470209424323
2020-01-08,0.017723533069079183,0.003581745310956372,0.009942994341161748,0.004695437248786533,-0.002189350903229861,0.028151080929253017,-0.0016545921975827725,0.0032163038407501004,0.0005336183693321467,0.0002166970939787116,0.0002022122708874222,0.00013634937443807873,0.000492842133176628,0.00041389513446805714,0.0004492140165616224,0.00018444576010024212,0.0004936057635681971,0.00021814907108224244,0.00019072397510684356,0.00015516309820255648,0.0004312534133596634,0.0004206431605487814,0.0004525441849020581,0.00016495207475667595
2020-01-09,-0.0011850293335117909,-0.02293345509958811,0.014869389569485357,0.012626435515810998,0.008322676303379954,0.016440027150075188,-0.005975855187044356,-0.005944345202519057,0.0005701045599802536,0.000228645210637183,0.00017163664055739412,0.0001689327534169863,0.00047835197626371637,0.00037605445020558626,0.00041139485363194615,0.00017609702702095598,0.0005859970446462823,0.00020770664667427754,0.00017805838165187553,0.00016551712923376018,0.00045164743677409135,0.0003407444432176459,0.0004200995308395338,0.00017841448458416758
2020-01-10,-0.032507908376504434,-0.012987366035070325,-0.011090586480102119,-0.00847867455478759,0.0007734968808039834,-0.018930436440236103,0.008167988667429628,-0.0019287163402353404,0.0004677927207820258,0.0002255063117179761,0.00019087506404870914,0.00013567491012610663,0.00044728587138966546,0.0005873489151941569,0.00034006510805687846,0.00016566722980558622,0.0004970092071335788,0.00022715402386439223,0.00015757707740561978,0.00012909268997702476,0.0004860289053509953,0.0004970146160765278,0.0003386826634752785,0.00017219320769039278
2020-01-13,0.0195641434107826,-0.0015008134695822612,0.012902005191014466,-0.007700420783527506,-0.02273258961401995,-0.0010936710360814625,-0.0221340842919259,-0.010845277874344394,0.0004452807226690809,0.0002705555535050058,0.00018543136612009272,0.00016788284822558802,0.000374985152381406,0.0003788258274296784,0.0004661323912563999,0.00014220089939715749,0.00044883493443701193,0.0003188136364133876,0.00014335067383742508,0.0001508344905813122,0.00038242205699210493,0.00036985527934316046,0.000508193405579654,0.0001209602522326785
2020-01-14,-0.002890282735613485,0.0021685859022667134,-0.0018922509600137133,7.504087701300607e-05,0.005853106514111222,-0.0028150201145039186,0.012595476775308739,0.005493808435342867,0.0004876975569859448,0.00018272855465862025,0.0001874140656862442,0.00014090519648016347,0.0005917889423417513,0.000427387522680143,0.0004176729727981996,0.000112157120890183,0.0004834962258882865,0.00016597962178195445,0.00018653606592379583,0.00013997133514383463,0.0005832702850138947,0.00037917026774449494,0.0004283374183351426,9.699910925485446e-05
2020-01-15,0.022111006932921968,0.006736764270648326,0.014211592176762756,0.002795891693159833,-0.005336267842032528,0.008676012318906075,0.028287126659936667,0.01706689323061473,0.0004853528966437081,0.00018102965855267217,0.00017470766080010714,0.00012935418954356504,0.0004525577540273697,0.00043769877180762615,0.00035674836826287884,0.00016805179582852418,0.0004905672816100893,0.00017802900729439416,0.00017187966850914062,0.00012663408230749394,0.00042479883271158306,0.00028671843530142326,0.0003373214171756967,0.000179504970711408
2020-01-16,0.002295021876670523,-0.0022100070342121556,-0.0009457173874675346,0.005367864618743134,0.004287124349160173,0.002522636161021434,-0.0016794307234384441,-0.004511231133472098,0.0004976314364742065,0.000188572646085913,0.00014123311479715265,0.00013416746309428038,0.00035138711698460125,0.00027832579452678855,0.0003227271319730568,0.00013867712475939975,0.0004898718450442253,0.00020839738013338387,0.0001408353667260294,0.00012185629324490147,0.00031081423061367775,0.0003033561786602806,0.00036026839847265425,0.000137203877736547
2020-01-17,-0.019846451131718797,-0.0033329479687584105,-0.007820628916453954,0.0014613464006411484,-0.03034499682021175,-0.008997809708883201,-0.006976841269066197,0.0005434684512978958,0.00034260756108598234,0.00016455912511236634,0.00022404009618692594,0.00011250135876173462,0.0004628293876036945,0.00034698552834106855,0.00037231227632078355,0.00013976176638709272,0.0003039517205821007,0.00017007493851310646,0.000246351660969719,0.000124585564114567,0.0003267333264737174,0.0003644243831207869,0.00037114925076747756,0.00015247665153091816
2020-01-20,-0.008979834472622942,0.004327389939103766,0.004775687279372139,0.01861721767164392,-0.0012283745091768918,-0.0016563715284948783,-0.01788715378714794,-0.007066242839472396,0.0003802978906641902,0.00016282427003476646,0.00019056499489252034,0.00015959423278583658,0.0004369142948420297,0.0002926337166870362,0.0003195970885901842,0.000162380465754586,0.0004087161738334515,0.00014808928082126775,0.00017397181577559896,0.0001477372152840675,0.00046416074099385403,0.00032092536242059447,0.0003318615381017728,0.00016120182299581853
2020-01-21,0.01664367907093428,0.005119527659597282,0.0030569047211445473,0.0005586224698616749,0.004936581550472021,0.0046760176963050225,-0.007506614066379935,-0.00407811916936535,0.0003272846866054022,0.00018860851436508969,0.00015809832851193672,0.00015612639014100376,0.00040403683035036565,0.00023500284281127669,0.0003486278099800172,0.00016512418113529605,0.00033332514216342864,0.00017715672726889334,0.00014910843527259594,0.00016386858449315105,0.0003928879731937965,0.00020850669561473773,0.0003302491853932382,0.0001573054862237384
2020-01-22,0.013829187610237046,-0.006495499491316087,0.009084693831895451,-0.009943883316932361,-0.0074573224198396055,-0.009106005366864975,0.006047275498225709,-0.006643354565242912,0.00033832528322888733,0.0001878903051569054,0.00014686301845723206,9.633925444305803e-05,0.0004481312166809115,0.00026504942110045795,0.00037095644782693594,0.00011402660275675152,0.00026902937509177746,0.0001807632292025319,0.00016340469240464796,0.00010822967101785964,0.0004577855899294889,0.00024288778586529619,0.00038279338828792794,0.00011913801371686657
2020-01-23,0.0033437398554647837,0.022807241107116478,0.005977536679376128,0.019689157559205823,0.025532663984911413,0.016088956460381585,0.012732368189673115,0.022755799144698916,0.0003048203297638957,0.00011527699905272076,0.00017760855675057213,0.00016217678567764866,0.0003550895170870407,0.0002598177103490789,0.000301337863294924,0.00016481998733286994,0.0002932600073817936,0.0001061143284122445,0.00017973941973132494,0.00016222081991154342,0.00035017040015505337,0.00021815992364614595,0.00028801193196576944,0.00019169695722121168
2020-01-24,-0.0018220854922066,-0.0013283621301401012,-0.0005977463225647454,-0.0004498737205413607,-0.010451755322677947,0.0015815022697599672,0.005648401116170207,0.00032742741425579203,0.0002621451982967131,0.00017036806821201991,0.00013988077153278124,0.0001255219084301921,0.00028659407699995756,0.00021587672482879715,0.0003077269136954371,0.00021955661895750118,0.00020403740780674823,0.00017054027489880332,0.00012830534115385248,0.00014033312128328132,0.00027711706476501037,0.00018143150751915172,0.0003041985374866363,0.0002220887804850995
2020-01-27,0.02857971145513449,0.019845519553524794,0.025029103680191546,0.015649998400169653,0.007205745114906818,0.01237139187278104,0.00897173160884983,0.021106743542492555,0.00031061340774975524,0.00018117716773523765,0.00014062689252058877,0.00015005488296590454,0.0004325107875606027,0.0002091122260120919,0.00027893886700469943,0.00013502028621230653,0.00026514783652953724,0.00019231132554212196,0.00014562393316431424,0.00015781509875571872,0.00041059042184047673,0.00022607968272555365,0.0002986166169459247,0.0001346058536807209
2020-01-28,-0.02022151259641304,-0.02534326044904281,-0.004204769365802553,-0.008599047094326866,-0.014899999776375517,-0.009756355124473273,-0.02028142513882315,-0.02700255620973813,0.0002827422614669482,0.0001867532696740102,0.0001905288305871418,0.000183223540627576,0.00032834584899145593,0.00023852757886428237,0.00025460143397273164,0.00014664268699272824,0.00023768776572454314,0.00019532961445744288,0.0001763824760958489,0.00016984255832901198,0.0003444335905209907,0.00025173690341425965,0.00029392380964663925,0.00014410665465430819
2020-01-29,-0.0018026951368066788,0.0034896243629537788,0.00532836797654385,0.007628891239557707,-0.0040155597510211395,0.005931907888662371,-0.0007824818777230345,0.007469398167166255,0.0003168828536250546,0.0002254405949078814,0.00015544020092245434,0.00013705701260216635,0.0003136281030231892,0.0002252298926869729,0.00024075425782466985,0.00021890134142944884,0.0003144283336681244,0.0002118845944523475,0.00014471556218075414,0.000123930760466547,0.00034942282809933276,0.00020941521187666954,0.000220940633544929,0.00021447386379111228
2020-01-30,0.01779141821895472,0.002680954888688056,0.007079719635619359,0.004893006734439728,0.013903321843881024,0.015683998526478088,-0.004708162131584443,0.004059100872086308,0.0002919244414786056,0.00013889188822307586,0.0001893035332367499,0.00012183030974252907,0.000369665979235981,0.0001694249013360667,0.00031602503473167635,0.00022478446628807045,0.0002599215008798183,0.0001589787349244073,0.0002174068399403457,0.00012818808367499765,0.0004053025179396014,0.0001739212242888494,0.0003764646327704666,0.000246888756600702
2020-01-31,-0.026034481213626264,-0.008251688894825263,0.0010036040579446115,0.002421928756431407,0.0023310154238443447,-0.005891245545320891,-0.006300320854225211,0.0088751022680657,0.0002925584434609801,0.0002580085774249858,0.00016439842522487084,0.00013561404070881449,0.00034664563185454153,0.0001934271965325726,0.0002803907300009177,0.00021251685245920552,0.00024179122932028402,0.00026032052363823854,0.00015382768564757638,0.0001409938092799455,0.0003196897959919066,0.00020574966216948678,0.000289885921902376,0.00022186140961389327
2020-02-03,0.02771406349601686,0.02401422609510165,0.007032155425155238,0.009471065068304847,-0.008344294787171433,0.0018621446799797917,-0.005690212994134883,-0.004803998585273638,0.00042311961100550743,0.0001467035501693518,0.00011468157244562619,0.0001226087285309848,0.000261754633418708,0.00022572648377354907,0.0001883797839990133,0.00017902843294420302,0.0004168358824926779,0.00013713331216921756,0.00011754347453074011,0.00014129340929186428,0.0002741722048395991,0.00026068375005451643,0.00016660306454549067,0.00020771635440356044
2020-02-04,0.014420879554022801,0.003876781669390888,0.008433738750457826,0.0021212951550141656,0.008963428889934285,0.015901138715252974,0.006063524187933266,0.001321826745720463,0.0003146274597745762,0.0002092099525425568,0.0001532737097947959,0.00010949879566907829,0.00023555028418313523,0.00021550268503473617,0.00018766707994492614,0.00019762992676862834,0.0002961549453435321,0.0001860376401272677,0.00016084553042166835,9.236446588886029e-05,0.0002642383938781078,0.00022596350461576546,0.00014772931007744151,0.00017436754005255956
2020-02-05,-0.030336919635959612,-0.01102751068199451,-0.021426640486535847,-0.005325987701841692,0.0015892480126874268,-0.0014641692780996969,-0.010909908402093675,-0.004020131780759143,0.0004041364563602009,0.00024056537297046735,0.00013993011877184725,0.00010341083678328805,0.00021652635923274143,0.00020591661707228435,0.00023522368677689515,0.0002486939851636882,0.0002923080256848247,0.00019030290994377755,0.00013397643240789086,0.00010153634478971226,0.0002228616493078292,0.00018261812030730636,0.00020527971566984803,0.00023590749655727267
2020-02-06,0.006192482686487881,0.014286986215679143,0.0031443891604232485,-0.0027553092991913753,0.006218437157073603,0.005696743143126052,-0.007114283937295645,0.0053851295215952355,0.00047921023209990406,0.00016933897107426147,0.00014550903554775123,9.075800284924347e-05,0.00018711289874117994,0.00019076523165417354,0.00019334939372491142,0.00011061789379075575,0.0005115109201839268,0.0001577978968129131,0.00012900754821000356,9.069581549151919e-05,0.0002066796764417216,0.00018751339000480316,0.0001801996379457669,0.00011180678138238232
2020-02-07,-0.01435039993377759,0.007092266109425449,-0.008311568211533995,0.010938200395975987,0.018110431987404904,0.0008106369696010158,0.016166568845955034,0.006510476333801267,0.0006339321597529923,0.00016470148841902518,0.00013629715247487803,0.00012422916185871088,0.0003105366054395015,0.00017111240551303202,0.0001901703105381763,0.00015269703981594867,0.000649159858048148,0.00018778179307444784,0.00013030224069396126,0.00010979567163098352,0.00030331437565953766,0.00017216889529939866,0.0001680002567508223,0.0001506841919427588
2020-02-10,-0.003590178682678536,0.00015540581350138397,0.0031488156594496534,0.005614245783653897,0.011175678364045876,0.007356725149361579,0.011631598433109515,0.010502161577828507,0.00041113943042321365,0.00020515387938795614,0.00015014222773557446,8.662634302937046e-05,0.00027160422949187645,0.00017188405116155703,0.0001991747369859705,0.00015179125753563355,0.0004040430751780172,0.00019610840255730462,0.00013754248787412908,0.00010323145483632869,0.0002867209241382936,0.00016933153791419287,0.00019410618993651916,0.00014122887492906946
2020-02-11,-0.010621176099541437,-0.006523079498668008,-0.010319206539564522,0.0003793844211157825,0.017188467278600725,0.020721935192608586,-0.0057938815926833025,0.008482141152312288,0.00034721372567274794,0.00016522550104644757,0.0001609669063931508,9.981135469855351e-05,0.000283590378287729,0.000164499505689605,0.00018335461011681118,0.00014749726390053463,0.00033518997694034785,0.00016038105877564746,0.00016371059277593363,0.00010683392815065847,0.0002905596224448758,0.00015195467209826156,0.00015522362400743694,0.00014034216390297117
2020-02-12,-0.024414589868043377,-0.017635020585788173,0.003722184395011023,0.002694175574561272,-0.037864231601500285,-0.01737015678122474,0.02190092505991508,0.014220770380842594,0.0002079762558553828,0.00016714626427762224,0.0001261404585086759,0.00010537461263292385,0.00029210693997074066,0.0001829772772282786,0.00017115991690281804,0.00014383895691139358,0.00021521211536108356,0.0001724481845247345,0.0001270598990100271,8.965054470945182e-05,0.0003098836900144957,0.00015978389018113249,0.00016502502531054,0.00015012305692728225
2020-02-13,-0.006761265439533752,-0.009074725445848742,-0.005042865328380757,-0.008426675487842879,-0.03576106966757409,-0.008321382288937267,0.02471516056863918,0.006320559250718656,0.00040285571564973926,0.0001506407875191325,0.00015318031746967614,0.0001181119753925197,0.0002658030160054239,0.0002131590432389867,0.00027671017802229086,0.00015147562234142206,0.0003913431019397256,0.00014165651072959345,0.00012815039578368732,0.00011330056293795774,0.00025044655766941643,0.0002063536408667098,0.00031535620617353813,0.00015963255534361955
2020-02-14,7.027662943106193e-05,0.004497014038232824,-0.0064675839981668546,-0.0007862852348222803,-0.0017485591091475816,0.006573779341224023,-0.01371274942180338,-0.0009842458247827464,0.00037690151265533226,0.00024871568777971154,0.00014273857495860286,0.00012658178697127093,0.0004358517369985141,0.00017409382837800684,0.00020807274267950468,0.00013664835906467392,0.0003868450236145136,0.00021311897438003777,0.0001280194632435884,0.00013854614987962797,0.0005062785711716006,0.00017786115338383948,0.00021108565171121832,0.00013951308774394356
2020-02-17,0.019267066712847315,0.01964948318853172,0.0076690243402684965,0.00933858129855612,0.00801297122932994,6.07570155964164e-05,-0.006534794345582826,0.004325499185209704,0.0002561489226842442,0.00015726105678030814,0.00013000838670429563,9.058471681860924e-05,0.00031092333524420263,0.00014287777782472024,0.0002160136611959083,0.00015280179923205406,0.00027024433332056044,0.00015147240237208337,0.00012403722198045522,8.750737530389219e-05,0.0003325717905356994,0.00013502442898672676,0.00022331799796500653,0.00013981753915669163
2020-02-18,0.009776445912539337,0.0004895830579748864,-0.008904124473571253,-0.020381638279086598,-0.014784476007045012,-0.013258626457831506,0.005495992662335221,-0.011514242053845925,0.001062501404404156,0.0005275650848933104,0.0005038787578464032,0.00032752139339855104,0.0009572980665916982,0.0006642728842674374,0.0007407633993907304,0.0003668815492748332,0.0009155631104247797,0.000487793278856208,0.00040119195084934383,0.0003418832250996395,0.0009667474854202864,0.0006468907419687702,0.0007574202066402779,0.0002919077526001649
2020-02-19,-0.019351235324035248,-0.03324651954987923,-0.06344487929059328,-0.034217988381673115,-0.06963047613543133,-0.006325645054303653,-0.04728263595012561,-0.05009353757531716,0.001100612876082536,0.0006243891734121782,0.0004173174813202356,0.00040638895624065967,0.0014190571197310992,0.0006156346407262671,0.0008912610524667458,0.00047696734235645944,0.001133878294628061,0.0006579112797872204,0.0003695037624542933,0.0004606856375446576,0.001556476186981712,0.000631937610330483,0.000830786797938612,0.0005010555198076632
2020-02-20,-0.06041466032017508,-0.04700232539778866,-0.049537256270617266,-0.04182904214821325,-0.056062933985988536,-0.03516353855364727,-0.07715453700902358,-0.06461360721591962,0.001232890320914033,0.0010218750667285806,0.0007476980622402452,0.0006575081641864068,0.0019185138152241056,0.0009587762989453728,0.0010727816853341428,0.0006353932445474779,0.001384950494807417,0.0010928976220769746,0.000720169120235106,0.0006517634329877524,0.0018685153427256994,0.0010863365168558982,0.001066518337829479,0.0004963235524372188
2020-02-21,-0.025533105300723672,-0.03914473308568355,-0.10078462899018178,-0.07837203169642,-0.11995486986904166,-0.0347444989227059,-0.02120301184626847,-0.044989079352739464,0.0019082846034048709,0.0010219641029752746,0.00155321400927849,0.0008772622240203184,0.002389954636912467,0.000943780039764641,0.0012098250888014066,0.0011885019612784542,0.0019574545523361976,0.000973780095843529,0.0015890976801025492,0.000836413608752971,0.0021444992218102596,0.0008783016777399203,0.001252107752006374,0.0010727319688261397
2020-02-24,-0.10187352463316833,-0.05939639837697436,-0.12876182011204879,-0.06617651828734589,-0.044329765115649886,-0.04165514673501562,-0.09829924183370851,-0.08134015385204382,0.0018911784950146225,0.0016941045007849084,0.0022759944997329295,0.0013287666995074464,0.003056480090704869,0.001398276378366463,0.0013916864114888498,0.0014228062498927306,0.001833209538025397,0.0016434751246157165,0.0024989311952924205,0.0011067206228465739,0.0027162691976404083,0.0014234581897132929,0.0015162641797407026,0.0012861127838050062
2020-02-25,-0.07829892407710431,-0.07344343136103881,-0.0717134331212671,-0.06262796759324424,-0.07166109495340643,-0.07466817103760025,-0.0647903593432027,-0.0816200574155958,0.0026753966996645004,0.0016901835427698155,0.0037714953482713464,0.001420420045554463,0.0027530868663913056,0.0011366747042895987,0.0025430758549354537,0.001604880370941432,0.0030874940023077036,0.0015816543826827497,0.003922157836106267,0.001369718303838867,0.002618794130670436,0.0011277806871970574,0.0028309868700984613,0.0016286138538728627
2020-02-26,-0.06350958712902319,-0.03160106109676422,-0.05296283887052529,-0.04346280512897193,-0.019481346828664318,-0.03503139871345911,-0.011678538531366535,-0.03345744858984651,0.0021038379525296154,0.0016634530417702928,0.004126872280402701,0.001347781910548423,0.004223479906342952,0.0018810451487509883,0.0025840090716709586,0.0024302583494642594,0.0017196813759235508,0.0017592077670031715,0.003685092799495794,0.0011714199453528968,0.005071061877683468,0.0018907990427713792,0.0021708535263924617,0.0022746863350288807
2020-02-27,-0.049904576186099864,-0.0669772086946549,-0.053519683333185165,-0.02289103939577197,-0.07582851680520049,-0.02223310758873685,-0.06659684129170226,-0.07737953732280303,0.0030391955555191036,0.0015238173128330043,0.0035319123089031443,0.0017185560500964302,0.0034268395878961837,0.0015642133741712249,0.0028406529240734557,0.0018253622674258925,0.0024119226676727256,0.001499911403632791,0.0031934051990177652,0.0018570024282661818,0.0035412583216713305,0.0014192223375881854,0.0022048330543067707,0.0019799651191867596
2020-02-28,-0.11622720856611056,-0.07168664386919799,-0.10573430949963923,-0.061390544458863994,-0.15167514442738803,-0.07140823047725359,-0.07522198181806983,-0.06893473996006445,0.004154969828738961,0.001868805107303914,0.0026262519377676496,0.0016585091491459483,0.0025858526168693052,0.0016112876595697186,0.0026608921537244635,0.0019080365551022026,0.0044014822352958,0.0020748480482797676,0.002368787646191046,0.0018845315856338316,0.0022197782929426284,0.001684535520228937,0.002644929080892068,0.0019890883633304833
2020-03-02,-0.13658746534745014,-0.19296224315794275,-0.02251946880764916,-0.10437360459479751,-0.2000903225896243,-0.15448373115243275,-0.05862497355798687,-0.09955655073447864,0.0032107537731735076,0.0016735777614775682,0.004527199337284826,0.0013301200071739198,0.004475816609646974,0.0017748536136255294,0.002903455878979742,0.0029524883230781333,0.003402157710809554,0.0014381076201220595,0.0043070203576618055,0.0012795316854990711,0.0046423030593727545,0.001580684038242635,0.002669360221330949,0.003242877406672609
2020-03-03,-0.03800779871598868,-0.06109188583934027,-0.03824290874773132,-0.09111408453593074,-0.11036385120857412,-0.08794746606040357,-0.06958937849404465,-0.06469117378280378,0.004022291089530143,0.0038562661083726196,0.003661487123762709,0.0023422773103979107,0.005516083045717914,0.0028893358653034676,0.0031968336006475188,0.0023912662433622093,0.003948185928262517,0.004030438517268369,0.0037440270726369585,0.0024692119536183794,0.006027965928474752,0.00299666920438329,0.003032331137405453,0.0020348504386117437
2020-03-04,0.0444717610250068,0.008717988508301926,0.034574791514109006,0.08015444224549942,0.06180105830040863,0.043295995915036335,0.023343250595164938,-0.012385284093759016,0.004086466556101261,0.00435642432210795,0.002327061901339475,0.002414153606067675,0.005051387230507122,0.0027892892097396184,0.0027040635857982,0.0032517988735063876,0.004107397736330101,0.004457161893250085,0.002264769333737118,0.0024239372053416848,0.0056648083928061,0.0030917457707838364,0.0028423107901643986,0.0032848533244389283
2020-03-05,0.01117072465546547,0.028633601414484847,0.0018837341220052483,0.038418390063301125,0.03478911897350234,0.03793578739676542,-0.01853429375518915,-0.0061138703388167945,0.0048284701830598005,0.0028212508179149905,0.0025939806626970757,0.001504642119590937,0.0049843743327477345,0.002893090033811045,0.001546494025288445,0.0017820573518038858,0.004349095858826613,0.0029487083239048925,0.0021841641236336837,0.0015139571679924939,0.00457141347472173,0.0027582163964257785,0.0016415580962258706,0.001687580596347669
2020-03-06,-0.07039842542074234,-0.034314884107409314,-0.047628211782317645,-0.038037739778379404,-0.04243774305331995,-0.007300267618774389,-0.061464419558861,-0.04275143947160901,0.0029832270560719606,0.002195289301128922,0.001785505692980335,0.0015906712475610937,0.004036126133694757,0.0028615860799556673,0.0018206196738481148,0.002092152890334308,0.002680801201786783,0.0022366629382776226,0.0017486852691972093,0.0013450815905276315,0.00451378511449646,0.0027061444337311415,0.001850715161605087,0.0022439636065595793
2020-03-09,0.07171112141814397,0.0218365358648169,0.06583924659280666,0.02214202347948968,0.045910126320738986,0.030469881484331,0.012904068782838979,0.02235562633244718,0.002689832182650899,0.0018708128536136543,0.001538059978646165,0.0014650632046579906,0.0032426224809473454,0.0027462790673545403,0.0019814111549751327,0.0015995759867709317,0.0025283897643663847,0.0019581458714871673,0.0014879295840401928,0.0013513121001782682,0.002646445692566686,0.003074473715920417,0.002033478185395455,0.0016475469155487119
2020-03-10,0.011876597386317725,0.004823000633741507,0.036088207503391305,0.006862569648738473,-0.017894966995022615,-0.018171995300049145,0.02740070483531126,0.017932978609161074,0.0022599029848939544,0.0020327944706674908,0.0017426732074035769,0.0012098238871015817,0.0036745467258861957,0.002093418227836078,0.0013218944902878749,0.001142301347624437,0.0023587593077028434,0.0018814362938355663,0.0014446221214187219,0.001021787744829927,0.003994436529047102,0.002349829863482224,0.0012561475677910236,0.0011838760099061772
2020-03-11,-0.021583650956346834,-0.027650682004298353,-0.01908913289260814,-0.03713392743541642,-0.06037348614717346,-0.03592504641272392,-0.031343796767554534,-0.028308576058719816,0.0021361821268638453,0.0015847325388049743,0.0020466707822619783,0.001278644892281614,0.0024915207279506014,0.0014294058217679587,0.0010317451129601295,0.0014898978631288457,0.0024042260898769897,0.0018322070268648684,0.002076157727585308,0.0012028973378065487,0.0025914051838944615,0.001314426051243166,0.0011821101178872832,0.0016130370858750919
2020-03-12,0.010517071834714653,-0.0020714881743320603,-0.012016962028800532,-0.02496331649775971,-0.0032996622959207056,-0.00530461499308388,-0.01903615806638677,-0.020844052978416776,0.001579658685327617,0.0014367911858480713,0.001164910147613975,0.0012775052297416066,0.0028768440643297676,0.0010717435401768644,0.0012029316804790177,0.0009621801968792717,0.0015801356179651917,0.0014691774177553888,0.0010388961857209146,0.0011950805782985144,0.0025635732334262484,0.0010328909097199054,0.001101316018672359,0.0009874649672032513
2020-03-13,-0.00732112158331602,0.007481166690668848,0.007107455864463676,0.00745360014810053,5.437583236600301e-05,0.01085118653900929,0.009142120491095224,0.023943516251149193,0.0013320357883843394,0.0010306626980627334,0.0010538309153961339,0.0007215570252298687,0.002270368478869964,0.001222483758288961,0.000738045204557121,0.001098132807748355,0.001221529432995984,0.0008802003809594169,0.0009293408409534067,0.0007149744141272583,0.002005268688617756,0.0012629930221907699,0.0006754450403482702,0.0008852742147258254
2020-03-16,0.022807933109012257,0.02989452219409109,0.01152168925003953,0.03034247281961421,0.07255927822408488,0.04758228956107906,0.02972233217928942,0.028543599560748176,0.0010298007753975847,0.0009907937940360058,0.0009191658612984281,0.0006443295968636956,0.0015178988531983387,0.0009411763330283053,0.0006834859273464077,0.0007261826943150509,0.0010884613583920445,0.0009557560461983617,0.0009866971804514853,0.0006984535034918689,0.0015480334688541487,0.0010216951040254497,0.0007209161178412337,0.0006648627668378441
2020-03-17,0.03715900881810575,0.03403015252239343,0.002029041318067373,0.009912667182298992,0.0399435318832349,0.04230307338708018,0.0019582023439542505,0.012699411054531705,0.0008510921670058733,0.0006794404921705773,0.0007157208316828696,0.0007510646714393024,0.0017048373687951412,0.0006900999848785653,0.0005864294889315514,0.0007243947847151015,0.000825257967303822,0.0006274086361634222,0.0006799586654716364,0.0008285126856226325,0.0018374844456842357,0.0006505772074079629,0.0005810011909620728,0.000667937424932887
2020-03-18,-0.02453194218011537,-0.018924726504356216,-0.026282546617489428,-0.02769863605831329,-0.045446518378515315,-0.025132743316350587,-0.019638028505930563,-0.022420271456452336,0.0009949685886108256,0.0008112272455901385,0.0007217672857786896,0.0007709313413859797,0.0012978850352136694,0.0008083810017196199,0.0005380329334725014,0.0005996210531481656,0.0008331771548124001,0.000910742618739168,0.000784033839734572,0.0008469140298678554,0.0013696335990855556,0.0008178974981195785,0.0006355197576623328,0.0006671824105427533
2020-03-19,0.007437355438264811,0.009344408863456326,0.004078877229463905,0.00731686528098618,0.00923267966803737,0.0197870954823,0.0032689832722750576,0.012547770347712022,0.0010004463501580854,0.0005002963201687197,0.0003928342103237161,0.0006563503835574955,0.00104347558797462,0.0008292974332621357,0.0005516657317359248,0.0005350716145959073,0.0010658325673138908,0.000516042633226785,0.00039847312103668436,0.0005515776072508893,0.0010750450306371184,0.0008243085768299115,0.0006063157067755648,0.0005627060812376949
2020-03-20,0.02438368099235425,0.019885072657573322,0.006364911889610133,0.02287210133927335,0.01585981702952907,0.01903471937995252,0.009028025992043517,0.011886340503157596,0.0005736239248808161,0.00036287290336544764,0.00047096744947601487,0.0003575777570391883,0.001027940878863985,0.000591215922127222,0.0005064401220280736,0.0003998114804218513,0.0005692111294986826,0.00036673691299717325,0.00038773582257239735,0.00029764107838329743,0.0010677404641543974,0.0005265923161126182,0.0004935852404045545,0.00041806920364540997
2020-03-23,0.04232334041094557,0.013455148397471483,0.030926626682549797,0.019522634379453122,0.017366754443570415,0.038553288339722276,0.028235096407874274,0.02451387769350804,0.0006125209831518274,0.00043796603704497573,0.0004187580548769775,0.0005370682907526429,0.0008961884203912998,0.000568558890171815,0.0003329421830558226,0.00041409701241107276,0.0006696162509903078,0.00048288599616056474,0.0003943959132446359,0.0005134326796758657,0.000970743584344359,0.00044619041797281885,0.00029145892824917655,0.0003601330513897307
2020-03-24,0.03134492987537585,0.01472799291910268,0.014442310087461059,0.016136118776456137,0.009422900540944653,0.02386102213266153,0.03521997961586552,0.017834540306880402,0.0005669279987276838,0.00045811491353446864,0.0004730655486586233,0.00035875968941002814,0.0007577968301559976,0.000664750080140983,0.0004226765111537375,0.0004166193687612452,0.0006129288858459147,0.0003918603740529072,0.0004999688176869324,0.00035801997226351243,0.0006884208931195352,0.0007134394447046957,0.000420181645560015,0.0004658526927694181
2020-03-25,0.02474052834116983,0.0343539888536039,-0.005237433368596882,0.012227590976315822,0.0474434160531944,0.028591775957815157,0.012159066411267528,0.018154544705142737,0.0006483218554707733,0.0005009546077931145,0.0003439369470707504,0.0003618555187277207,0.0008902683694770987,0.0005541308054655228,0.00039198866080621375,0.000315132387291102,0.0007259219783533049,0.000447135074383834,0.00034748418169777993,0.0003277348176559254,0.0009546538935213577,0.00047329973187942045,0.0003949280300865501,0.00029652664534345107
2020-03-26,-0.0003239369002006315,0.00033768452142584276,0.010634541178270054,0.006194071742362607,-0.01122522665812398,-0.017150115041675212,0.018844559624298072,0.01041327871515947,0.0005635261468865379,0.00027508340974908494,0.0002701540424159785,0.0005184061476417808,0.001040090439519758,0.0004835204591753115,0.0004007725169384359,0.0002891374576228486,0.0004964068125987904,0.0003260178274519639,0.00026991032236637247,0.0005138843740094618,0.0011343086934567843,0.00039310228428857515,0.00042461967800542524,0.00026057795102199375
2020-03-27,-0.009132412990022149,0.004199304516572919,-0.010778300853985217,0.006118673657189264,-0.0020689687336764165,0.002029149405874241,0.0022384685875418363,-0.0005673351025639981,0.0005133236784247355,0.0002948122415224665,0.0003039628251515157,0.0003169993031085598,0.0006606100597683186,0.0005477053940205748,0.0003092698774824985,0.00034348972471611957,0.00048272527641840833,0.0003197450970500321,0.00031728366121804106,0.0003582171314927619,0.0007333553866693755,0.000549300406679982,0.0003130389079822301,0.0003437050270774392
2020-03-30,0.011526674297336127,-0.0027200285658033176,0.021484473889614525,0.022382533242573777,0.021421508236763163,0.027214726400173854,0.021417669137621668,0.013125960170960724,0.00044037309596034767,0.00034878814027499404,0.00037492987084649824,0.00037220418066625393,0.0008386286534747866,0.0006667738254805299,0.0004112383299674364,0.0003022809995982602,0.0004024228923622688,0.0003574992649817241,0.0004042901232203208,0.0003761127415879281,0.0008357324289874355,0.000707155526431787,0.0004742560151565954,0.0002818077627975006
2020-03-31,0.007493665804918737,0.035661522923799954,0.006128283289605127,0.01713991151469338,0.01651910402231347,0.032197301966574485,0.012151600873594064,0.029383449149970927,0.0003753372365866208,0.0002465120495097564,0.0003123964106230298,0.0002852376728014419,0.0008033234266715377,0.0004000608851983247,0.00033979852332927503,0.00020021495615991426,0.00038421972848018816,0.00026115310743864774,0.00032307627947860936,0.0002978677019938287,0.0006676204760090561,0.0003084068218729712,0.0002633268600770391,0.0001919928977444463
2020-04-01,0.00259538833787286,0.00824143187218927,-0.00770812396908487,0.0051730918466634645,0.006608765552473241,0.004283169551080251,-0.008133837843694964,-0.004742649615495869,0.0004456440281775684,0.000365893017264238,0.0003060520285377849,0.0002754856703576653,0.0006939536254597825,0.0005680181980653,0.0002543394943967887,0.00029069569353221326,0.0003680910881583916,0.0003568359052321174,0.0002848046171425809,0.00028691891808913867,0.0006726501477670295,0.0005543327894394059,0.00022160006804810027,0.0002726600404164933
2020-04-02,-0.0021278841468764026,-0.01826915711186353,-0.015003757386196723,-0.023453924307642166,-0.0343713629044055,-0.014009237004061955,-0.015363484296039176,-0.02196270808777857,0.0005205357291453638,0.0003031881777025548,0.00025481930464547843,0.0002640767987552883,0.0005192711460893559,0.0004459335915104282,0.0003033182106274633,0.0002914098045139382,0.0005548445942195958,0.0002979925445798991,0.0002699359302228142,0.00023216253040159786,0.0005179099380972046,0.0004263263383628347,0.00031498724560123675,0.00027894774906006656
2020-04-03,0.022683105207198375,0.001896055628207725,0.019569634195096667,0.016253013312568926,0.02378400893883071,0.016529080583390567,0.01456930248316593,0.01540509753924287,0.0002634014133246973,0.00035897839997509865,0.00021821052749295742,0.0002694883772312842,0.0007612684598715906,0.0003390389512632701,0.00030980145536037447,0.0002980812089240576,0.0002699771797027163,0.00031389347258219683,0.00016882072032994652,0.00027626410362468796,0.0007676505070489824,0.00038084106419217293,0.000350830934745596,0.0002810913039082038
2020-04-06,0.006162939732405044,0.023025098722013655,0.005517469393700961,0.005327416045784665,0.008043770109502526,0.013253646768187624,0.014573987609742139,0.017338745758456165,0.00043408808426202933,0.00035306417198488076,0.00028886068963212235,0.00022601764429791077,0.0004939784580465505,0.0003357805082317815,0.0003031998008554221,0.0002529949837708749,0.00037330676630183986,0.00030150787153813144,0.00030296664845060956,0.0002271774522782496,0.0004760971619300165,0.0003163594567927654,0.00028731681752329827,0.00026197260585034506
2020-04-07,-0.0029584044525106136,0.006252604707979556,-0.0035094696744904356,-0.014129231533717505,-0.015099251123244551,-0.013733880746012924,0.000515735825784524,-0.003706328461559528,0.0002996615784352203,0.00034347834461821665,0.0002886978408873026,0.00019034730769668706,0.0007492976873747345,0.0004255630901966447,0.00023783269256959894,0.0003048597105637328,0.00031499319202571793,0.0003541065602026652,0.0003284086857006086,0.00017363165746201158,0.0006303690028659955,0.00045409939790927776,0.00021671934297552746,0.0003260861593468489
2020-04-08,-0.016709492868538775,-0.011304961363479384,-0.013039729720062393,-0.011877739711906593,-0.02812147279695316,-0.022797316802469145,-0.011752054623827125,-0.011171251764708838,0.00036568101109366984,0.0003217357722056101,0.0002107904037669143,0.00019825528778235875,0.00044356955383822365,0.00038395350735773647,0.00030410544402294703,0.00024498230620957574,0.0003121344591173576,0.00031061167968858186,0.0002144575374605566,0.0002070612302648034,0.00045281299921637845,0.00037531507424112007,0.0003009324614005254,0.0002111507457223012
2020-04-09,-0.00292510725183113,0.017123017272143402,-0.008519142310726658,0.01937563578144486,0.01466963331970367,0.02538570111008023,0.014986964329151002,0.02171145478748948,0.0002792276105563211,0.000261010686551473,0.0001307403423658768,0.00021274249931559652,0.0005351078083892861,0.0003317281913939299,0.0002444570939359978,0.0003682338248013984,0.00031554138789967854,0.0002689905454109468,0.00011355722027600201,0.00020512842481506207,0.000506991853002175,0.0003364094565214565,0.00024975091049329184,0.0004222635505885244
2020-04-10,-0.006799017446230356,-0.009690985629170756,-0.013939093651013494,0.0034437668793895113,-0.00662004720805,0.01808819580948381,0.007671900608290874,-0.01019490702223359,0.00026125078676103103,0.00032991855923771897,0.00017594110260670727,0.000306819494721513,0.0006006238578694725,0.0004430297933847146,0.00023385963071874307,0.00033756179679970066,0.00023441455836239404,0.00032610751170700415,0.00017902226460527403,0.00029239987955618607,0.0005281713574339219,0.00044258607725425206,0.00023267802905883604,0.0003724890494510977
2020-04-13,-0.01598984360913488,-0.009906311211831621,-0.0060175543750153725,0.005449276692988127,0.004477330751508027,-0.011707849367461899,-0.010825339712126606,-0.0014289850565113458,0.00029999648581063046,0.00028205348387418626,0.00026889937679157777,0.00030875882004853956,0.0005301869886775359,0.00047481320102663445,0.000208240028157589,0.000294093138729699,0.00028968789553924086,0.00027051908788063933,0.0002902568324692905,0.00033477956771008375,0.0005226171581694597,0.0004058003160194357,0.00021466555779349117,0.00024492191746252945
2020-04-14,0.017622199763854065,0.0147733285854794,0.010826716134317483,0.006476372626011703,0.01748938513253671,0.02807293985070091,0.01031925464226551,0.01529770531769296,0.000232465953662293,0.0002537185277346883,0.00014967248928948832,0.00023007661032881804,0.0005700147628870233,0.0003189155548642642,0.0002076632582228557,0.0002597891883988618,0.00021786685632301203,0.000276749839133486,0.00017203558974871182,0.00022564759368909627,0.0005747419661140139,0.0003198184930774772,0.00021141913692788864,0.00021981290011481103
2020-04-15,0.020122254503483938,0.015481076968071822,0.009622469990432281,0.009979923954946452,0.02184916876133129,0.009952233462387118,0.016559312397407325,0.015614747060601225,0.00025339696942146484,0.00026624783196976744,0.0001713552006007267,0.00019711028795299396,0.0003789463091211074,0.000439631859521896,0.00027199312511239516,0.0002824980545861778,0.000219278146753191,0.00024143861408930397,0.00016988274194512884,0.00019801681757669953,0.0003863550887443333,0.0004356348194281045,0.00026405439341449743,0.00023992909146669015
2020-04-16,-0.006147200266663209,0.0015313902391838592,0.008444889236346842,0.006002950107276938,0.0035825708716431884,-0.004428904893284244,-0.0013441884111604358,0.006485625340220755,0.0002662548325188689,0.0002424113530878941,0.00017232276365682209,0.00020881984540267832,0.0004173921351092072,0.00040660554327442137,0.00023331990548210136,0.0002688603193483074,0.00023273667492641672,0.0001666302830402137,0.00016609993814095523,0.00018933008466001883,0.0004131641521927614,0.0003826922976399456,0.00023595796368185246,0.00026455118742355744
2020-04-17,0.0036239781117732312,0.005516332868056671,0.013331807632396941,0.011027835054537135,0.01606878746117752,0.012435663503115202,-0.005165108677004225,0.009350321344370732,0.0002197964664921943,0.00020468669374760888,0.00019803339850960028,0.00023734065909071202,0.00046362172803011997,0.00033438528895396403,0.00020089344603605838,0.0002560944258255215,0.00021613454071742715,0.00019812795135503054,0.00021062087501525322,0.00023575276671790172,0.0004880136270688486,0.0002818558443514696,0.00021101328478319168,0.00028574864776882404
2020-04-20,0.003780793300811841,-0.009117627945069682,0.00045206069078833604,0.01800049177294577,0.004509295860397268,0.00487223395997215,0.001969005462401961,0.006881231893581602,0.0001895571445997583,0.00026873537540428755,0.00018887560327705025,0.0001610993359658489,0.00043753014752807943,0.000387267040155062,0.00019225795809666213,0.00019528618246890433,0.0002061323609350288,0.00029735926066752985,0.00017401598381160463,0.0001518859921015997,0.00042412289147722296,0.00036880941523113794,0.00018055619386927164,0.00015239157859022102
2020-04-21,-0.009984046838898137,-0.0037987727456087923,-0.02581922477661753,0.009738914084221022,0.014437193217904777,0.021095511272281296,0.01764429085502471,0.013469656075489733,0.00017876617668128187,0.0001578022140944537,0.0001788873405655864,0.00017318614405510514,0.00022310374750078503,0.00034565816263343205,0.00019597934853977337,0.00023817792489789312,0.00017944705663188842,0.00013805829005013003,0.0001413656527355368,0.00015155864529251686,0.0002267130432856488,0.00032120031746496523,0.00018895238584172705,0.00023714199967859442
2020-04-22,0.0028322360493417153,0.002580151855615258,0.015552419021173066,-0.007086790652680388,0.004545266816674723,-0.008598171744097433,-0.001751611527833024,0.0013319734472340852,0.00023069300377273464,0.0002462684701884183,0.00018854332119099521,0.0001978837419106503,0.0004929599378740524,0.0002901694981843006,0.0002083773343818878,0.00014404116885196607,0.00016843288761628978,0.00024319361071940544,0.0001839494028191503,0.00018747298874275133,0.00048293430330036943,0.0002424584069950063,0.00020082138639738,0.0001236342891268012
2020-04-23,-0.009650166731588824,-0.015459105247837768,0.006772800863455264,-0.003638511630389955,-0.016471036610033907,-0.030801142398849964,-0.013962798903320242,-0.0147747480430569,0.0001615802110030473,0.00019716220812751234,0.00024822776737279986,0.00017089455541392657,0.0004851179689609638,0.00042163185428934716,0.00017533857311116555,0.00012551634873973416,0.0001509952872909256,0.000168258605542035,0.0002757073646189907,0.00016268809510356893,0.0004891839414421277,0.0003913706495215247,0.00015411563236714744,0.00012147755675271513
2020-04-24,-0.0007229268276242336,-0.0029523248074082168,0.018236542677846586,0.0009755978155363359,0.0039291240813501774,0.039226963706876686,-0.004812820284609169,0.008828724052906186,0.00019735813158365623,0.00017818773971348215,0.00021748458409752598,0.0001842888677377656,0.00030741166218259354,0.0002787929707110403,0.00017143839656857073,0.00021323751150438726,0.00018750971262713727,0.00011940777335090842,0.00021543027762093074,0.00017818989525012404,0.0003269483752480943,0.00026594442526067634,0.00015103852276150768,0.000180155686299193
2020-04-27,-0.0019332741381223521,-0.005125028996946699,0.0038855553232523135,-0.006751169656120532,0.00827777598019926,-0.010994139199251136,-0.003261419345852881,0.004668294709738778,0.00016441918007805567,0.00016595330191113792,0.00027386428662073796,0.0001960023651307298,0.0004051515249839598,0.000505256534903683,0.00023744358844159184,0.0001306578214239797,0.00015846048205765288,0.0001660687624026593,0.00029277876427438997,0.00020270356290943203,0.00039971681707000003,0.0005401804624257812,0.0002458109021661021,0.00012258009128333634
2020-04-28,-0.008404718904233905,-0.007518601451721678,-0.026257136022388664,-0.01080943208789261,-0.023920664110840886,-0.020213427175076265,-0.0064252781347330975,-0.01944270433567555,0.0001997005193766025,0.0001528042227596534,0.0002408848591456329,0.00014558916715745384,0.000338652174049589,0.0006087667621487512,0.00018927736166069402,0.0001554362303258055,0.00022618711578615145,0.0001517382959015455,0.0002535210043514034,0.00013247999310093923,0.0003272904753423849,0.0006432063188760917,0.00018294375151599183,0.0001582584188419355
2020-04-29,-0.0070688171561012515,0.007454315219657108,0.005215266415096805,-0.010514423773798505,0.00036642006507117653,-0.00116004051769238,0.005322541202752354,0.008612866815947756,0.00011674663593175154,0.00013627177874051788,0.00023716429011917418,0.0001636116066176043,0.00035270249476276704,0.0004403308630674642,0.0001831367400531809,0.00023058552835171506,0.00011334342257570766,0.00013052244097578564,0.0002449111988294714,0.00016066227361357215,0.0003598966712437596,0.00040410444142377906,0.0001874913050949373,0.000211969800327363
2020-04-30,-0.0038322531604890677,-0.0026267081444900984,0.015151113698297957,0.020734013534299947,0.0039024308422169925,0.010410770927690306,0.007466773462228258,0.016174335258672387,0.0001678110162062546,0.00014618364788018874,0.00030364289270969535,0.00018570406398438346,0.00035424545297454236,0.0004496307300583635,0.00013517273846516619,0.00017148109357432637,0.00017141483537436197,0.0001568132972774943,0.00031343476290117856,0.00018488447191419426,0.00038327342841721306,0.00042800386302333757,0.00010991198970435512,0.00015154797293353948
2020-05-01,0.0014179571855757133,0.015234234790980556,-0.021429836064258537,-0.008409485066656943,-0.008786466550917199,0.0034777928308896006,-0.0016443617545721756,0.004087736079129996,0.00020824833686881042,0.00012471497666714212,0.0003210393890711872,0.00022320818782696462,0.0003301533464652367,0.0003125587214462831,0.0001695587356525847,0.000168939321854259,0.000194144562817376,0.00012159752003572915,0.00032777135857787955,0.00024137365222970673,0.0002778694950735482,0.0002762084051611129,0.00014290510827275632,0.0001467098687587718
2020-05-04,0.013956133218337103,0.004434111931201957,0.01853127195549422,0.010881032511588095,0.0018126189944617473,-0.0037214109691242735,-0.0032090864366999994,0.004207606643523295,0.00015738472060226877,0.00014700546145768288,0.0003036077963613499,0.00017489164158553282,0.00038817303731482924,0.000313044597050096,0.0001159945047233801,0.0001540049056793959,0.0001579617146980662,0.00016927015396504683,0.00031572648691192474,0.00016550438816895254,0.000402294725102596,0.000325378981361027,9.788546657160411e-05,0.00015817573876702367
2020-05-05,0.011679371389901771,0.007670559623811508,0.01671695663778083,0.020428253448145025,0.03381703258754267,-0.003528864392632113,0.009812279200159408,0.004565840694304043,0.0001746493530434596,0.00013673168273109552,0.00022686179292599737,0.00016291542657622616,0.0002976780527437849,0.0003916646567322149,0.0001617221239818462,0.0002478764090133279,0.00017301636007112557,0.0001381779763190281,0.0002222316261637294,0.00018324251082789525,0.00033192735743543876,0.00044383869426481285,0.0001774707863974741,0.00023167444829779658
2020-05-06,-0.02285556244798712,-0.014842691487854342,-0.01356245326908355,-0.0014154650320236705,-0.003122512178901339,-0.008714454709078485,-0.0037561367113047176,-3.4471089913229154e-05,0.00013061796895911924,0.0001471852971480225,0.0002871055695110875,0.00017851465879626657,0.00026575970612183246,0.00028283476337709465,0.00012295060026227988,0.0001816290333815518,0.00014345986418569663,0.0001395315871082557,0.0002507217208343399,0.00017658210366605878,0.00027413896056232466,0.0002929762488520291,0.00010694018885093774,0.00014758046455364552
2020-05-07,-0.024853861484313816,-0.017309912094977675,-0.019678833940731746,-0.012938486166097772,-0.024111363441674805,-0.01097345684491961,-0.0060937275466085945,-0.017537087720861454,0.00021359948462297573,0.00018472832407531327,0.0002528594623635856,0.00018148609095795893,0.00034398630139580877,0.00025011189852932784,9.632966292775627e-05,0.00012374443917528938,0.00023757320640967525,0.00016435917361273973,0.0002656058153593913,0.0001741597831241333,0.00034519448226766943,0.00023824382788285042,0.0001074035010667996,9.856177100468628e-05
2020-05-08,-0.016376097436565984,-0.0024108947621681214,-0.02361131161826953,-0.005534946808059779,-0.016320379806632507,-0.01476246041226751,0.0004653843575938898,-0.0008536064497260834,0.00023691497584304926,0.0001648482303988369,0.00030822988114715224,0.00019358514648681137,0.0003464274047664533,0.00023786294802812912,0.00016715313536722558,0.0002021506368127467,0.00022580926670352192,0.00018151242943779044,0.0002618049298731159,0.00018365663436216786,0.00035500665728646874,0.0002090111659909833,0.0001654059657233063,0.00018304804167313887
2020-05-11,-0.011329332677792642,-0.01634157911005634,-0.011560070934579086,-0.008907476866253703,-0.016392690361527632,-0.014437554994801616,0.001729533747208121,-0.009511130330785954,0.0001868137358380673,0.00015106793861956977,0.00025790697104497427,0.00014971983870534414,0.0003261466096459205,0.0002739737215352558,0.00011843673158203543,0.00015457474751209922,0.00017541010130900643,0.0001722975025417617,0.00027182137349596685,0.0001607715332477776,0.0003093711326391005,0.00026692510856058554,0.00011107350136354948,0.00018492032417306506
2020-05-12,0.01117099199309606,0.0036371687131129607,-0.025785053899759148,0.025057739986852467,-0.028000016658739343,-0.038342564812840214,0.006649543014958265,0.0019587032653204583,0.0002580648486683269,0.00014459858421809004,0.00030073602943311216,0.00022116466412401678,0.00032626556211876734,0.00029620475523262204,0.00011902298288423384,0.00014666709695052975,0.00029727264788242437,0.0001517109799082184,0.0003018204224651101,0.00021403908056798914,0.0003392128750644181,0.0003138750526188186,0.00011891904281372962,0.00014178176963001277
2020-05-13,0.02129297875234933,0.014050475347613433,0.022930776627072023,0.02714747866670118,0.02285922986068264,0.0037284933007827787,0.022459720973956647,0.0304984435546588,0.00019220313102588684,0.00021922675223666634,0.0002541288706666734,0.00019229412301895575,0.0003357484807930803,0.00026601191218725403,9.07570279879818e-05,0.00011759297562288605,0.00017222111856425058,0.00018682366684522677,0.00026774491389626887,0.00019019140932028192,0.000317417110724179,0.0002614695030008974,8.96245727881e-05,0.0001226291891021673
2020-05-14,-0.002145540502356813,-0.004998239050190137,0.018899422918434966,-0.006019609822909766,-0.005431461132088857,-0.002676273769843035,-0.009878123943606692,0.0017164434361487413,0.00023225294796647988,0.00015274277048684892,0.00020020716777770516,0.00019838263160391998,0.00039242606556612954,0.0003441159950596366,0.00014455971466142652,0.00018055223750596005,0.0002557923673739245,0.00015111304459248484,0.00018692546581698988,0.00019764434393041807,0.0004646393953020986,0.0003667829227089426,0.00016184596320278642,0.00021246319714006252
2020-05-15,0.0030362444962529433,0.004704172963822903,-0.006029157788876437,0.014301619884741023,0.011207260082925736,-0.001866063954374064,0.023210844633648683,0.017279262588396058,0.00021096013660888122,0.00015457757931443988,0.00028607908565303063,0.0002031053301455191,0.00023863060171505876,0.00029689664853161735,0.00011709907796979375,0.00019737712565899018,0.00022226725390726376,0.00012704478499362372,0.0002490889501904654,0.00021157953797000176,0.00024841523215553843,0.0003267705533159807,0.00012007527976614892,0.00019072032031761362
2020-05-18,0.005473808796156149,0.008219659756263532,0.02077876998901674,0.0074833391409744226,0.022140507308537914,0.03131026505061048,0.0013253356223573937,-0.0007723341375609023,0.00022797707913214442,0.0001908120532915869,0.0002603533021688086,0.00019819457959984745,0.0002917199960961011,0.00025947668716242307,0.00019630413241143892,0.00018435219788470264,0.0002505718246556555,0.00021150052719048603,0.00024054647386358952,0.0001815056535995807,0.00025850933972520383,0.0002607494625109037,0.00019678634690350344,0.00019069521789288953
2020-05-19,0.00043268282524276333,0.003923055100746095,-0.003081721866716382,-0.0036166836006047785,-0.0014988707877917886,0.003543291759989028,0.002602759702333833,-0.00039336184429848475,0.00021177443535678979,0.0001570646445452729,0.00024345916768595558,0.00020578983019386394,0.000355925584695717,0.0003101162278028232,0.00011031788554363604,0.00015988203114480673,0.0002311802815262495,0.0001386352977772527,0.00023686939446930326,0.00018752517437738682,0.00033354893884899716,0.00031336859242004684,0.00012812418885316644,0.00016577068997022636
2020-05-20,0.0059704447032622445,-0.0008926177422643906,0.012027131256808916,0.005517658365551054,0.000934376562032544,-0.008339928148873332,0.009782647539175742,0.0029936470982366644,0.0001665118944985979,0.00013248242635051575,0.0003082782282476748,0.00016957326467736795,0.000327802149032592,0.00032377380783899705,0.00013330809310791055,0.00015731185226155938,0.0001828541650098268,0.00011424866810019466,0.00032345928759933395,0.00017277014029155717,0.0003579185673060083,0.000331820880901989,0.00013587894120462374,0.00016218052517573972
2020-05-21,0.007052238664855811,0.004392228950862176,0.005838982028223749,0.0024054626315462373,0.01641927837943686,0.01207915995215869,0.004385696778593144,0.016602196055162638,0.00015086707185934305,0.0001334784413607953,0.00027010758317707706,0.0001527445688399016,0.00033947358953934114,0.00027750166481373714,0.0001314277746588542,0.0001834474009701597,0.0001556355587174618,0.0001638580418875359,0.00025335700829923484,0.00014891329927807005,0.00036248302115707217,0.00028487634833961745,0.00012550243205529843,0.00016957505713601853
2020-05-22,0.009032189855646714,0.0028714812482989465,0.014984084719161463,0.0055530412231202565,0.005362055266813584,0.001290779655941138,0.00787879929180246,0.008057535109963314,0.00021209170502252457,0.00013154251723212303,0.0002539341519607365,0.00016765899112101994,0.00036260588279204585,0.0002725905312811761,0.0001572256638448715,0.0001570569180379131,0.00022288394802543127,0.00011864968178251904,0.00024027769220819065,0.0001832787918720021,0.0003392332187134012,0.0002531982370201083,0.00016234125721655191,0.00014356029937482464
2020-05-25,-0.0030098755896397567,0.0009586049235351,-0.004949672130985174,0.00452417068372724,0.00537832262605999,0.01243914539998629,0.0031059865828499725,-0.0003889238890998913,0.0001842597908465667,0.00011335777566873509,0.00024230087787985584,0.00014079975309869679,0.00033169793545670607,0.00017130572860005823,9.723030943829361e-05,0.00016705710757293404,0.00018436320292468817,0.00012049681511037681,0.00026339711967926364,0.00014213441724786566,0.0002894011614262829,0.00017994149223209556,8.992137492964174e-05,0.0001713791180051825
2020-05-26,-0.0018689427150727403,0.001710648256918716,-0.004313730021533692,0.006189742524359392,-0.008444239550344663,-0.005644876841532041,0.0007236989125190208,-0.0049421652958685815,0.00014386664427092609,0.00010074745926455368,0.00025852641005257666,0.00018919627934693803,0.00029598466447009505,0.0002652274394404424,0.0001253380745999887,0.0001508714286377332,0.00015333140564757072,7.96729180040064e-05,0.00021027235534424837,0.00020362612385825822,0.0003141173675364861,0.00026747025943178753,0.00012251255400647491,0.00014885895242921468
2020-05-27,-0.002628606455024612,-0.001681659330277307,-0.002506640965806123,-0.009722368449940368,-0.04335575242046816,-0.03942773932074836,-0.013419730309645727,-0.013519156249682,0.00015370615156906249,9.985759477405645e-05,0.00021233710043209832,0.00017933359327057486,0.0002616666616802274,0.00028155729703696635,0.00011508823561458354,0.00016195497406477658,0.00015861360878449687,0.0001003723393135209,0.00021641939145010782,0.0001358308938390822,0.0002122613532190603,0.00029793808127728946,0.00010594507257029593,0.00014440784880608002
2020-05-28,-0.01563522558977964,-0.011843101720113018,-0.010358585518682722,-0.02749957343453932,-0.007024980398548407,0.00031649273657161276,-0.02562764162972782,-0.011307277465745079,0.00012659325048042006,0.00010045369533921859,0.00017962589199754426,0.0001750727875103844,0.00033836448008037987,0.00029918646250592224,0.0001413888310786026,0.00015059171115202013,0.0001344900086909821,9.699793647766724e-05,0.0002040525203432066,0.0001748661365051946,0.0002986569214923159,0.00028023674508859326,0.0001625866119752256,0.00015952503502785853
2020-05-29,0.005904727029967422,0.004986862203857043,0.0024731943339287386,0.01336682215987918,0.016222781017631954,0.010586420820673044,0.004481542677420402,-0.007895331081725566,0.0001411423111688603,8.756963012103378e-05,0.00019309499419114094,0.00019753859071153278,0.000428643977502113,0.0003660228506816794,0.0001691229881908671,0.00015211481875695098,0.0001695092321843992,9.790457702218508e-05,0.00020506501813073955,0.00019999636385104096,0.00036340018192610027,0.000454138458289649,0.0001469814749163488,0.00014677651215247545
2020-06-01,0.006729722342349358,0.01337552493826228,0.0036369061582858238,0.009297850317760072,0.025812387852047113,0.03712900492928792,-0.011863321823703693,0.005543870391257109,0.0001642465549582426,0.00011131651647996018,0.0002378253026971071,0.00020960294942463546,0.0003709876999335422,0.0004027340142913466,0.0001991817222815384,0.00014866220518098668,0.00017826334644452865,0.00011683870859017495,0.0002562814530618052,0.0001635696042587618,0.00035982296936075213,0.00042493319662563006,0.00019776102718975318,0.00015042554356060387
2020-06-02,0.001980715942178126,-0.003911645317641706,-0.003723459965119331,0.0020762230153364945,0.010963576832289193,-0.002240162588776267,0.010566060771148803,0.00550214819227204,0.00014694603895962612,0.0001204405363659358,0.00020638851908566603,0.0001918160595990425,0.00040306724387149354,0.0004406479981440461,0.00017890778731745875,0.00010476596617389351,0.00015814639487110303,0.00013240100677087548,0.00020872717376933578,0.00019940456762977015,0.00035135634028528627,0.0003761195358127613,0.00015998348505353796,0.00011919033643873476
2020-06-03,0.0015197776322554693,0.005078077617158288,-0.002941365732989136,0.019524394924623985,0.005847186728634408,0.006763559790649899,0.008240741332416536,-1.3059082227958219e-05,0.00012218861314692612,7.400022060735027e-05,0.00014590025910502029,0.00014734271797752746,0.00041608079053633213,0.00042371963873925905,0.00012429847863718057,0.00019259512889653797,0.00010853129616057459,6.765852140617462e-05,0.00012938540936472035,0.000143481317308782,0.0004000441191432528,0.0004156151807792816,0.0001265199978154559,0.00019532548953356442
2020-06-04,-0.013884106136075883,-0.018434578692317235,-0.007052391725827135,-0.019725017537974027,-0.04044002621583667,-0.03969430216050479,-0.013284896596006016,-0.0159757013906222,9.799742509340413e-05,0.00010937911126864816,0.00022332248116733064,0.00017184359051751052,0.00024190302771701918,0.00031323643161289895,0.00013901346221771447,0.00010025337859284482,9.185691073275298e-05,0.00010967483707010642,0.0001882857547390029,0.00017678268823746984,0.000244244818268095,0.0002907055004955757,0.00013667861345075517,9.792966451604353e-05
2020-06-05,0.0036463389137255395,-0.00495533130450778,-0.006584842282985246,-0.00635105074960532,-0.0018211211219409521,-0.00032162683405126413,0.0022117523935383564,-0.00036835865406522223,0.0001690757216068499,0.00013208254710169755,0.0001392079361097508,0.00023503934165771247,0.00042668463435894773,0.0005032478702539858,0.00017185406353988354,0.00014728527651235594,0.00014282885672438448,0.00013819296160247702,0.00014097322330671765,0.00022063423257084403,0.00041789684691048343,0.00046752181156867553,0.00015518693327557252,0.0001613254998657999
2020-06-08,-0.002989153445329485,0.00032246534509538757,0.011782807542174764,0.012608242321841422,0.00392427459558816,0.0077725879380264136,0.01509923556838977,-0.002237203724309875,0.0001423637866593826,0.0001062017006927391,0.0001648329416606306,0.00017287529107831983,0.00046910354652902203,0.00029899737722849124,0.0001600903377118579,0.00012119531039964514,0.0001372704855453565,0.00011156481323263982,0.00016600195533510517,0.00017161930128320707,0.0004920406917926795,0.00031057281388362776,0.00014858041846225678,0.00014034069855716716
2020-06-09,-0.015775588792420678,-0.005491428375675357,-0.0026272581201850567,0.0025844408308371217,-0.02875407595487175,-0.023997212390917236,0.0021886955737501347,-0.014513066619404786,0.00011951489226358525,0.00010238569510366762,0.0001479280283561687,0.00015974827513389709,0.000376442572000825,0.00029952189059954417,0.00012791910609822365,0.0001224699793030241,0.00011550940323769913,9.331308675889936e-05,0.0001542887588613179,0.00016509226579644918,0.00032574936000060096,0.00024848030022302123,0.0001286178754529807,0.00013644152910801752
2020-06-10,-0.00477061449281543,-0.003192904105365529,-0.0007771615448665262,0.0031662126974975877,-0.006548631616258191,-0.010352610338183252,0.008304136086832961,0.000743542751177673,0.0001820932656158315,0.00011705439277330541,0.00010244905037610496,0.0001951309893133289,0.00036798718160676924,0.00035924117623572973,0.00013755988279865917,0.00012457959603674493,0.00018008054737082856,0.00011566802605357593,0.00010256154732596811,0.00021840312791745721,0.0003221861034933467,0.00033955441853157127,0.000157848326568216,0.00013413660813301755
2020-06-11,0.005696706286239385,0.009142700394624437,0.00890993577049371,0.002415494699858244,0.00803722611978265,0.02404454685280266,-0.026892568533595184,-0.001145496308515187,0.0001526276947738957,0.00011573430287813185,0.000126682016702477,0.00017423566855038428,0.00034986957723709666,0.0003088067915460219,0.0001538157924731976,0.00011199085659046194,0.0001265509177944541,0.00010242022083985215,0.00013410659234339313,0.0001619268325400809,0.0003453648038973244,0.00030952634333184474,0.0001452646705919091,0.00011165373742447475
2020-06-12,0.009580451535635831,0.007802606669632493,0.010958718607425599,0.013237123011193463,0.014731201017485375,0.02586940094551075,0.0015144637206885574,0.005876420224458026,0.00013554194382741082,0.00012387392863938518,0.00011025042774570594,0.00015276987884581755,0.00032182089973308156,0.00032939443204737834,0.00020504860481047622,0.00013570049183408783,0.00014468461359736615,0.00012367219884937486,0.00010896436356585506,0.0001275461796692352,0.0002480683681698471,0.00032770579167568185,0.00021229636516921963,0.00012161970834290301
2020-06-15,0.0028704051353308758,0.009817781177204154,0.0003605052975727413,0.019272498589149166,0.0030495284905390115,0.0021186037145502082,-0.00857419971959949,1.5563503672392923e-05,0.00012598097147026234,0.00011469944436980554,0.00014822334528817642,0.00016418118900647243,0.0003275632193444484,0.00035090129592665805,0.00023094985928760956,0.00012467518818588637,0.0001238924299246693,0.0001225630328834972,0.0001567619749342106,0.00016664999019692608,0.0003248636111017766,0.0003349801300658038,0.00020450111780377983,0.00012805717513893756
2020-06-16,0.017524687925876165,0.012886875689021015,0.0057271981400516155,0.0019123072755342072,0.005195183344845929,-0.0036149174948589434,-0.0023291265227420735,-0.0005890028171514267,0.00014121799597755297,0.00011930600423610557,0.00012646472876391587,0.00018293324904284123,0.0003580888589092526,0.00042193649523615426,0.00023235418411617632,8.69067546460531e-05,0.0001263483524329858,0.000132180577395139,0.00010884221608177789,0.0001981548603762384,0.0003163745403381162,0.0005017509141815944,0.00020475035393386604,7.454987855170173e-05
2020-06-17,0.001471645570593377,0.005110116608506506,0.007384155516614797,0.018525313098385142,-0.014917704736933981,-0.018209572723448655,-0.0013465205154128026,-0.010070547552234308,0.00016062934394294338,0.00011797518618082664,0.00011434180621520588,0.0001596630408878457,0.0002633896701613259,0.0003987511994027592,0.00018036502383683798,0.00012648470704256694,0.00015678945324766122,0.00011359796326675921,9.154155348637889e-05,0.00013586619678486556,0.00028410702827462165,0.00032361788004698814,0.00017171047223970719,0.00012384848497276762
2020-06-18,-0.01933961402779713,-0.009122592747660174,-0.026120971637868324,-0.021240246242808996,-0.02351970885339324,-0.017534078786439585,-0.00906166878818939,-0.025303212760333076,0.0001162056695193265,0.00010976322506952252,0.00013652770700295992,0.0001364063306522694,0.0002790622341644442,0.0003713321020729711,0.00011623625936350054,0.00010574540832112753,0.00010204059979813678,0.00011546754021851643,0.00013571345202504183,0.00013456502273446756,0.00026372658273429375,0.0004136477211939498,9.568254024461198e-05,0.00011154697889829827
2020-06-19,0.012476928637427767,0.0037520651790875683,0.0069129746183089055,0.013532229716993032,0.01198810332351871,0.009895848690209793,0.009002051388546376,0.012185919125744894,0.0001877940197150107,0.00011141649579551526,0.0001743970342236268,0.00015546201340722516,0.0003283538040066866,0.0003155495610665292,0.00011391517798528985,0.00013077854790195426,0.00015543384512509926,0.00011342019152020095,0.0001657594738242061,0.00015095392544008524,0.00030441040593596244,0.0003049377046550996,0.00013261234480173574,0.00012086158530143282
2020-06-22,0.0135567962159435,0.006547370182161969,0.0026455839513660605,0.004287680984665812,0.03595621427043775,0.031368991000039675,0.020051688541123915,-0.0007106585163207111,0.0001648208874059839,0.00011639343518205373,0.0001822304399837583,0.00023466418153192173,0.00025391447563802164,0.00038360936552931724,0.00013276780407048402,0.0001127258021444313,0.00018515834974744364,0.00012469892517429903,0.00019652810380641194,0.0002043418127975337,0.0002605946395272725,0.00040369211544732757,0.00013995362911321398,0.00010242355889426837
2020-06-23,0.0028420667610918335,-0.0010269215473449904,0.009049306346768916,0.014551404882913356,-0.0020829620996023644,-0.0046758102367763605,0.0019517824232412897,0.0022377528904704205,0.00019355685311719267,0.00010225093637541215,0.00010942074812635518,0.00019966273364042502,0.0004347000536806259,0.0003901629995160796,0.00017014279626873633,0.00015292341565889325,0.00020191981078819806,9.175517785019662e-05,0.0001169656326486322,0.00020143434895197627,0.0003946673336103258,0.000388787575531314,0.00017983231276090915,0.0001400726170413945
2020-06-24,-0.0021414596470374254,-0.010040375861347045,0.0035159178211342096,0.0024439824257585993,0.006729510440765166,0.016656231547472634,0.0018117106792689363,-0.012027694941261918,0.00015250147587304394,0.00011002591365106868,0.000163923618589822,0.00019064662334450705,0.00031272046880323365,0.0004796494306553434,0.0001286617825700698,0.0001283376785216042,0.0001408562961135163,0.00011859689264955538,0.0001475313749560134,0.0001979309163361526,0.0003297290157360618,0.00045070673726762617,0.00013163462399362852,0.00012133394501643784
2020-06-25,-0.007042586448246534,0.0038472798406042393,0.0001445716338202659,-0.004888931724840773,-0.01472560311199699,0.011620582649106223,-0.023854868858933818,-0.0024136158740445846,0.00014100793640607737,0.00010477289553446542,0.00016111331982547714,0.00019214442366876603,0.00028475028883329177,0.0003419708980994792,0.0001357329771586604,0.00015598603013005057,0.00013494127036347138,9.511663512751228e-05,0.00014597939449066279,0.00019705425814385306,0.0003067551471969869,0.0003080141578863708,0.00010125082050536278,0.00014885899362167678
2020-06-26,-0.010933418624485325,-0.015085494971635097,0.012752480644648533,-0.0003446483297304321,-0.0049466917946298945,-0.02211038989592374,-0.022302474319241792,0.005779282484237437,9.617958200274262e-05,7.9061583017567e-05,0.00012878839480558898,0.00014561573542243547,0.0002654823737888812,0.0003263481070445974,0.00019348268313280055,0.00014039820923543268,8.444231751578516e-05,7.569447223972955e-05,0.00013546655312088231,0.0001513680405000936,0.0002361321783164409,0.0003305847338329282,0.00018674032054273837,0.0001402857429437963
2020-06-29,0.008321480063959769,-0.002152160076439968,-0.0014153820317954389,0.008183955779376867,0.005206869217821199,0.03225004598405387,-0.02320856851626148,-0.013290475978743313,0.00014078392778407424,8.419378081032697e-05,0.00013874528662472045,0.00019629236246331247,0.0002935952219290182,0.0004077063064145198,0.00017237793853676955,0.00013135486616547485,0.00016644887001106731,9.075211029579177e-05,0.0001563931384444026,0.00020182990899114982,0.0002783506220616656,0.00039072331113476963,0.0001668899429296185,0.0001163968039413745
2020-06-30,0.005485737361270226,0.01218281989406103,-0.0008045040761571439,0.003227721085616738,0.0262733943585648,0.03141838388485562,0.0014311903227443947,0.005754622263439468,0.00017851432279783466,8.769900344131195e-05,0.00011773313381024933,0.00013175037880359733,0.0002716419265240054,0.0004253959609418612,0.0002314929748543342,0.00014257779326675907,0.00020649884434970813,8.805208657211375e-05,0.00011085630771831563,0.00011267298619875036,0.0002936187717982545,0.0004527852173228727,0.00020851590201533695,0.00013510102174426442
2020-07-01,-0.019292806561120826,-0.016145111213364243,-0.003968053384965236,-0.0027658566734625944,-0.03266329576068132,-0.03103013078536277,-0.011276852014413146,-0.015378421923321405,0.00012782331201859114,8.068284618711506e-05,8.327709895907802e-05,0.00013375952058353093,0.00034182855561936114,0.00038891129443307696,0.00016771225528087918,0.00012500059671247346,0.00012934733767429126,8.146151053092306e-05,8.122918908870234e-05,0.00010907042023456569,0.0003474625793720281,0.0003835644714988567,0.000158388586369833,0.00011372029798046654
2020-07-02,0.002230557146173658,0.006039666372313541,-0.0014817853332425427,-0.0009288353666878339,0.00803159424597788,0.011196113882471617,0.007859831002567845,0.008714502550318312,0.00016567638196054226,0.00016479554553124802,0.00011244159951819407,0.0001557001106498964,0.00038797288771752703,0.0005764148509197654,0.00020946538428160641,0.00015543359065174666,0.00018730011974495904,0.00017660960746922167,0.00010951221291699543,0.00015785077846980063,0.0004170275471158024,0.0005647853007658921,0.00019406596487116898,0.00015248030091780096
2020-07-03,0.015323498937014252,0.010418642300632767,0.0009825508305601421,0.013319335973428863,0.010613235108297854,0.01633963984901484,0.01432485584666087,0.0020977372092840047,0.0001325445658797032,0.00011182990868634466,0.00011881132657489283,0.00011443267630640708,0.00034299066814904,0.0004539203700596263,0.00017418701987324123,0.00016205364686038655,0.0001107284330860596,0.00010131650027242531,0.00012520679655459642,0.00010607355541763598,0.0003508959983033164,0.0004611120225979373,0.00016507245540095837,0.00017384705011025381
2020-07-06,0.03417838431307499,0.02024582907230089,0.01516731497305287,0.03360369823812421,0.04187982040395208,0.058304648723733615,0.01068670463056629,0.028669218811890367,0.0001922921990891789,0.00012340433675754841,0.00010774515633353826,0.00014677890033017204,0.0003853740485568157,0.0005064123697692139,0.0002179090535877744,0.00012667325545338314,0.00019147237417392924,0.00013272761452799958,0.00010208433794357542,0.00011928967004551822,0.0003619509535675159,0.00042963906818803513,0.00024057077904161007,0.00012822737905519366
2020-07-07,0.0018909872316351401,-0.0037919076681615692,0.009313835254486477,0.013360726718109096,0.013230958943179992,0.013737994256456163,0.009926452213657271,0.019063653164992967,0.00028817842429877823,0.0001395196959989172,0.00010816737061517312,0.0001617347746965071,0.0003213258437408429,0.000586086577594373,0.0002154072365262136,0.00016733721910093524,0.0003178282604142277,0.00012115938779667487,0.00010873767347850515,0.00017211922072235073,0.00033711153976831464,0.0006473726721920967,0.0002193368752044122,0.00016762291674335238
2020-07-08,0.026718343552374,0.022027031725487197,0.005418505543421221,0.006527238270171036,0.025044140365544004,0.025809668646053434,0.01679893870709395,0.0200263849623726,0.0002409347148622125,0.00010508245968349868,0.00012161330184657062,0.000188410980544892,0.00035460325559082156,0.0006164801833897539,0.00018224175171427235,0.00015464760339685285,0.0002748259036829319,0.00010042320237419013,0.00011980816424579195,0.00018702055460792773,0.00036710073708616503,0.0005718800149405276,0.00017352236526340235,0.00015678108818223383
2020-07-09,0.02629295454267527,0.011857168006858385,0.01402041978634474,0.012511866300106743,0.020993731206940577,0.049360488983019715,0.01726212119914229,0.007310696689470467,0.0002672934162369725,0.00015246987230680315,0.00010767280365749889,0.00017765336071908744,0.00045607088990238696,0.0008531622099344359,0.00021707325323508863,0.0002043954375910875,0.00029633779509829046,0.00016587889869006478,9.778835653687388e-05,0.00016711843946722727,0.0005283555467145484,0.0008358456887281488,0.00023006148541566843,0.00020766014382276056
2020-07-10,0.017908453931944037,0.004186856025271369,0.0233933122154116,0.032186558992434944,0.019709650686398062,0.026353601469976933,0.005218522366800355,0.013659393265671588,0.0003412705285655698,0.00013325334797571482,0.00012255731657415475,0.000154905397532149,0.00037787187646882097,0.0009020582840764339,0.00022360829762651963,0.0002133611684268674,0.00023906806349845763,0.00013445061901192482,0.0001337437568144637,0.00017125416433090354,0.00034345048673259084,0.0008485871661515185,0.00022910656581153437,0.00022042874463250518
2020-07-13,-0.016897486315516807,-0.010775459526021852,0.003036241565760357,-0.004898144094965613,-0.03007352057908778,-0.06135724069165688,-0.011309147294832601,0.008447468053378959,0.0003873115491983936,0.00012635847524793172,0.00018704086205873174,0.0001838076828280648,0.0004213316434758458,0.0008353673121762291,0.00018286502739903686,0.0002082520666404608,0.00040127030808942367,0.00012423750279782282,0.00018127964277136677,0.00016372167411971377,0.0003365284679919228,0.0007598338071160203,0.00016275100070988318,0.00021242032155046518
2020-07-14,0.005748266652673866,0.005776881359105276,0.002282382326524003,0.006314304322434934,0.011509520948716235,0.0132973314320882,0.008206142801099336,0.007466949523308046,0.00024891970054914154,0.00014123689756402632,0.0001382010204537222,0.0002587892165205068,0.00036213776056370734,0.0008496132389777374,0.00016714388885149005,0.00020434678479609733,0.00020034761061987226,0.0001593763407023382,0.00014102621416640752,0.00023084765900830456,0.00041205988983578003,0.0007996882872820528,0.00014666331224583845,0.00022317745014894776
2020-07-15,-0.021165165428520972,-0.021141715846359502,0.00028326183566583355,-0.02019369253464167,-0.02359407794633306,-0.05664846961270555,-0.006046827150629616,-0.015588559120223965,0.0002566332865092466,0.00010239034822572686,0.0001241360513940055,0.0001627688876025964,0.00040033809396398625,0.0009482552822151698,0.0002049682973829428,0.00014909889822589895,0.00018592536372677684,9.678019285644844e-05,0.00012543111054414292,0.00017658880572524912,0.00035404372645939563,0.0008648189128600935,0.00019562510739252413,0.00013866035557519996
2020-07-16,0.047919641057217605,0.0406690257531453,-0.02013656818628717,-0.007653478161159365,0.0740362591018807,0.10229060108765212,0.047717725909760145,0.02155000498585437,0.0002966270341150588,0.00016544300652416595,0.00012476154510616274,0.0001620668230386602,0.0002903298270573053,0.0012992949703476847,0.00014669017222329042,0.0001522604541495405,0.000326343470705839,0.00015845733705994062,0.00013311849485733916,0.00015139463549158888,0.0002903322576760134,0.0013227207755645508,0.0001387730735794612,0.00015598739889419362
2020-07-17,0.02549003343862746,0.009418621377967057,0.019365804357186003,0.005022366589638896,0.014770152334948196,0.07058512701655098,0.007863858883917866,0.012381997474768244,0.00045110991843414844,0.0002680490631848569,0.0001243369117845191,0.0002479072380004858,0.0005087461912363724,0.0018664100910431732,0.0004088874901158477,0.0001670014236825161,0.0004789877278307711,0.00022452870467046251,0.0001276293117450666,0.0002271893480838971,0.0005293460654717637,0.001766542184724416,0.00037186807878376594,0.0001663805110143411
2020-07-20,-0.027929133452946918,-0.024171644925563136,-0.015438863472552475,-0.022388561531602853,-0.03215043217421824,-0.08032982549864882,-0.014691767260108955,-0.008536765544192373,0.0004257435238950768,0.0003259962325322629,0.00017470901514440496,0.00015307041830942377,0.0004932481275518131,0.0022421120120674726,0.00021930236842759613,0.00024318945904063996,0.00038789120924906866,0.00027093723766177417,0.000151257518354301,0.00013834868160998763,0.0005291072096675233,0.002153126162445193,0.0002445682748917049,0.00023552221237560007
2020-07-21,0.02232430104711288,0.02209749331314728,-0.0047693929443181635,0.008159497254572998,0.01962614389329269,0.03888569291488024,-0.007277924661181894,0.004532197899157472,0.0005153579828192416,0.0003069561454222771,0.00017650673252525597,0.0002878319164498395,0.0007391776593952498,0.0026200250311097712,0.0002743283389300447,0.00022527250136704263,0.0005416715821804732,0.0002966386303507905,0.00017563189721666168,0.0003245249964222924,0.0007439430972412641,0.0023608963804733077,0.000271327039559959,0.00022217907615279997
2020-07-22,0.012962504745432767,0.0032574913902584006,-0.00317986154936545,-0.01387417892546651,0.004110779310916074,0.012736389471886963,-0.008739851595843898,-0.007075522346014522,0.0005215080693894677,0.00028984964278208256,0.00023177903328954684,0.0002630636947307417,0.0006081746195806098,0.0021679852097757795,0.00027342013756371294,0.0001902658882077527,0.00056635879886493,0.00030850835116549505,0.0002591973216939675,0.00024226512429867197,0.0005400523542815091,0.0019088662295169846,0.00029612533978238935,0.0002118707256390418
2020-07-23,0.017679289691913708,0.010376406050611148,0.0061496455978118265,0.001677397214972383,0.03767274438109697,-0.026408485318296555,0.040843464266495134,0.01625167064495677,0.0004227107030817108,0.00020256135031536634,0.00015175160850947086,0.0002132069607122693,0.0005150695963358423,0.0019665638420205546,0.00022555243978369938,0.00019190388914067287,0.0004076146737256777,0.0001982797395990281,0.00016192408157458701,0.00022582652119938892,0.0004644604503675807,0.0019206441882838774,0.00021667022711948007,0.00020944641949250796
2020-07-24,-0.0027841891147306597,0.0069804152581115445,-0.0027900471962992966,0.009539087822557843,-0.03297435584550517,-0.026952399813745215,-0.024377789005323128,0.002601482543380981,0.00039257012379639226,0.0002728904691195355,0.0001887037905326568,0.0002179873734131833,0.0006153640569279315,0.0021512285475333544,0.00037734686688200057,0.00017847324708348465,0.00042288059123057366,0.0002682066244460058,0.0001698978585189593,0.00019033841222018894,0.000543505890995583,0.002243492093231334,0.00041571344630870875,0.00017038045460161574
2020-07-27,0.008046280866285024,0.01515700166902344,-0.016351402611398495,0.003648776431080914,0.0019733028886901836,0.011054027639129795,0.005607612670313238,0.0006178479825730688,0.000504790136677434,0.0002667307053909449,0.00014651368955164584,0.0002703681218993311,0.0007282056670437481,0.0017925446078596399,0.00032692849012821323,0.0001545669592390951,0.0005032608617969807,0.0002546412819729712,0.00012741219636171652,0.0002949404087497957,0.0008563113491294881,0.002068921468192609,0.00034957970403984127,0.0001551263784984197
2020-07-28,-0.0022375574254530207,-0.006147977596997065,0.010270831042102196,0.007480995284458498,-0.028537180624872024,-0.04032326076475499,-0.018196961472601296,-0.012926513183428738,0.000481550319003113,0.00024036397543602048,0.00016567945126101769,0.00015621606699053737,0.000537445371576362,0.00210413739214684,0.00031464885388432533,0.0001893050467269042,0.0004643219254246029,0.00022486099669639072,0.00018789296369552689,0.00014097609430856732,0.000532729865589639,0.0020227692924965263,0.0003289361155411296,0.0002020553713143919
2020-07-29,-0.003965700789533411,-0.003282290173383139,-0.0115383633490914,-0.0038730668994398938,0.004939794523240776,0.007493237025852721,0.015326117935337365,-0.010322037391705383,0.00039004065434577784,0.0002270676653977667,0.00015968081914510113,0.0001333411191972062,0.0007452473265248937,0.001409133325186874,0.0003337291293557664,0.0001535935533279674,0.0003154816077588769,0.00021042426952839105,0.00017008289011376696,0.00011861733043334034,0.0007818273466981841,0.0014935074615277277,0.00033617479318031923,0.0001639738356555581
2020-07-30,0.016073708920154035,0.011310218183615555,-0.0018770673082123515,0.011370470392269474,0.035870463187782094,0.04353660259162035,0.0056645171417270155,-0.002859313212432045,0.0003459673907400846,0.00021664099483626882,0.0001534919853434805,0.00015611363321250428,0.000596838532560372,0.00150730502827481,0.0002814635475186237,0.0001734597658394572,0.0003561155431826196,0.00020985364360376146,0.0001443790346766294,0.00016538930777485535,0.0005810448588657185,0.0014672046835384313,0.00030817818347701016,0.00018226032463833637
2020-07-31,0.016470111559260807,0.014526048852369425,0.013360922676464352,0.014798736064724798,-0.012593815666798291,-0.04690076504332124,-0.006473224592599117,0.002280977571954276,0.0004221097182555317,0.00028855437042511333,0.00017236379283415806,0.00014478110710626588,0.0005940972071642078,0.0015885930128718684,0.0003545894044616932,0.0001937617079636562,0.00042718750850143924,0.00028728474088472733,0.00018975289421560034,0.00015583665525710478,0.0006337282253342856,0.0014046008424840062,0.000326444393223568,0.00020602269424417928
2020-08-03,0.0019443579286228165,0.003399103878888303,0.001254312325738448,-0.0027169104167938814,-0.007918162654897967,-0.008402633140085675,-0.012926359348129067,-0.004475305038029261,0.00029386630949622617,0.00018212625080753832,0.00015633385106425242,0.00020338429447395317,0.00059172314653903,0.0015190422812328072,0.0003044014595121119,0.00014118590327685083,0.00029480969961527754,0.00018802196599396686,0.0001391780343279157,0.0001948764295026076,0.0005343504241171617,0.0016334130599496934,0.00026208804781846577,0.0001484708657559701
2020-08-04,-0.029653558732331192,-0.030875913458164598,-0.005290727379568825,-0.013726022924113401,-0.026198858433294545,0.012424505909621977,0.001739940411027529,-0.020646220345422503,0.00024497097382928133,0.00019132150315931515,0.00011570336733219159,0.00013651936215251375,0.0005617844995752158,0.0014202655303581803,0.00024852498826909207,0.00014634937388033798,0.0002393919917854625,0.0002000051350739441,0.00011792236456361801,0.00012662114473859052,0.0005766172810253407,0.001484613277141785,0.00022765472974996926,0.00014699672995107486
2020-08-05,0.015807096717854595,0.006588795451309353,-0.006005275555343364,0.012466188412083716,0.0349230397999467,0.05322674593528244,0.023467897201975455,0.009256552898013384,0.0003378969045642473,0.00022481966603010134,0.00012808384273702082,0.00012489899810351818,0.0004969521281859519,0.0014748360299442214,0.00021232627745544833,0.0001722929070196385,0.00028674476495453056,0.0002609224028393369,0.00010525540673960769,9.993997560807987e-05,0.0005292708181681509,0.0013254445871677708,0.0001980570672521658,0.00018698098061856592
2020-08-06,0.018792291897590106,0.022079431801850853,0.008285108165137898,0.010952001834393005,0.025014268874017274,0.01916758025162782,-0.010596337665925723,0.010083350712372987,0.0002972295731827472,0.00022375175695817806,0.00013404351950805187,0.0001454789845498516,0.0006811171265699954,0.0012050040816818936,0.00024785145250916837,0.00013105140145528173,0.00028935860316863855,0.00023680914853335723,0.00014878790291041768,0.00013165566121638522,0.0005702808918627542,0.0013212929417369813,0.00021288024833730413,0.0001225956401335345
2020-08-07,-0.005870342105561249,-0.013442465260450433,-0.013284428103407025,-0.022329519876444954,0.010193921494180457,0.0021005297518121714,-0.001989769767126902,-0.007029786286065196,0.0004168724280738987,0.0002289037608693877,0.00011577834555326646,0.00016768526588860355,0.0003887883460268955,0.0013292644539508467,0.00034916829957722426,0.00014287282801440598,0.00039721012359334937,0.00023592581278306972,0.00010840708954813257,0.0001548480500407606,0.0003108325572001192,0.0014517992669338048,0.0003853633559991053,0.00011901546435456123
2020-08-10,-0.0071440233048503535,-0.012068906834194829,0.01602063010194891,0.011039426728097896,-0.008506529135674474,-0.007259683639117026,-0.01387915698525804,-0.0038587552700043944,0.0003264932656968585,0.00025675821345343266,0.00011985536823331898,0.00015091159309836395,0.0005361934229484647,0.0011755902460929214,0.0002468864350140182,0.00012201959098710478,0.0003446176465255479,0.00024203748856328346,0.0001268882757168946,0.00014862549458157374,0.0004917767877413129,0.0010272703708154812,0.00023555943798989786,0.0001149328976811209
2020-08-11,-0.02170448622080299,-0.008004033610548305,-0.02484001882848584,-0.023122043908160257,-0.015725500576946647,-0.020778450271104455,-0.006851583753425583,-0.017992731172710583,0.00020242644196653676,0.00018648907455481634,0.00019089278271867922,0.00018792851480063153,0.0004717109543427084,0.0010447931416875085,0.0002358985781605819,0.00013179611829130386,0.00017119875658671844,0.00019596631865868223,0.0001851413748027184,0.00017421155566429102,0.00041379286334890784,0.0010919591698550163,0.00024718531773932316,0.00013943010355483358
2020-08-12,-0.022019655880244637,-0.01624863206811054,-0.010845922038704856,0.004315871603015081,-0.027829434386693625,-0.004166932624576287,0.015053840182348604,-0.006013148444482748,0.00024028169549467947,0.00021219865317502834,0.00021609873108196479,0.0001874888654301122,0.00046292489393744845,0.000961198881957283,0.00019369741765041975,0.00015774457334879455,0.00022891714120486706,0.0001990553195447368,0.00020177253187794118,0.0001769842623274041,0.0005406480025161801,0.0009313839455486794,0.0001989286546344422,0.00013948041167866348
2020-08-13,-0.005874049849405462,-0.0008043488712773366,-0.0017315690114760762,-0.012766120171774746,-0.015232090443272726,-0.012908031291137555,0.00020554227233337148,-0.0055268453355289135,0.00036350416958683303,0.0002410728285004658,0.00018314976547190525,0.00018939866036632056,0.0005749507034000583,0.0010529645191678313,0.00026563667358778644,0.00013054088285080652,0.00038641601542938086,0.00024149825221002105,0.00018521950658338616,0.0001551740250004923,0.0004556217600384454,0.0009622670718124012,0.00028641188528030645,0.00013823276730030556
2020-08-14,0.02260822521158329,0.013683301673319744,-0.003021407754886751,-0.012522220524892137,0.004318866100438055,0.01625204233049255,-0.003147535029635292,-0.0048945638404610066,0.0003205678670150032,0.00017889875518974847,0.00013743810441898163,0.0002448787315752252,0.0006227651194525294,0.0010069822467588154,0.00032022119310896646,0.0001169774442807208,0.0003103716398097982,0.00016921618090587484,0.00013895321708135534,0.0002615038793453031,0.0006271793376131345,0.0009862471011985998,0.00030932442334804795,0.0001240364753107075
2020-08-17,0.006762924267563279,-0.0006520717047808096,0.012758917278279679,0.010934805200998678,0.007948037513117573,0.013563752487088498,0.0013336941035160454,0.00564877802516251,0.000319329665458562,0.0001969557510779251,0.0001449769050427654,0.0001702422164357311,0.00041226813531982704,0.0008270570121318165,0.00021417128922773218,9.570779183267244e-05,0.0003539748082123696,0.00021208449959867764,0.00015637710461058189,0.00013702467193797227,0.0004971798934006415,0.0008531707830984623,0.000211804258373011,0.00010508011179912209
2020-08-18,-0.013849185083175819,-0.004591726725091525,-0.005482543881380071,-0.00749757492198745,-0.0038721331653655466,0.02048885524799152,0.0020065409198563888,-0.005535619402278942,0.0003125380265879472,0.00020345647040323614,0.0001433894360904017,0.00018356186848186997,0.0006799696875151251,0.0006487026647973215,0.00017396787189112762,0.00012408359930560198,0.00032547798097913626,0.000190745953468464,0.00012193924373791585,0.00021991729152435246,0.0006403960097302267,0.0006270779802502478,0.00016862054749850348,0.00012591962783984034
2020-08-19,-0.0010026995392894925,0.0010201561508508261,-0.014050304865775519,-0.011953582828318099,-0.0019812724374013765,-0.02209877069031135,0.0220040762100633,-0.005775658507554266,0.00025025155701993793,0.0001913611669835942,0.00019093846668288698,0.0001694425163370524,0.0004799321191245498,0.0006836711091664401,0.00021018112951253163,0.00011339676076483731,0.00023444522489939656,0.00018952204824947163,0.0002107081134357466,0.00016945702950604694,0.0005076058616037165,0.0006835437423646408,0.00021786359845860388,0.00011876071174234508
2020-08-20,0.03611197577479327,0.02383608594881137,0.009381811829902257,0.0028304735082601237,0.03390203603882181,0.05296173620275562,0.00867991820272952,0.013157709912175294,0.00027561301533749166,0.00018341296481415377,0.0001924009960959987,0.00018221213220509123,0.0005115801237184642,0.0007372902256565175,0.0001733480180214392,0.00015339047133399516,0.00029646780862874813,0.0001619765910105026,0.00018472333314060953,0.00018894483559672996,0.0005659026500643171,0.0007806949684097256,0.0001633248118622577,0.0001472479613557494
2020-08-21,0.051767398632984275,0.04617080406301206,-0.012392762121966624,-0.035589053728707125,0.07053315937790772,0.07124210707061855,0.04993875068293328,0.030775845099526484,0.0002919464997332616,0.00014758587800706955,0.00011381319100833468,0.00018760454012588693,0.00048194229567875645,0.0010529632549185607,0.00022684538147622446,0.00014056868742147983,0.00033149424654621427,0.00013020756261600993,0.00011411093750522146,0.00019446294280103468,0.000509899756604635,0.0008568015408513639,0.00020079604091030267,0.0001361450678802259
2020-08-24,-0.008554940371376439,-0.0030928845519763246,0.002128686743351658,-0.002826848874288117,-0.01343424802671945,-0.006082448534129144,-0.005891498344667024,0.0005336237802485652,0.0005633434276737635,0.0003283295169964306,0.00010990140048482978,0.00020171529138178468,0.0008059789660165987,0.0009889562401774726,0.0004156073418319232,0.00018882013048964342,0.00048206114998334334,0.00034675939307588795,0.00011967861994664343,0.00021552837553066325,0.000712898420280196,0.0010484596991195087,0.000451284117092792,0.0001947392377214851
2020-08-25,-0.008212686126238272,-0.0024609141036220084,-0.007045281521219689,1.0182562544490772e-05,-0.005158613164108752,0.0019950949602164244,-0.00466025971730099,0.002007487375033954,0.000446879932180151,0.0003202774868488502,0.00013124197828400262,0.00019437116122243944,0.0007959896641787452,0.0012035887904047011,0.0003035668297391226,0.00014273461267937378,0.000455401493705711,0.0003064502839832065,0.00012048296802288912,0.00019384496887829618,0.0007851712062435013,0.0010647488542615895,0.00032327614568553547,0.000125296697981761
2020-08-26,-0.0016267188728271774,-0.006944321906877796,-0.0027904328681607146,0.011960624165240664,-0.019728874785103344,-0.052817817180433775,-0.04654411339602955,-0.024420471280786296,0.00033822431924254275,0.00030877805642210977,0.00012219181366165691,0.00022047980496964396,0.0004995269549283244,0.0009226708885474649,0.0003419410090302356,0.00016374246312042,0.00033531480521278487,0.00029973522161360006,0.00013681790237002927,0.00024148070047965881,0.0004942082872923724,0.0009195482993805986,0.00037379503282153857,0.0001806093980032322
2020-08-27,-0.0300369572739281,-0.025346205185264446,0.005733067223699713,0.006471976574596178,-0.017068451770803683,-0.01688012104031408,-0.023134286393405225,-0.014783121595442962,0.0004996149881111978,0.00026641500833681343,0.0001533904927289551,0.00017678414650496387,0.0008394720477533586,0.000980720079284315,0.00034211207207295063,0.00021861256177211862,0.0004891387359163744,0.0002402381872800225,0.0001408742424105697,0.0001676938365220617,0.0008772208743025334,0.0008733135344864662,0.00041086156895300347,0.00022682357551881893
2020-08-28,0.010931728713631399,0.01190357630991135,0.0014009413591671376,-0.004339382435752103,0.0058294504266182875,-0.007711667192176184,0.0012468370643318569,0.008851782344442817,0.0004702389013280354,0.00023943150353893976,0.00016526274069137152,0.00016924642524489823,0.000519077572791125,0.0009679097491505689,0.00047550926328755776,0.0001821857058259674,0.0004889461228814502,0.00022297090202324217,0.00016615051075511962,0.0001587841788086204,0.00047629566075688357,0.0009601710408488344,0.0004294662418551522,0.0001849690564536401
2020-08-31,-0.00237462363961584,0.00609229143140476,-0.01430401531979895,-0.008998158725565742,0.009080189097428238,-0.017189296666492694,-0.006811075105601472,-0.010947642866544057,0.000501581387100265,0.00021723210419697834,0.00019170824632350132,0.0001926223536743254,0.0005520599884203619,0.0009553332538880332,0.0002936845782741686,0.00022226999729719067,0.0005189277962994685,0.0002240915336454245,0.0002048846770067,0.00020974198225327372,0.0004651260460185151,0.001045642375983848,0.0003161790033267957,0.00022560431364580878
2020-09-01,0.011831479899730034,0.007183836056532112,0.008170246852452625,0.0035976720625644784,-0.009393531515446668,0.011580291405117231,-0.01247138008648794,0.0007340103580401096,0.0004165077287583597,0.00029064828155514434,9.338189806657657e-05,0.00017274399430982008,0.0005331011961906771,0.0011597661695028265,0.0005226296483560049,0.0001742769484638252,0.0004192389715405101,0.0003060651997421938,8.481253045593082e-05,0.00017983133046913934,0.000564249608460678,0.001101824948064508,0.00046507059250901753,0.00016893348193709328
2020-09-02,0.032278592361905466,0.03395776931471526,-0.0011721299042390487,-0.010727732688539332,0.02679261511008001,0.012720852335724002,0.02575386657860704,0.014011112385882174,0.0002914310848559888,0.000287164216773063,0.00013823732846108538,0.00017476657842981688,0.0004781445733048916,0.0010216051031872275,0.0004924870351377384,0.00015602497637773647,0.0002970450852258723,0.00035148690276609075,0.000133520950418662,0.00019242953980127248,0.0004717771414119083,0.000839871104702705,0.0005217582622762597,0.00014441622328850254
2020-09-03,0.04577375323029947,0.03160342940633867,0.00020046371393495194,-0.018374664140495184,0.06875015501638972,0.07575876552230644,0.05358076186653445,0.013997954629735236,0.0006379291294476969,0.00027456631349650514,0.00010698115456536895,0.00015801115006619892,0.000535468379300485,0.0008936876585543644,0.0004364640191958405,0.00015321143389737421,0.000579139007100367,0.00025259584145647957,0.00010428770128894598,0.0001759739429089711,0.0005437513443823449,0.000934719227987132,0.0004050054627852955,0.0001400472940594536
2020-09-04,-0.004311065980996174,0.001595584252834752,-0.00683689958905296,0.0006127154524805838,0.01792347949745828,0.002181570681455688,0.01495109555032767,0.003991461009952852,0.0005598300711593885,0.00037423329606785726,9.826917007794075e-05,0.00018774189329047718,0.0009628081107339745,0.0013237439765954066,0.0005632369391604568,0.00014303156836720894,0.0005072943171695469,0.00042906107393570945,9.398402627128274e-05,0.00018868191843205074,0.0009331002089356652,0.0012261504807512928,0.000649704993572953,0.00012588289573240655
2020-09-07,0.0036583776777559746,0.014489995621802459,0.00482499226180904,0.011631678304170142,0.026592911242004684,-0.0035982573252922928,0.00729842664065786,0.014062911673080797,0.0005104570097349811,0.00038405313123785433,0.00013159422736882162,0.0001486871567544929,0.0007045583395626278,0.0011059779945134832,0.0005099240318883064,0.00018340323764499099,0.0005278700869414928,0.0002757372592806463,0.00011879104881077607,0.0001459305676641239,0.0008008614821784148,0.0009809471177219344,0.0005100450020156809,0.00016740665950129523
2020-09-08,-0.014167148696731304,-0.0107913238874113,-0.004277971461240067,-0.0019210146562191415,-0.010960420071597478,-0.018590733413096625,-0.025646278118523387,-0.013482899537558862,0.0003852118505588952,0.0003511492907548378,0.0001136509063689618,0.0001343215725602356,0.0006183322885370226,0.0011852979933158778,0.00035757660626619205,0.00020030549432235374,0.00041526351129486796,0.00038164668813584125,0.00011019885065841756,0.00012057152420688505,0.0006558687443922997,0.0012248163275150822,0.0003367023773143452,0.00020357279191779312
2020-09-09,-0.006174236151012844,-0.0045115269541974885,-0.0005512648599420372,-0.0033166266000071,-0.0021934444391862647,-0.02232894085849431,-0.009894211696480831,-0.008606209003287327,0.0005160359428339704,0.0002418628661744762,0.00011474190480657472,0.000188489588488328,0.0006306845493283344,0.0007835527868074689,0.000559648063586724,0.00017932320008228327,0.0005074609090511096,0.0002736331965599307,0.00011724328404439022,0.00015875240665731266,0.0006336323751166124,0.0008688870765976566,0.0005361223461086734,0.00017067295098292053
2020-09-10,-0.007095763767481191,-0.0014586036639729768,-0.01122361811489416,-0.026811721602635605,0.0001876177389497086,-0.017937529373076848,0.029704729763683792,-0.00011262639742206813,0.0004437931379374183,0.0003683435219054621,0.00011049920578824833,0.00015981622666348625,0.000741021455404211,0.0013376107569246086,0.0003090803634747505,0.00019455384109691912,0.000397025750105021,0.00041651203552119114,0.00010671947293040474,0.0001634481230705056,0.0008261346817865715,0.0014718074730585844,0.00033146167912979457,0.0001917263523149466
2020-09-11,0.01538476947239433,0.027061315568496946,-0.0063071720340330895,-0.00023032196776991208,0.034974577575510805,0.019548190921779767,-0.0026914445152906993,0.013831554576050493,0.0003658292936667748,0.0003461003476608168,0.00012918908329880442,0.00022265586518009726,0.0007136010931234467,0.000901814590539879,0.00046212045500614035,0.000124937030628139,0.00043524035135438996,0.00035262386619868644,0.00012423855915327887,0.0002002414652628738,0.0007079028180915419,0.0008682916016246374,0.0004849421362570453,0.0001292908827642383
2020-09-14,0.021750562935049136,0.021247587887428858,0.0032447239170359733,0.017885272041298486,0.02099994273522546,-0.0012443189707630254,-0.024969664554741266,-0.011017406148228102,0.000461673716130484,0.00030806538453857546,8.052788431072841e-05,0.0001756776544432586,0.0008400265455388474,0.00078953699981046,0.0005245313800738907,0.00015708930068772774,0.000435457159091261,0.00032195136609163586,8.141830362168316e-05,0.00018535894331217102,0.0006990403747907637,0.0007399346754985925,0.0005365550943171896,0.0001557413101298592
2020-09-15,-0.01341574855554106,-0.011245843673760872,-0.0447924929716508,-0.05923780638877795,0.02958694514830816,-0.03130944901712131,0.04763450917936293,-0.0017388483781009237,0.0004524306423548101,0.00030395489316257135,0.00010138069871685325,0.00018517157862930016,0.00047316725476302044,0.0007872520167753619,0.00040679651895795816,0.00019366510358197726,0.00037599218013129385,0.0002954082250035378,9.544324076631109e-05,0.000171173541777955,0.0005018796490620632,0.000760425786484749,0.00041991667231188183,0.00016886017277395005
2020-09-16,-0.019067965220016116,-0.018866140752218943,-0.0077671980678853236,0.003061897486150296,-0.0169395340836805,-0.0016736290257953752,-0.029605310458570507,-0.012541855737875864,0.00035552398068676476,0.0002907735420967845,0.0002570996821387387,0.0004441516068269384,0.0007611620326811667,0.0007205283276661179,0.0005737051527892466,0.00016191276652942276,0.0003658089037632348,0.00026205284184805706,0.00023850291171004822,0.0003993763520232823,0.0007379218489914351,0.0007523248082456642,0.000604571293558761,0.00016328436995527277
2020-09-17,-0.018060648691570917,-0.013416636863877708,-0.019930672977786387,-0.02802461867356027,-0.002255573502829093,-0.019445543466027414,-0.001574066139374879,-0.01083480590926581,0.00036153797063761417,0.0002978902662688189,0.00024541908100081324,0.00032566390036925833,0.0004970746707294508,0.0007109717608697162,0.0005639967872461069,0.00018776239278886034,0.00038967358690816643,0.0002811145678762122,0.00021806417754215875,0.00037029965203802897,0.0004774290474788007,0.0007478739394779334,0.0005562486989986575,0.00021054939802601458
2020-09-18,-0.00949947996321382,-0.012606714037223353,-0.008326259430325639,-0.004526756235136462,-0.005456218908018389,-0.0001727919132740364,-0.01511367831643987,-0.01481332629700946,0.0002825409207498199,0.0003024896773288142,0.00020454872170513734,0.0004120416894634869,0.0006977729710232577,0.0006322919578636148,0.0005393086278197588,0.0001527896211541689,0.0002661274922169218,0.00027690927228661533,0.000223905329525717,0.000445878097077787,0.0006307266494279258,0.00048287282346692043,0.0004829069126331704,0.00015564150674259833
2020-09-21,0.0008013092949379877,-0.007953933658594684,0.00985146196807602,0.009083429812421207,0.0013428297660757478,0.008120344943715127,0.0008454810768546085,0.002268520654401411,0.00037141083718219566,0.00028252057033766964,0.0002560014063733555,0.0003518705214776656,0.0005824120739120753,0.0005317383683957223,0.0005432019731735776,0.00016208831033117396,0.00033664067114795153,0.0003130351434081073,0.0002861409494004,0.00033326974102356626,0.0006312547445323967,0.0005049035671092515,0.0005879973462513777,0.0001798798839353696
2020-09-22,0.006726317449212614,0.0024279471846917256,-0.04588054887408639,-0.06556409827702506,0.04813023165031462,-0.026698791590813255,0.03214391730538837,-0.008392911374856975,0.0002719795152971773,0.00024159740867076907,0.00024934254050228784,0.00030510856004861253,0.0005500398978585463,0.0005396849734727498,0.000530729542194302,0.00018338431225212287,0.0002472608406074853,0.00022042640074739227,0.0002698830325200063,0.00026629199802384715,0.0005979233193826499,0.0005099057689967921,0.000502930692205654,0.00018841014108483112
2020-09-23,-0.017604911214993343,-0.008572094404493007,-0.005091940166836389,0.00010431767087627216,0.0012821611203603684,-0.007383163505840298,-0.017332284051556356,-0.00353523592092163,0.00031141691137123186,0.0002447177364297202,0.00025299750362636975,0.0004289858702518641,0.000820061024308966,0.0005230084744023819,0.0006330454111017415,0.00014751001850764225,0.000302093918639528,0.00026429832307120406,0.00025724826527433116,0.0004980080743682765,0.000923606454843354,0.00047394622096052146,0.0006293561320767485,0.00015763674557492703
2020-09-24,0.010186580739816785,0.005123094759997674,-0.03227843357263048,-0.04387413938318793,0.01482926010918807,-0.024597868294821246,0.012897096380307803,0.0025916872515301496,0.00024373754790591655,0.00017830665353841545,0.00037229655054437814,0.0006109539813975163,0.000564044359576671,0.0005218517695527386,0.0004550144247107147,0.00014561706077579738,0.00024764949547223747,0.0001674807167608843,0.000407909014263616,0.0005915228292679043,0.0005753129864340192,0.0005728342462919539,0.0005565979212530077,0.00015057800947581622
2020-09-25,-0.04232583430394745,-0.038334145159402824,-0.025309625334848856,-0.015421158341428095,-0.044569861725613474,-0.04419556968219976,-0.07477643761409,-0.030570877139141587,0.0002406833615064397,0.00017830214748577186,0.0004200233337754476,0.0005651979861421609,0.000632470091355838,0.0005482110615735446,0.0005417492652652468,0.00015044495053811945,0.00023789554509618378,0.00019866556640350813,0.00043683692848684304,0.0005821647453591948,0.0006160354715521114,0.0006197649292614509,0.0004962243648433109,0.00016115602199757832
2020-09-28,0.014244850671107952,0.015070694565940916,0.003524102565517609,-0.006730383275636874,0.01735523692090303,0.015319782626439097,0.021665039813180676,0.01234783197286139,0.0003761273885781715,0.00028061666088993113,0.0006801752679509734,0.0005908854713845838,0.0005918962066819891,0.0006074163679824668,0.000869674741507099,0.000201036457030904,0.00040805445359959195,0.0002557607909718439,0.0007446844793242146,0.0005086470819659488,0.0006549948630064023,0.0005633159392259927,0.0007492118609578801,0.00020487197081076302
2020-09-29,0.028330077985596277,0.02344490044115207,-0.01208178212555187,-0.022767235996395838,0.008691894668512229,-0.021262894973730524,-0.02204724999209906,-0.012227741890211112,0.0003845915658230282,0.0003165888881366398,0.00038691164739595004,0.0004905214962546131,0.0006051864844324631,0.0006037951266700992,0.0007943475004178703,0.00022787807773848713,0.00043213435527336024,0.00032583927800646883,0.00041323896016225576,0.00045603255529149864,0.0006333592255887747,0.0005913523226571125,0.000826524837346814,0.000248984969954582
2020-09-30,-0.003125545230322827,-0.007005802655426366,-0.008632842401557334,-0.01204124889501875,0.006994757984556854,0.006824942223394086,0.03281168244320485,-0.005340090945631582,0.0004570042278429787,0.00028470491079680613,0.0003369248198899251,0.0004867061649557213,0.0007032794051511763,0.0006521766137081818,0.0009098757477196031,0.00019944640679748788,0.00048745310580102484,0.00026337225467920996,0.0002985281196949955,0.0004901378885990454,0.0007019714166482782,0.0007619278932710043,0.000830941000539849,0.00016218950430120317
2020-10-01,-0.025808199504451786,-0.01880502402473804,0.008650513477787267,0.017626218267209216,-0.014477555783384324,-0.015953164908807348,-0.005153752452499774,-0.001621722481198312,0.0004672082347988874,0.0003837229909591312,0.0003724699503366856,0.0007121585973491951,0.00044854357098618735,0.0005575790270559315,0.0008322350716194118,0.0001784741842309671,0.00047880083856048644,0.00040220303103403375,0.0003622576113692239,0.0007706475480739476,0.00041589601789753655,0.0005457515086775566,0.0007419738775846517,0.00018331810191095778
2020-10-02,-0.0020759880563430678,0.0030452548223935307,-0.0166241255124573,-0.0283608514973957,0.014731323920407047,0.011802639017367528,0.008878077035427078,0.0018244787826795505,0.00038814346689263905,0.00031441647619659684,0.00024942135664346866,0.0004411930619827223,0.0005854307280859441,0.0005990867884630548,0.0009521107587193763,0.00018041115472658788,0.00037601493933447103,0.0003072421972928497,0.00022416663677604247,0.00045732482259065006,0.000612706817517819,0.0006229614561840193,0.0009437225536897745,0.0001647182634747055
2020-10-05,-0.010375192018862802,-0.018442539907053933,-0.0007323826604526623,-0.012849295021248033,-0.01559670580755296,-0.016236908051992474,-0.02886947609682704,-0.0086263044835742,0.0003620562435032916,0.00022211109548431004,0.0002830204562437267,0.0006494482920703116,0.00044391882685554894,0.0004903739551331476,0.0005150997463818895,0.00014048315106969517,0.000437499041466921,0.00024841573959604173,0.00026182699575361384,0.0006846653303260848,0.000432222446404124,0.0004620547689599439,0.0005032155631248867,0.00013344461133662892
2020-10-06,-0.006132114945230348,-0.005525701821673476,-0.01239985935261279,-0.005647289289316692,-0.003662197926954311,-0.006796510411961972,0.0010849567158138544,-0.0022435283041635414,0.00032305602532700536,0.00037432855281402676,0.00025938975358485983,0.0005094882752283144,0.0005367822295029178,0.0005030845589614751,0.0008093649089075889,0.00017737155670600525,0.00034306477228994035,0.0003838829601763802,0.0003127142849267305,0.00047110925623803756,0.0005844190621442366,0.0004987180754328104,0.0008316833431170448,0.0001679623626920002
2020-10-07,0.018491492346599567,0.012984001265197815,0.035262361317518,0.04407456983942137,0.010167539590272421,0.019032918544146293,-0.00023917857299367973,0.014513371894338484,0.0003584289464928291,0.00022670391368852344,0.0002826150067476204,0.0003644338477787856,0.0003946964919937787,0.0004577495734796876,0.000579903133212747,0.0001602341388539004,0.0003541336343480402,0.00020062180859591782,0.0002714229200863167,0.0004257260617759865,0.0003592971276051827,0.0004407783644154509,0.0005524357225280859,0.00015080148323449327
2020-10-08,0.00953045099937205,0.0012491310552347461,0.025020854073352528,0.029133032272527375,0.0006570425371399036,-0.004796294564808105,-0.005778332768529124,0.0015936761064254928,0.0003023613173318633,0.00025887068482761353,0.00039900259804397965,0.0004752863592390147,0.0006558397912053872,0.00030153869331668066,0.0005591820661990373,0.0001380854918250851,0.0003086129467189128,0.00025242926145054045,0.0003925594517834587,0.000463255170501909,0.0006546594585975154,0.00032560980514839607,0.0006212392819999684,0.0001375133303994951
2020-10-09,0.026868330486426874,0.015966022859358834,-0.02196582489226104,-0.04384713033374283,0.05405010847797023,0.022141811559417253,0.06250113734335459,0.01933195352457472,0.0002619818118638056,0.0001837485734817315,0.00034303191458770715,0.0005590347579996025,0.0004508317628289387,0.00044441051607501693,0.00047552320712604027,0.000158146531649331,0.0002734434605208032,0.00019840375796620276,0.00034214793965392683,0.0005939918938137165,0.0004099738137448112,0.0004738726122253621,0.0004618187727955837,0.0001670547713363548
2020-10-12,0.02668780113868294,0.01900148068808535,-0.0003259619533040934,-0.02677769440728174,0.02714788420454097,-0.009837672258900068,0.0400851161038508,0.02280749210237988,0.0003926248234561419,0.0003207816743729175,0.00045994725020849666,0.0004216450333864472,0.0004758680145150692,0.0005120034637109295,0.0008672284582598909,0.0001441871800494969,0.0004277658936335968,0.00033853468373063383,0.000472642606409183,0.00035909136959267924,0.0004883581897047567,0.0005611846083320332,0.0007852136939586806,0.0001464074934624193
2020-10-13,0.02298054541319115,0.019059723531732495,-0.0020363567971602107,0.008219166892987573,0.000487201320421846,-0.014812155614629091,0.008608024339058424,0.006483577477618637,0.0003992067994431474,0.00028654288814660274,0.0003497389260997648,0.000556623231517474,0.0007292020543888817,0.00032166079786133454,0.0006610878690414397,0.0002451630189321633,0.0004413969500919746,0.00030245792252337617,0.0003296077379245138,0.0005357606267492108,0.0007233411996992707,0.00030486856167396875,0.0007348609661111426,0.00020978150850762316
2020-10-14,0.018233855993946613,0.028587483501264586,0.007454375818049613,0.0031567611656913575,0.03364780448884761,-0.004462991886078855,0.0010061493925795147,0.012306228571539145,0.0003499562627645305,0.00024633696517706674,0.0003061130960753231,0.0005998164962549609,0.0005483149019716755,0.00040295512499344705,0.0010175335068773079,0.0001045269601536648,0.00032974134071553054,0.0002466291535640268,0.0002749508397912039,0.0005961563544624253,0.0004894023985004516,0.0003533520136458153,0.0009393194090774313,8.963919325381891e-05
2020-10-15,-0.006689525667478502,-0.004538759225052869,0.011724391800778687,0.022514000722378812,-0.008896652797085838,0.0008540859865314519,-0.016843220124327905,-0.0045899636720029965,0.0003652250800707078,0.00032282258505867274,0.00033109459471819254,0.0007377386763721327,0.0005695284494037963,0.0003773797762922806,0.0005215406644340396,0.0001619222867269124,0.00039372525401363824,0.00025038769291763535,0.00032741592767813386,0.0006421500306231593,0.0006042217893688067,0.00033631527321069865,0.00043923776090804326,0.00016330851871675884
2020-10-16,0.0023262383562630334,0.002685233252113508,-0.004997336779521243,-0.005483628252100309,-0.009689644430522086,0.009418920861113402,0.0002559407932216812,0.0023083900163492687,0.00039246152009665155,0.00030794485379413385,0.0002595210876441683,0.0007029856489998521,0.0005332424457260194,0.00032083720522225686,0.0005531064858188825,0.00015549858921196175,0.00044889788964064075,0.000321706910328571,0.0002587248030433792,0.0006740630091633591,0.0005756759781662301,0.00032624231075517346,0.0004914985170265961,0.00016745152100738027
2020-10-19,-0.0016135483425945697,0.005422897665258294,-0.020415280936300212,-0.03917119776749314,0.0013587176306759522,0.0006509782944949646,0.00455611805524256,-0.00032532576139580866,0.0002523648656487162,0.0003031366923963194,0.00030816181843489233,0.0005480039083585906,0.00044463514689162823,0.0003048235264703582,0.0006443117734582899,0.00013958430643960345,0.0002499113296435122,0.00031742271068994183,0.00032239780327532905,0.000501926655238867,0.00040603395888363973,0.0003165168886534588,0.000573065373775659,0.00013017847730072152
2020-10-20,0.01450676427730816,0.014452768313884893,0.0008255058268333377,-0.002987894991560419,0.0318903662199102,0.014491063864063954,0.022599209086417545,0.01049830482246357,0.000265243061312599,0.0002824788820421433,0.00030941417986220845,0.000748139146480788,0.00046809807164546605,0.0002789479138169059,0.0004748409513944823,0.00012859656452026053,0.00026255255533605653,0.000304822728059151,0.00030074703621035196,0.0008095882205365385,0.0004948900048627016,0.00025712373009566887,0.0004785684860502106,0.00013352598270486223
2020-10-21,-0.006108432612399133,-0.010744912085030972,0.004959232566325102,0.010338155410643516,0.001013234474791617,0.002116682743770647,0.010982713880957931,0.001549264645721438,0.0002852326409098334,0.0002280497594585258,0.00026489817840413837,0.0004968239807244599,0.0005113771072450955,0.0003151790186927316,0.0006761809384875716,0.00014916449039638458,0.00030966404131238165,0.00020905650802920846,0.0002966452003914008,0.0004190931716919271,0.0004500970079084334,0.0003293154256587289,0.0006297353077376366,0.00015056281935619381
2020-10-22,-0.004937348600005453,0.00850905407857969,0.026736202957170253,0.04324118963613995,0.025127254334333115,0.01855778517824239,0.0025736648324545526,0.02374036747233975,0.0003251926472159357,0.00015340761236278243,0.00022983674766156203,0.0004764904386608566,0.0003670249227373284,0.00020455405324167316,0.0005792162560127279,0.000130108520823005,0.0003738553354301944,0.00015630701788536862,0.00020935853533533285,0.00046509816380557804,0.0003819269227172477,0.00021280874051539514,0.0005807598439033355,0.00014083606179849477
2020-10-23,-0.035153064094422516,-0.02670292701642469,0.0025707301128812,0.009287802160924521,-0.049913067730795034,-0.032572161013927195,-0.08423539794305233,-0.022651948906857202,0.0002802379656685326,0.00024996392398823555,0.0003740869987587056,0.0006218988784874271,0.0005348811828739654,0.0002120931309488653,0.0003606684945869298,0.0001436674023852641,0.0002961717912424629,0.00024808391401898015,0.00040830776737014806,0.0006034781360385673,0.0004111929199890543,0.00021781243410657033,0.000307890272704149,0.00013474462419179502
2020-10-26,0.023967806866988108,0.02018163805784461,0.010532431597656542,0.0136156676522514,0.032067209980801044,0.03359960706726007,0.07693983681704067,0.025136045504897456,0.0002980550190553366,0.0002511256647241073,0.0002575761983251163,0.0004876540692767858,0.000547230166281016,0.000303983930631714,0.0009148303519912296,0.00013715915627511937,0.00031525607167727466,0.0002610377118162141,0.00021247886235540905,0.0005057619379872557,0.0005237693258168545,0.00033232255695810157,0.0009597617936558576,0.00014963090959484429
2020-10-27,-0.0048214555168953335,0.009980861197387867,0.01062113706185165,0.03586559363256389,0.02262489476388155,0.013566218853898098,0.004767880795208791,0.015713591615405236,0.0004232304187945624,0.00019973436931354768,0.0002198666139452113,0.0006312957256959063,0.0005582672397326836,0.0003492951509134106,0.0012836657102607534,0.00015216796876926707,0.0004021977452715148,0.00019937815964394027,0.00022196119041353171,0.000614941417902933,0.0005696215092249788,0.00031522232099558063,0.001390486698767685,0.0001624718916522141
2020-10-28,0.003085180818342695,0.01031733226674431,0.03279278890180054,0.047245827279937,0.0012367672304783952,0.02391446361301982,0.055914117852672814,0.03482132266148214,0.0004086127509441384,0.00021135218557997128,0.0003424888521173106,0.0006287156954569084,0.0004960757073931131,0.00036593809754375514,0.0011565095427959005,0.00020074987421231017,0.0003263586412766447,0.00019776761139197606,0.00035075079827121913,0.0005751014905905098,0.00044857335149355704,0.00030806058540251176,0.000988999149216953,0.0002043213559786257
2020-10-29,0.015162065297729198,0.015228158841158291,0.02960734170719945,0.035936922097159006,0.0038586365165983088,0.0003250365274477651,-0.005221185471035016,0.015163688951617273,0.00031352982366809315,0.0002375626173231884,0.00018568972123607667,0.0005837420110824299,0.0005662844904262585,0.00046956420527321266,0.001400476880842363,0.0002682651669457543,0.00025182556502828144,0.0002516955499841228,0.00016812134810390388,0.0005515959240813355,0.0005003905829543611,0.0004696364051730625,0.0014083208998747591,0.00023505435518946977
2020-10-30,0.021033625005960833,0.02446286603836214,0.007061054201866767,0.007934428708606747,0.03160990968844051,0.02827274307944976,0.04634597889268812,0.020068241923764447,0.0004025810826745223,0.000266763213740225,0.00036167331634256447,0.0006893988218613637,0.0006591604703784811,0.00044618575421179283,0.0011663224691264254,0.00033476505794694813,0.0003843969561379527,0.0002694619627307208,0.00031870216041100986,0.0008042153371141564,0.0007961251798153861,0.0004658976899499988,0.0012922277231858716,0.0003048518481838419
2020-11-02,0.0034779195585062537,0.004114074120868159,0.018734216712375962,0.049603169563023235,0.01187181711647385,0.023996791890010992,0.04822270011793946,0.009216124931314226,0.00033123347733940846,0.0002349733145172296,0.0003874142714365105,0.0006534315736701166,0.0005728378712800733,0.0003784204906716778,0.0015203780052820874,0.00024510323273032247,0.00036100811466396334,0.0002596118666184016,0.00034804558269420214,0.0006029002803802938,0.0005581790605481689,0.0004080265897866377,0.0014017311726331342,0.00024310336117954972
2020-11-03,0.0052411023701714994,0.002947386156059763,0.004663694647285275,0.01969461735047247,0.009488118668340087,0.017394594914114034,0.01639300212143298,0.00534787024402704,0.00026904246958926156,0.0002866095182756475,0.0003224210323868118,0.0005660878272756717,0.0006207407366153998,0.00042808450661312663,0.0010024054691889798,0.00017321038775541266,0.00025101875108860254,0.00022077985355140408,0.00035372021910101464,0.0006423057287620068,0.0005953991300161204,0.0004657588181840084,0.0008856504773136239,0.00017404676510137708
2020-11-04,0.015150376330468687,0.001175712460867102,0.04004138193327489,0.04922898505683265,-0.0200447354978845,0.0026585858910840475,0.02535942733180604,0.0093047229645457,0.00030174872817270433,0.00021028983342491242,0.00035575896257157493,0.0007691792728353508,0.00039194046124302193,0.0004224723083696049,0.0011389490046475569,0.0002112356630334388,0.0003196878308909273,0.00020715351608246557,0.0002830925757277758,0.0007733927364909465,0.00032737350698082565,0.00035915628288121684,0.0011973601106642308,0.0001970567322078671
2020-11-05,0.02576705590425118,0.011497355597637753,0.029132988937597602,0.017478254189400792,-0.006225638131291408,0.015714980069122673,-0.019286471734241056,-0.011128909967363402,0.0002154098623311987,0.00023306588909161277,0.0004280304066073132,0.00088699077806509,0.0006499111313258845,0.0004037963730394013,0.001134658612871227,0.00019734572977735823,0.00024130294757390754,0.00023462028574608765,0.0005536294183127671,0.0008356008577075314,0.000685009547374404,0.0004182355915918291,0.0009795142830089944,0.0001746791741022432
2020-11-06,0.0016027772799888699,0.0063254366927356824,0.002911377701756528,-0.010648780404304711,0.004677178841975961,0.008860370356380492,0.004537522690136751,0.009255833833736618,0.00024036636560486723,0.0002310898154224225,0.00032189313801554215,0.000780633604426976,0.0004661053610471501,0.000399851271526088,0.001371287183621403,0.000254045015051016,0.00023038154931591826,0.00022851109336107623,0.0003330691033020512,0.0008564749363344892,0.00044751321591181287,0.00039298802863512296,0.0015724968509571355,0.00023507509603495962
2020-11-09,0.005938286171432387,0.012776797712664111,0.008729951386240596,0.016831300851486083,0.02210788506054402,0.014133088904983278,0.0358729582570414,0.027240573985239172,0.00021995820584048222,0.00014433913408947065,0.0004087926521442778,0.0006420739681705339,0.0005812304915856112,0.00021341570649621467,0.0009960267900810474,0.00027025861041557177,0.00019449830580021898,0.00013256771792898725,0.00039234433452978276,0.0005309160218149556,0.0006043666747117772,0.00022274176118329797,0.0011092321768094767,0.00028449386021211115
2020-11-10,-0.005790387225039357,0.0011756584331159964,-0.018558778689009264,-0.018913495050340727,0.006209751400559486,0.003726780186642021,0.013642271486303916,0.01007584619374105,0.00022173533769194513,0.00021843783424281487,0.0004270703321525263,0.0009162397292663404,0.0004272500413864538,0.0003655626073458262,0.0011120786779591633,0.00031679444440918563,0.000221570256636041,0.00022195796771241094,0.00040678676660523786,0.0009309885626040291,0.0004435298370016134,0.0003564910443298933,0.0010536509896230666,0.0003368418076571139
2020-11-11,-0.0238407231603998,-0.018266766729602733,0.004196766760714089,0.024492944843986845,-0.03133183190689148,-0.05676272953207694,-0.015529012683231796,-0.005809708631107051,0.00026948128668068626,0.00017782363698456454,0.00033132635611591237,0.000578811997926182,0.0004982478723813851,0.0003711709542392676,0.0010292881750678835,0.00031310862117959733,0.0002581826340030543,0.0001902603989188497,0.0003380287227775082,0.0006371455165900766,0.0005050888902542929,0.0003016654694553068,0.0008381294331363652,0.0003025779074714912
2020-11-12,-0.010259688968134933,0.0018648169303905914,-0.005505961857485169,-0.007617304554590048,0.00987785626257017,0.00011882211593865617,0.03733322495176605,0.01673215470360956,0.00028234120353312023,0.0002147966309791397,0.0002810077570438331,0.0006178524517999064,0.0004676905327718647,0.0004223051149554505,0.0008830295551214754,0.00022250033726016816,0.0002949900230119409,0.00019487829192272137,0.00026334491014426306,0.0006257062398355171,0.00040707047610316817,0.0004154755926544834,0.0009105705988028484,0.00023211650529684306
2020-11-13,-0.009353226409069637,-0.002822695093297309,0.036105724108252676,-0.008539888435251403,0.02371377174941004,-0.019856107052144772,0.008541155799611103,0.022643875808986913,0.0002792951247100014,0.00015562000672991833,0.0002703745128191222,0.000630883043833957,0.0005428886075401056,0.0005414139226047135,0.0007704279204598628,0.0002666325979482631,0.00029241550084272463,0.00012838306623369107,0.00027579863284815523,0.0005956582240577882,0.0005548908272346357,0.0005122363062319489,0.0008081315323208542,0.0002828292308658996
2020-11-16,-0.005382758461177087,-0.0017988969446336607,-0.008134574005051522,0.0005140507730903218,0.0010208961916880477,-0.013940821791778258,0.00015151247943463955,-0.007641911697928856,0.00025761635882115563,0.00014755637133706694,0.000404945584828643,0.0007610611706828336,0.0005506445864546482,0.0004786670023462325,0.0008810604105751952,0.0002639099296043878,0.00025029423103253997,0.00012029894918415253,0.0003622183621515174,0.0007162881859755463,0.0006321705991943762,0.00047767102284534756,0.0009546939009704516,0.0002556994992336904
2020-11-17,-0.0030507038790489513,-0.0017674942059114924,0.016988146810200718,0.022798737460020875,0.023370814188831652,0.012147650540738656,0.038250207644476335,0.021697045507883816,0.00018820616198602928,0.00016859892793014413,0.00035591665319693384,0.0004976303843135373,0.0005027016287390401,0.00044771924226726827,0.0007811265498709242,0.0001831705906323127,0.00019145267035470458,0.0001579682080206488,0.00035346687321542595,0.0004419981253866048,0.00045778882811437594,0.0004798762634189401,0.0007473873943408807,0.0001798107872164757
2020-11-18,0.0016324413798365503,-0.010356507641741211,-0.006553081119648661,-0.014597150773621151,-0.044030805639683195,-0.03704498455596758,-0.0185642157491431,-0.004618737557140439,0.00023055701823864003,0.0002390676885192486,0.00047006572384682583,0.00042622632012780456,0.00045362140124123135,0.00034100728074328484,0.0007923105278390043,0.0002078695194560918,0.00023222618539188255,0.00022640379344952832,0.00041861448520734635,0.00040279728005711003,0.00045603542985146826,0.00041413630284278157,0.0007392538794307472,0.00023947425552058924
2020-11-19,0.0101703435225512,0.016038434782868653,0.009864454333665233,0.03544520008579842,0.01777030454529759,0.024004330315105623,0.02498181179475419,0.021268548081209933,0.0002111012757033244,0.00013211765834559943,0.0004174500692691715,0.0004886222918831019,0.0006658607324472162,0.00042531035529237596,0.0009557166428667196,0.0002601165083686619,0.00019931825101406452,0.00014224498653854167,0.00043359143193025696,0.0004668543248188271,0.0007009496584042401,0.0004026181072630702,0.0009566136001513814,0.0002752313122633315
2020-11-20,-0.03283741763229557,-0.021939632384161366,-0.0328876570237973,-0.012102232611704618,-0.016039109078305212,-0.00735806812360247,-0.0074105556357788975,-0.015441588076297062,0.000204355435088642,0.0001414732133081404,0.0004844344294379952,0.0005660384053115716,0.0005698416846736575,0.00043806264720014766,0.0006262542592884036,0.0002471396293077236,0.0002127329952466223,0.00014030843488693962,0.0005097225838631477,0.000554774427948207,0.00043144767372832395,0.00039313281844062205,0.0006619246014723071,0.0002430431716809746
2020-11-23,0.00223773972994551,0.012388912873245256,-0.022030964509276767,-0.0011732230803776474,0.005051790822165663,0.01068775719828866,0.006982163097005597,-0.012621314142870184,0.0002687362683503234,0.00019047003732144293,0.0002983410055671727,0.0005023957853185437,0.00047445150083920174,0.0004565579261911852,0.0006508092358967714,0.00021650596871244322,0.00023842179597344918,0.00016203074318425794,0.000308568170067454,0.0004683743160323875,0.0004543431197520912,0.00043669765977647173,0.0006127740111793877,0.0002338253744618568
2020-11-24,0.03188846917670286,0.02392025489874574,0.023948608808644887,-0.003765630945420104,0.04527284188550973,0.01504153429327836,0.026304020514126766,0.021179583290287237,0.00020249146350456566,0.0001658080686156157,0.00040406213971614947,0.0005026584192515234,0.0005037135522489327,0.0004505001764910294,0.0005769661694751376,0.0003042890468082025,0.00019621787626945237,0.00017625751885743204,0.0004105143028760946,0.0004455429609291282,0.0005430760633570391,0.000378891146227737,0.0005628127665604776,0.00032463905373329184
2020-11-25,-0.01332970160160988,-0.009903222170610146,-0.004342211774464021,0.01009941053191908,-0.0038366145952460186,-0.00039491888165568115,-0.032847494173635056,-0.009344710203876014,0.00040133610375735185,0.00017510943370714876,0.0003258841848291326,0.0004337183824960146,0.0005899886556114188,0.0003619836770829382,0.0008363275617823371,0.00022712647510073926,0.0004110610481325175,0.00017089393722183037,0.00031294566433815927,0.00038945335530338155,0.000589016750636205,0.0003488493919592926,0.0008154433214182502,0.00019739805969919708
2020-11-26,-0.002676203610502752,-3.6250424002101265e-05,0.011654968944174438,0.008517606271633692,0.03313014740569591,0.021926579008098506,0.01120447383038672,0.007641137293876626,0.00026102171713652156,0.00024166442847577788,0.00042344348928533926,0.00048078884657472005,0.0005645572691124711,0.00040617789683700025,0.0007647506816029495,0.00023950165223150582,0.0002856310873614846,0.00023685905943942863,0.0004259333334527914,0.00043001191046701526,0.000566136647298752,0.00041417408550851515,0.0005903414245281676,0.00022972910822550104
2020-11-27,0.00040600466426687134,-0.001665407598875642,-0.011430304324511243,0.010258454955268908,0.013343110670946646,0.003154222922731985,0.01408827533763129,-0.005033126932450761,0.0003261766066246948,0.0001683609712584637,0.0003643886767864419,0.000292529220527139,0.0005054728551544425,0.0004913056865010342,0.0007437549858702123,0.0002806752240270831,0.0003545951020763196,0.00014642504297726006,0.00035472479516495444,0.00030711213710217636,0.0005553404041805462,0.00047895768795361277,0.0008581524318332634,0.00029271099823546516
2020-11-30,0.005371444935198934,0.00564993821392377,0.024767771412921566,0.020534933257693917,-0.012410901094050943,-0.011780154817435636,-0.011846268037245311,0.02369286801104125,0.00037150591685523236,0.00019048430030736842,0.0003417213914732488,0.0003773378612804228,0.0005676369581292943,0.0005058136519675443,0.0006996570906612335,0.0002846347183734911,0.0003544699146819496,0.00017762314698605155,0.0003103497340434678,0.0004211180407019052,0.0005583984704715885,0.0005376171721508346,0.0007830109964825748,0.00023484101999014028
2020-12-01,0.003872355574661438,0.0019140914724754307,-0.01630407252068423,-0.006314606869054269,0.0319833346397187,0.023527524149622715,0.016646656264339116,-0.004915015195155074,0.0002049981424187328,0.00020046200450163647,0.0003259146758876008,0.0003782559931586371,0.0005755823492639308,0.00040149496655768953,0.0005436645997350844,0.00025879866230171594,0.0001787557953973054,0.00019633518331980455,0.00035394339546925295,0.00029072724401708254,0.0005637831313173281,0.00028500705792016323,0.0005703365612184749,0.00025345489466457513
2020-12-02,-0.008356217101646203,-0.004790606438600946,-0.014280606090841889,-0.004804124324813449,-0.008916561876448376,-0.0020094870006225787,-0.027289471846933065,-0.013988865427554353,0.00026748024793350446,0.000123774948045055,0.00030648446853324425,0.00043376122280346725,0.0005921824646763227,0.0003727002989825593,0.0003945699488276438,0.0002665100614636166,0.0002347432950204723,0.00010176683049326925,0.00029646159837036414,0.0004923271038407087,0.0006764815512578707,0.0003663218085322784,0.00036618218619812533,0.0002709397169833045
2020-12-03,-0.007768182846592789,-0.0029046639625385485,-0.017121172183759466,-0.006856463739445554,0.010121391348177057,-0.005025660002219481,-0.009478740224062102,-0.016381468514548955,0.00019873294501181218,0.0001136708892969038,0.00027675156400357555,0.00036833418202217137,0.0004429478839037504,0.00035614460683935337,0.0006490821403821438,0.00023501403733041575,0.00019857989756547206,0.00013239197245262213,0.00029661360070823005,0.00034748563760910893,0.0004773849930757685,0.00040236613832859085,0.0006183645213981931,0.00025277372463733367
2020-12-04,0.0015524258576004846,-0.0008973494860500416,-0.00831551357418665,0.0037269684112086502,0.008190927385825294,0.006836314132543111,-5.6931706891534756e-05,-0.0003062922578514823,0.00017619536337986602,0.00017480895970565475,0.0002463747306814364,0.0003856244683757676,0.0005228241991592151,0.00025530791613883735,0.00046179694483429516,0.00022947231693516178,0.00017284020600605695,0.00017102635497002585,0.00019285306480571677,0.00033181258079947163,0.0005584375777015294,0.0002427504653642007,0.00046493275833545827,0.0002564528980309015
2020-12-07,0.014667084054755456,-0.06090405655818654,0.004607475018375769,-0.0858171447238487,0.03443947976353366,0.06100975226700701,0.060571661808369794,-0.11716292131201668,0.00020509023572852668,0.00017065488283480597,0.0003267703771620853,0.0002963290936393139,0.000492160286732833,0.00028967203713107083,0.0005118007803271388,0.00026942264766546294,0.00017564398284960114,0.00015713277430993443,0.0003359828667143382,0.0002873572323362586,0.0004638546184073885,0.00031197691099963266,0.0005240996187763835,0.00020623509242021838
2020-12-08,0.003304436615458566,-0.02023507044385535,-0.016092617269518206,-0.049896037560425544,-0.03249332225130791,-0.0406520838789124,-0.040063115385451056,-0.04509425341571347,0.00017694923140604586,0.00039163105832754487,0.0002823284836310528,0.0007500848866525627,0.0004278294661337653,0.0005196313696358414,0.0006380952486426646,0.0009107595070559169,0.00019257338978943668,0.00043414871685713136,0.0002728973101260058,0.0006933991874644356,0.0004492052946195086,0.0005333503358736059,0.0006475939963714194,0.0009862335277742787
2020-12-09,-0.009864285895148579,-0.01598920849871622,-0.02090718698058459,-0.029389816216475552,-0.007740547797805486,0.001784545856890913,-0.00782484937512557,-0.0326243441719691,0.00016675312701714334,0.0004136836719879369,0.0003738639314315801,0.0006544151133390798,0.0005724070476254198,0.0007062546241171329,0.0006881347355481591,0.0013557911421303458,0.00015532760175482056,0.00036137858216623556,0.0003347621121694894,0.0006228336984444898,0.0006187481898011383,0.0006950131269839191,0.000529975450165779,0.0015573159082352466
2020-12-10,0.004394155638041364,-0.011958452985908122,0.005738246681024353,-0.017673507162027813,0.009802715420335782,0.01319434359478818,0.04390593050171294,-0.013931190450963967,0.00018491106456505996,0.0003243830579521932,0.00029370398314334465,0.0009101348507150579,0.0007126738888237052,0.0005152626899187629,0.0005744274583753966,0.0008366448786633263,0.00018020132123121438,0.00037310103722466793,0.0002940816049427688,0.0009535932668391689,0.0007035072241195709,0.0004869656002707301,0.00048057884485191397,0.0009755837406382214
2020-12-11,-0.004876794477417078,-0.00042792950455048214,-0.00776364663960865,0.01435743602641239,-0.008222090034163524,-0.0063869886720230706,-0.02153781072259886,-0.0022985143109734898,0.0001677369455122117,0.00035706396284304576,0.00035412084376644954,0.0010362810827001892,0.0005518780565679838,0.000613363261615233,0.0010056819608767287,0.0008764318598997457,0.00019972585975911413,0.0003529927965852539,0.00031004441886997493,0.0009134020440780961,0.0005625272342376054,0.0006560287193413386,0.001044438764757701,0.0007372213446109266
2020-12-14,0.013967912948533633,0.01576915558778036,0.01027506378339011,-0.01037676885145242,-0.0011844712150342474,-0.014239432411170368,-0.015168374022086544,0.023159171809004807,0.00015210969473291919,0.0004167914114544375,0.00035525219911865664,0.0007277400643624377,0.000467078113342834,0.0003918748270609551,0.0010393749077230814,0.0009830843819376603,0.00015500652751359966,0.0003837174178314558,0.00037825239215154684,0.0007127412743595627,0.0003933595317165408,0.0004218303073265157,0.0009678435811376969,0.0010549181258038668
2020-12-15,0.0038638650974542844,-0.011972621627307058,0.02044381477685204,-0.0008787790261225288,-0.006963060214574227,0.0055060458705472265,0.012780556197461778,-0.03488756016508746,0.00018542254139123347,0.00034289576761637976,0.000241054630027396,0.0008697662426656838,0.0005240038195184285,0.0005501894774865019,0.0008224712009608921,0.0008191527804788758,0.00018321565311801082,0.0003495544426130408,0.00025038368111541165,0.0007710233098386897,0.0005155663885229467,0.0004805812781258568,0.0007390890925850457,0.0008537305600335152
2020-12-16,0.003851700216842354,-0.009336002925088701,-0.010159227669564634,-0.031762700679653144,0.003523083248395082,-0.017470475565603594,0.014168121797817613,-0.024304543532997474,0.0001257719565407807,0.0002828964369090573,0.0002763848628784279,0.0005610673913122919,0.00043667079537589525,0.00048008774407856073,0.0005700238612496337,0.0009831408437181038,0.0001477925014329857,0.0002848042323447662,0.0003025361694609871,0.0006408876724670062,0.00047934127420972615,0.0005036216681353792,0.00045728171128602696,0.000908479335662015
2020-12-17,-0.0017908328555527472,0.0069737167684658374,0.008685170426253474,0.044093061453336795,0.030128799971665964,0.02544189863116019,-0.007479765263829342,-0.014649150379733628,0.00014965579260838133,0.00022737794556354482,0.0002557887428179669,0.0007983949424248425,0.0004085797229819078,0.00035791870652859126,0.0005891703865249613,0.0011372288220731408,0.00014408145783032175,0.00019116239254310713,0.00023821691277765391,0.0007903234145227077,0.0004598727972303737,0.00042284606462342683,0.0005953268918977865,0.000945515453897005
2020-12-18,-0.004600094945424729,-0.011931959360898005,-0.004180919484026085,-0.0065870439680090495,0.002162583322933572,-0.0018247475348869167,-0.01580553117605249,-0.03211453138435514,0.00015904477856253075,0.00027327394810517297,0.00026182837965667565,0.0005859104293707366,0.00027447235592658356,0.0005587191133490393,0.0005702700361476874,0.0010091072478637323,0.00015847545482950575,0.00027398911229335385,0.00023259418113503062,0.0006480721613947218,0.0002463932789774625,0.000624303559715125,0.0006322777070632153,0.0010109851682927706
2020-12-21,-0.007844061558528665,-0.017299053190503313,-0.00494386671055431,-0.017477258579872045,-0.017724849226806238,-0.0021707816346692777,0.013388227784923268,-0.02557738333348261,9.034286185896713e-05,0.0002733428648534963,0.00019747110654305826,0.0007564802225500746,0.0005279699000479876,0.00040222248250459226,0.0005310901973043765,0.0006615991010650673,8.526595939618537e-05,0.00022909852404793084,0.00019692098371783316,0.0008114438107031704,0.0005088776061088645,0.00043809662219514313,0.00047500091466033196,0.0006061526729090095
2020-12-22,-0.00475969326984694,0.005707880419058985,-0.009879088667037522,0.008616661152908007,0.006111799873298757,-0.013865523966993474,-0.028639290084671244,0.012503048527863712,0.00014729090043826833,0.0002703096734945736,0.00023875591847182247,0.0005878825842666192,0.00031676100211391325,0.0005691731432489346,0.0005393675984948553,0.0009238659572259697,0.0001523786310937438,0.0003209610869782094,0.0002249828377944044,0.0006337769071985319,0.00031323645171729567,0.0005712153533098259,0.0005570473264403873,0.0009490200157275929
2020-12-23,0.0273540097294967,-0.013129695874933539,0.02010082623781887,-0.019947837337060983,0.03491119243861012,0.05047241582824789,0.03450790263559023,-0.04426652533335223,0.0001062526098513579,0.00030350706737804006,0.0001659258916733662,0.0004938057935878244,0.000537538586498804,0.00041847966547677034,0.0005092321787405284,0.001085353860147871,8.657952880640058e-05,0.0003145146470836876,0.00015204719593337338,0.00048688455669646663,0.000517858549560217,0.00046441811899778843,0.0005337736385299885,0.000987651502762791
2020-12-24,-0.0017714352820223929,-0.005210286599895045,-0.0008863016558956706,-0.017352427688404823,-0.0003696825712026108,0.006103637804774318,0.013221411544747732,-0.006226734820242248,0.00014539887611410044,0.00021287346578965964,0.00020474476950119595,0.0006369066863000309,0.0003825641138794163,0.0007341486246871049,0.0006407609768288573,0.0008779577572420569,0.00014182049627570938,0.00020031188988464053,0.00020791243491171025,0.0005533942395922139,0.0002885945706374364,0.0006300475332179847,0.0006902341668032021,0.000993430509728573
2020-12-25,0.013395362502818784,0.012270890488014259,0.012921506351928576,0.01278833258728182,0.020617588677064237,0.0158950420143667,-0.0014631596702151424,0.006585630060086937,0.0001043292921634759,0.0002479661640556254,0.00021892080479504744,0.0006707463538586235,0.0005233135458901099,0.0005665323216646181,0.0005145149943021689,0.0008027639777863837,0.0001065701454565022,0.0002784802651218494,0.00022950455185227775,0.0006106910354754514,0.0005169182306109361,0.0005242157879494967,0.000468591440313346,0.000804835915985509
2020-12-28,0.004772710890099168,0.00011656264001610241,0.006175653467453874,0.01685380566533123,0.005239394351571276,-0.005665704254274418,0.006427436466411162,-0.006898223630322332,0.0001373763337175768,0.00025729968197879137,0.00020306462523302768,0.0005901587568597496,0.0005151245745194879,0.0004620769177475371,0.0005033376888838377,0.0007497312496843689,0.00015191713276706487,0.0002735342551912137,0.00019623197538752826,0.0005608921137015951,0.00043655412881329875,0.00038373034004351314,0.0005029919356707168,0.0008509345537164933
2020-12-29,0.0002564187692584305,-0.0003199268635256977,-0.006818762899828586,-0.026205090048085005,-0.007934310191126785,0.002589495840661274,0.003948359583984669,-0.0005646640352305805,0.00012752323763902398,0.00023696993154217617,0.00019127920270690642,0.000582112570137742,0.0004258435558214923,0.000498561794362754,0.0005040296412821151,0.0006278606977119452,0.00012201389320838696,0.00018965578511398408,0.000190653073135715,0.0006018945312171977,0.00042488795003590746,0.0005505941622816378,0.0004725386108307874,0.0007364496858179063
2020-12-30,-0.011609422707462723,-0.029854918579764748,-0.008048340691403137,-0.018524328530608734,-0.006705087434471257,0.00873908190459826,-0.02831284704382372,-0.035431673191842455,0.00016338382340267226,0.00022425900526474712,0.00016225669244535878,0.00048366001212859605,0.0004996726929028006,0.00045682748917970074,0.00041421770955239105,0.000589823327199754,0.00015927090503228174,0.0002197888780969974,0.00019620504375081162,0.00048422040570722877,0.0005058405505030093,0.0004634490034180011,0.00041133494022206477,0.0005044051477872598
2020-12-31,-0.0034740715968991573,0.020492150187377534,-0.008918733835491997,0.01338702862772068,0.01990276250282158,-0.008508722360105787,0.013882053606966645,0.04106145014006588,0.00017111825066175331,0.0002253577099886023,0.00018260987493414263,0.0006190553507388663,0.00028655663443619546,0.0003162454274103086,0.0004719373989859273,0.0008702485670349602,0.0001781450879391753,0.0002142329501112621,0.00017053300792116893,0.0006014965135328722,0.00027848431976207496,0.0003423094489056263,0.0005366694664209399,0.0009202102710137491
2021-01-01,0.01248708921712922,0.004231266779207528,0.015784879469527818,-0.0008443523892899049,0.006606406290986977,0.006654739327741329,0.0036236630743437894,-0.0068628705325921,0.00015814744218051917,0.00021279472230417124,0.00019292350820837407,0.0005413461692135357,0.0003406099077176894,0.00033635828576745726,0.0003882070799955788,0.0009017136405560552,0.0001478240626585409,0.00023518801336998383,0.0001970481305929055,0.0005278383459683594,0.00031332982871130893,0.0003696184168780215,0.00040371893689239983,0.0007642568307668162
2021-01-04,-0.0039483094067840835,-0.020345011524615046,-0.02088205821989691,-0.042897031717806546,0.012854282477338242,0.008162853165615947,0.0068588032422040816,-0.05205435444991024,0.00014795091670660856,0.00027917963638348834,0.0001847375244615436,0.000478525731654452,0.0002948117742214555,0.00037701853674414253,0.0004852152119115349,0.0007894734788946618,0.00014399598006449067,0.00027719428429870136,0.00021080033645471102,0.0005351317283110903,0.0002982064071424697,0.0003900793048945127,0.00048619739995901036,0.0008364108742503289
2021-01-05,0.014405554496819442,0.01526864220282264,0.0064358251392815456,-0.0004457545952386648,0.01502382372455347,0.004619486309608102,0.0052336023178340884,0.01259878974399354,0.00015581262849423186,0.0002672087105399125,0.0002095819126067116,0.0004125645413648395,0.00031768061247931865,0.0002889656064664489,0.0003274665687393715,0.0011794811130371747,0.0001543808744551792,0.00025431936543691893,0.0002057942804547677,0.0003993617492037414,0.0002890473496186702,0.00031322136937638324,0.00029006012315752213,0.00108976809560062
2021-01-06,0.011318713490129995,0.00778114454432579,0.009239465558269346,0.009289830678293299,0.017783947453693078,0.00023108166010371524,0.006818792413827176,0.0016830210594437828,0.00015646625591264135,0.000268530427514104,0.0001885230083696,0.0005606720857584463,0.00035760745625533816,0.0002869667192736918,0.0002551128484471211,0.000844120981088991,0.00013780985138869457,0.00027513637665801244,0.00020790435752942246,0.0006297406800756689,0.00033365213796842296,0.00032106604450931226,0.0002944791658510923,0.0008317320894327846
2021-01-07,-0.0019309634917231574,-0.01907385404916262,-0.012370727663050885,-0.04919373650373829,-0.025462194768220647,0.0023525800549511464,-0.003918643060491078,-0.0522309355444273,0.0001373157462621466,0.00018599762719821166,0.00022662820549680855,0.0004802128795595315,0.0003892211324651701,0.00024540131804578254,0.0003165846111947814,0.0007859844217632597,0.000149998637906809,0.00017292594412912253,0.000238422343492833,0.0004329756846133741,0.0003820356652961509,0.0002525277620878352,0.0002965784685524328,0.000737446406378826
2021-01-08,-0.0005282875689028453,-0.0038033389389846625,-0.002720662738011256,-0.013267685776132701,0.0005449277575561809,0.01063565685050316,-0.003022902667984461,-0.014581573297601286,0.00012823428851121984,0.00025759754934403297,0.00020332127899387665,0.0004839769869004125,0.0004030617796479249,0.00021384786319627585,0.0003515536330585684,0.001111284417985318,0.0001402273533621165,0.00025577396309699684,0.000188629562611788,0.00046091474764901484,0.00036390707537413587,0.00023328739121875164,0.00040669313248235784,0.0011177387480502082
2021-01-11,0.003552565713230917,0.001172510242560327,0.006610598398621029,0.0028156173591715825,0.003993087354828345,0.008152392036490078,0.01947732970435148,0.017574689960734365,0.00010328617957728624,0.0002236321273093534,0.00021943270401353376,0.000781362147278285,0.0003136359904717584,0.00025323184501175363,0.0003263423871136349,0.0006996102645914108,9.780754483385823e-05,0.0002201226472139132,0.00020824956350845404,0.0006949667237434416,0.00035270629558816695,0.00024267483748320845,0.0002894341097008152,0.0007928178072388179
2021-01-12,0.01337816538563251,-0.016408469106769515,0.003934178800362285,-0.03957545156104287,-0.004219785203183419,0.007088390272038899,-0.01783947037131019,-0.04745336891055019,0.00012694907029648007,0.00016953412977731522,0.0001530172964195691,0.0005543448642225958,0.0003721820446832838,0.00028971499605555943,0.0004088389568542836,0.0006467742623257973,0.00012229602115646588,0.000162159220081564,0.00018196301166149395,0.0005272357322480667,0.0003509590752775482,0.00027688469110825626,0.0004479300462040703,0.0005214620804979197
2021-01-13,-0.0026307421581673474,0.0010741149286295588,0.0028698915305605506,0.015551959104011989,0.008577815272661988,0.0004884825543858267,0.02782255169510285,0.010638671487352817,0.0001471011241222483,0.00017960183170628836,0.00017359673394265904,0.00047152511588038,0.0003185433760490513,0.00022567479274799866,0.00032074163479605636,0.0010370254561435234,0.00013639316398873585,0.00015717820427311077,0.0001776376650908003,0.000447654914088735,0.00033131204452573797,0.0002278579923083816,0.00027767064594650054,0.0009147690788256775
2021-01-14,0.012449139908708834,0.014046645320936166,0.01818751388147946,0.032305176914129666,0.02140178622817307,0.0009842212806599501,0.00348632144492994,0.0140151338362393,0.0001272955336957762,0.00023264034579365851,0.00015059269696516346,0.0005400566915650627,0.0001940835572721674,0.00023964689920927945,0.00033914521381063793,0.0007130451131913164,0.00011916796176199935,0.0002348373011206933,0.0001502136299338357,0.0005281582229836807,0.00020906630012798761,0.0002213621451592222,0.0003652499379564865,0.000640085256677036
2021-01-15,0.006586268503021624,-0.03018511036580381,0.021022907251649358,-0.031810356380238894,-0.02126044808856274,0.014425575666866761,0.004159223146220155,-0.036539667932533645,0.00012190392659547812,0.00023821456676251416,0.00018554706587095004,0.0006555713072061362,0.00030545108374048724,0.00023110077327353004,0.00033005149935161793,0.0007967654365183616,0.00013478716093331104,0.0002510485010354967,0.00018650785621973228,0.0006480201395452862,0.0002839457604313614,0.00021882987386137942,0.0002888766142266154,0.0007639296307215644
2021-01-18,-0.0028672438426869547,-0.01867418085163911,0.0017975130317642518,-0.01521035398348359,-0.0026610349573344934,0.0012185671142502707,0.01102869442891915,-0.01949678001554305,0.0001482757872252548,0.00029724351801385185,0.00015544504054082795,0.0007646884265712314,0.0002752908540225421,0.00022640157877555563,0.00023904837426979856,0.000823348553410153,0.00013226277346244556,0.0002919357480592118,0.0001556747885877101,0.0008070434126662006,0.0002921314494389853,0.0002341568221223033,0.0002705204361853525,0.0007456377352281377
2021-01-19,-0.012754601546080215,0.007537405880953802,-0.01338277369413385,0.006411809409942975,0.014990206617868493,-0.006770492637875922,-0.009800480148251134,-0.002989492472827816,0.000156162560568911,0.00018552884736221026,0.0001963665285063356,0.0006396891021511604,0.0002813592622986295,0.00019880482237760318,0.00038185463835342025,0.0005881883210752611,0.00014749102106929827,0.00019482626581950684,0.00021515005398089134,0.0006751531703661153,0.0002501078676366888,0.00020903483204017092,0.0003648215595659264,0.0005914160883472032
2021-01-20,-0.005890096662659992,0.006850055140454438,-0.004941273228029897,0.015406511758415961,0.005561114984524102,-0.004159853418766919,-0.004908602547983862,0.017148630206975643,0.0001562144322990728,0.00024863813094549514,0.00023383166559255746,0.0004657051003621146,0.000300152956824181,0.00017099936524518752,0.00024461071756364607,0.0008000851232290784,0.00014772597831683604,0.00024495575946338204,0.00025136797667376195,0.0004205983665830061,0.0002958293100412417,0.0001991777193872814,0.00023524877818895186,0.0008444612934339965
2021-01-21,-0.005097257064242538,0.010535763659150552,-0.0008812064097711817,0.037518930492997704,-0.00543444893001688,0.008303441044548268,-0.006687402322578227,0.0009555436571429476,0.00014595302172149254,0.00022039043887960588,0.00011899053559892738,0.0005047210008637844,0.00021913381827866173,0.00020059961390068493,0.00030232642223217967,0.0007692407873203165,0.00016506259203243802,0.00018632259527406032,0.0001136172036620479,0.0005192687137020943,0.0001960742479650468,0.00022107183939287255,0.00035952309034620306,0.000773804310631924
2021-01-22,-0.004163792949371478,0.003880943302071635,-0.006997082434556397,-0.009839405257507657,-0.011310384994102899,-0.009421687423935905,0.002308317948348029,-0.010533931673626843,0.00011263862481455844,0.00027677730059995316,0.00015505041289657056,0.0005202484348394259,0.00018213451751391657,0.00021459289571824428,0.0002404698096268403,0.0005934910985980335,0.00012188781852927568,0.0002776202089566958,0.00014922904599972634,0.00047412032967173644,0.0001835403081387247,0.00022590041969376497,0.0002462031130828815,0.0006797813503380182
2021-01-25,-0.005601897617262191,0.0017424552159326114,-0.00044855711920563124,-0.013624448573770754,-0.01126539820442121,-0.0025618409589070784,-0.0044013142550323415,0.005764575740513749,0.00010744791053723229,0.0002554394286396011,0.00015577670028613254,0.0007567513633698088,0.00019399142897922602,0.00016508439455936578,0.00016726701628212094,0.0005982019835761327,0.00010530433613184974,0.0002392587253975182,0.00013482961641846927,0.0008499836111608675,0.00017929965786090955,0.00016439231436137438,0.00015372900705398502,0.0005620072549122444
2021-01-26,0.0015464653684124701,0.004481122945742084,-0.004313070938574648,-0.0007331864035056817,0.010742796708988804,0.011531186741620436,-0.004703689171855732,-0.0037383504199490565,9.898378420434664e-05,0.00022498489043035603,0.00016338662239524416,0.0005224161566402146,0.0003077090066223425,0.00013717456706212436,0.0002061156831213122,0.0005683980705421946,9.454275592797525e-05,0.00019045372353930146,0.00017240385560742962,0.0005267447600791729,0.0003203571326434587,0.00014045999118225225,0.00021079255541032812,0.0005635556776972957
2021-01-27,0.002987819114919479,-0.027513942520870357,-0.0021373709723056323,-0.04446190681011784,-0.016824377309244725,0.0026870383569414084,-0.00930919437862611,-0.05480215140711776,0.0001288453879066427,0.00016366852491912065,0.0001544925765360939,0.00039752148022978814,0.00023437428641370637,0.0001879370413202148,0.0002165667650227005,0.0004968896163181095,0.00012801945915417017,0.00015964952450580995,0.00015879782378435208,0.00037916820122507554,0.00019181800970388352,0.00020477332013572267,0.00020742270164503574,0.0005336693350838008
2021-01-28,0.004491059394437317,-0.0024509662196049793,0.007050238445781301,-0.009979014858730472,-0.007206451919481034,-0.0007824658812601329,-0.004458531937099591,0.000914582930762436,0.00011876397609794316,0.0002226139179900036,0.0001571386837612756,0.0005423881085690116,0.00024319913470310096,0.00017558454196167265,0.00015997437954344372,0.0005412060134912679,0.00010821788136576627,0.00020599231695458395,0.00017744780459864813,0.0005253248681129885,0.00021687055870599906,0.00018833102295833017,0.00015872730386178846,0.0005164985396562644
2021-01-29,0.012105124358949669,-0.01695127387954586,0.017649868721569064,-0.012797790407637535,-0.01272082066230142,-0.005378647124267822,0.03443307286175048,-0.009882383263411175,0.00013155315678849022,0.00016610593833819978,0.00012486880879677308,0.0005321270821776799,0.00020068807045116015,0.00014721936962325692,0.00015046711059368476,0.000663676924264786,0.00013956608249802096,0.00016295407809546031,0.00014272525906502745,0.0005385869772102721,0.0002300057332680548,0.00015701641844177776,0.0001541460318552201,0.0007166426216409783
2021-02-01,-0.010001723752611595,5.476656056893517e-06,-0.016854679019672233,-0.012974819335465541,0.007039929701365833,0.012881349803103752,-0.01622409540800525,-0.010002159998117216,8.425488096098355e-05,0.00019122855433817746,0.00014630246096104633,0.0004163048716130045,0.00017378523696240066,0.0001478101161495464,0.00016351798467927119,0.0007483147619871858,8.175307114843506e-05,0.00015559195526879615,0.00013722286742032916,0.0004266892148815956,0.000174485957222983,0.000159056727603395,0.00014989303481468947,0.0007419946628615434
2021-02-02,-0.015319223339418495,0.00435890344283954,-0.018771133966242453,0.01859501940072619,0.017187576864299663,0.001426446328108425,0.0005295704274051756,0.012904113322908556,0.00010864209320527947,0.000209646298422166,0.00012909073033997562,0.0004938747152802974,0.00027299027357657803,0.00014340624485115522,0.00030064640923009996,0.0008000123313374885,0.00011400486064924073,0.00023444385688151288,0.00010947405859873286,0.0005125111713416072,0.00029257129580688933,0.00014873946926186076,0.0002764959858106135,0.0007797206108846786
2021-02-03,0.019319390825856916,-0.00014949966492372647,0.025999542838007445,0.01908019893222953,0.014807588334542533,0.013844045526195123,0.026433227006254667,-0.005223512438136309,0.00014400387469216516,0.0001758200232624545,0.0001482365540921528,0.00044524574056703243,0.00021897035470771754,0.0001189328747297794,0.00022757910838033514,0.0007061902498737943,0.00012480382595016115,0.00017644628646790666,0.00016902512046028365,0.0004780130481661186,0.0002526681304838728,0.00014065865496654676,0.00023456316597475694,0.0007069667480256669
2021-02-04,0.007240895054792964,-0.0016848609919997938,-0.006680398069910303,-0.005297267885802703,-0.02854079893426271,-0.02268942446419267,-0.012547860238355836,-0.009261860253363117,0.00015777734868870346,0.00019078185047892177,0.00019516788544083756,0.00037473874767251787,0.0002435955262877362,0.0001301253566820614,0.00024207403306359518,0.00048214663022834176,0.00014248900122161413,0.00020348282198985167,0.0001575571929190883,0.00033999052394425,0.00022974384095731935,0.00011443232369279088,0.00027562557453446914,0.0004131482565547554
2021-02-05,0.009383356707767456,-0.012159417563996818,0.008870956258402573,-0.010853450539739866,0.004948034960095558,0.0081876180963635,-0.0063891800731653535,-0.024226557338590835,0.0001685778933864301,0.00015255507200646762,0.00019481512516505352,0.0004830837597253825,0.00028004368753479125,0.00017060473797019622,0.00034894728828340274,0.0005615160382920136,0.00018666885280512174,0.00015749366320275024,0.00018183310361612824,0.0005096185608173981,0.0002951306236892896,0.0001667817020967706,0.00034882542559954485,0.0005635304117090065
2021-02-08,-0.0003053849908150675,0.006667125942645839,-0.003102333717994027,0.002094842572985732,0.006176653707471374,-0.014975088250490435,0.005851155370169594,0.028263764589429845,0.00015142804526207133,0.00021241603811134887,0.00022197784024605575,0.0004098137676075812,0.00028347506754459334,0.00021820577210044664,0.00024351059716992224,0.0005280637983563205,0.00018083428693362107,0.00017678406761128181,0.00019872571767662564,0.0003820122392064491,0.0003008210301827769,0.00023807447279041585,0.0002871952768280685,0.0005878028100562389
2021-02-09,-0.003293853106527373,0.004361512629285339,0.002288857562925519,0.014837506614192822,-0.010074556736330249,0.004419347528491979,-0.003855487444804808,0.004494038509328843,0.00015747244652036417,0.00013038877554389657,0.00019601915783740425,0.0003840779066485733,0.00021679805128559335,0.00022567375870927086,0.00020881762501345105,0.000490819403965846,0.00012875395369557483,0.0001327362094609647,0.0001884744117198723,0.0003561297202373739,0.0002345080635764172,0.0002125612810785978,0.0002105112479575542,0.000516704606171718
2021-02-10,-0.0034746273828563643,-0.003111306437196018,0.00470066977396296,-0.009069934212967659,0.012088093460845653,0.0108988774238423,0.005213668813911268,0.0028242006504005488,0.0001287785296243312,0.00015880181096075946,0.0001232754019351797,0.0004528694584486355,0.0002435126115563809,0.00016024101411214013,0.00023693332576663726,0.0004771051907859325,0.00012563636160652986,0.0001428483980822104,0.00011891084825246199,0.00044142636125860774,0.000250165871862064,0.00016072791468747354,0.0002893081461768426,0.00046784813146053873
2021-02-11,-0.004526607945958685,-0.003972138110944974,0.005372650699730523,-0.0021784162667210258,-5.710851628789085e-05,0.010812900794229828,-0.010941831468934318,-0.0030778806642904914,0.00015693492021240496,0.00016724814102183898,0.0001640415699172654,0.000383523309664314,0.00021267784239605069,0.00022914410224405301,0.0001440938812565739,0.0003898729541794886,0.00016469300137200997,0.0001680122917789523,0.00015078684686672215,0.0004065599693458994,0.0002082480104337432,0.00025614942680014395,0.00015394061437039872,0.0003604502124591972
2021-02-12,0.010161107090092743,0.01761859618811281,0.0019019713620189451,0.00753746610372016,0.019136522813478607,0.022584793561356363,0.020149755231338728,0.02541152489903185,9.744798529058227e-05,0.00013448064974722946,0.00013814753404489617,0.0002732185712587968,0.00022237313026895412,0.00017920429692547423,0.00018716805187785055,0.000351430721485134,9.241956336860166e-05,0.0001326945928316111,0.00011957360315438884,0.00026211855241166897,0.00022836512503970763,0.0001565169855034673,0.00018819977387087112,0.00034698314515421876
2021-02-15,-0.007179139384404082,0.017941681368743054,-0.019230882792471697,-0.008150956480861688,-0.0029427982700783,-0.012915385959459826,-0.005649274259093419,0.026250623740714137,9.873808711765169e-05,0.00013358967505545024,0.0001466120665908001,0.0003237125131684955,0.0002735120794479007,0.0002502772417027206,0.00022633491155332855,0.0004973469279832433,9.400172886794481e-05,0.00013350124759415135,0.00014033962548855888,0.00034218338861469004,0.0003137785966541779,0.00023353242655560478,0.00022903544851507024,0.0004394301072553332
2021-02-16,-0.010241601147240695,0.0011143783901893388,-0.002176466795011063,0.004157362909729858,0.0025059125328454846,-0.007536302376100263,-0.0020325538581425265,0.0006161711554919409,9.732988181966098e-05,0.00019251203493093988,0.00015102439481327865,0.0002410664066612514,0.0002328540488426002,0.00018369399599733603,0.00022947635117512595,0.0004224957788940943,0.00010350946756963502,0.00020951167643572943,0.0001507401778393878,0.00019482775460049026,0.0002591904964270025,0.0001600650201102407,0.0002586955269908623,0.00039511198511726014
2021-02-17,-0.0015214479443312373,-0.014768182141170937,-0.005999554184958718,-0.00045104523190951976,0.005139900443361039,-0.0005669848160423818,0.026787591381804803,-0.00830278962696355,0.00017872538706662126,0.00013603912497745966,0.00018649218365701108,0.00026515446218518723,0.00023051401948533557,0.0002056126132914021,0.0002052907777069888,0.0003107824662763153,0.0001776212345135502,0.00013053663925170327,0.00015994276487293218,0.0002618469596053508,0.0002520204342876129,0.0001640670691167163,0.00019673093038190275,0.0002971875948445789
2021-02-18,0.013766944883050856,0.0015115896143138422,0.016902467413999197,0.006132377809506927,-0.0018286078981673518,0.008126467409873613,0.01173141030611965,-0.002668301248069146,0.0001217563841461611,0.0001867069618427723,0.0001153465641983968,0.0002877429022531557,0.00019912374555157696,0.00017100944604117547,0.00023154388257584868,0.00036643709315477307,0.00012091455373652301,0.0001691078643555709,0.000111371539752515,0.0002772291003497452,0.00021415977570038547,0.00014607984939928623,0.00024303960296252674,0.0003622527758741207
2021-02-19,-0.010107938726919558,-0.002155890908750126,-0.020571682961046393,-0.0167936397674219,-0.010518331459812773,-0.026638516265703967,-0.000395593968989965,0.005951221658065935,0.00012975823702291283,0.00017838124370133556,0.0001508237761984721,0.00020652488783595482,0.0001594408731797593,0.0002469581545729877,0.0002265409227280803,0.0003306529088722158,0.00011054700486560778,0.0001767360759965723,0.0001504043233775273,0.0002158855617242209,0.00015804394885490694,0.00020421786730445633,0.00023544271466955808,0.00037206069668502235
2021-02-22,0.003985166800826107,0.008648869649359117,-0.0013533720987654021,0.0020093659825838064,0.00928582113510342,0.0037154222265686995,0.0006426413147177129,0.00013054034922539695,0.00017298517625012247,0.00015292596482388974,0.00015301399280821711,0.00016606036589334993,0.00016493641390684052,0.00021364227358009515,0.00018910169701743347,0.00037090388243823534,0.0001809866060436801,0.00014596902157779296,0.00013613070617100553,0.00015202248070411099,0.0001563879976605766,0.00018619871925021513,0.00020694088335155444,0.00036054287637475444
2021-02-23,0.013898734486823827,-0.002898935605299375,0.0003043276653866465,-0.03837591282843554,-0.04130970430012178,-0.02665193925350353,0.00022909892950838826,-0.01612718989388803,0.00012997540318348026,0.00014767479275326045,0.00019813378161776362,0.0002702696298240815,0.00020255003015347495,0.00016558273694758987,0.0001564255117222689,0.0004069569125314613,0.00013238504441587248,0.00015011206563311262,0.00018755018463734424,0.0002649444591177779,0.0001798180833656664,0.0001903274813128848,0.0001670515774604024,0.00041515197983938514
2021-02-24,0.011224347563438977,0.03235125904959566,-0.003902452030946627,0.041296326323109124,0.03408037165216917,0.027154964528092754,0.00347301500145824,0.03175438507907022,0.0001182597096954946,0.00012995158469907199,0.00017588288346835631,0.00036868803950977896,0.0002987877590657063,0.00033062739714413334,0.0002211508045172201,0.0003234023672810627,0.0001272921265004307,0.00013941701087831932,0.00017523105656473247,0.00033381090167503713,0.00030539870837607765,0.00031588863347447026,0.00023806338484597597,0.00033253298420073493
2021-02-25,0.00184520836108812,-0.0005324551493768156,0.004468809992327137,0.010901574071476194,0.007755482241107686,-0.003040018764762341,0.012447984448737948,0.005413169885811363,0.00016630071327241087,0.00022646363044210473,0.00013868307913805615,0.0003536217573494471,0.00023800880155174834,0.00028381943859032344,0.0001402489081233906,0.00041453880658886823,0.00018102487593446982,0.00023057622774476624,0.00012200493986406286,0.0003737080423184605,0.00021895946197425674,0.0002611913908541686,0.00014372374201393752,0.00042363927608273064
2021-02-26,0.0006514316129044473,-0.014531912868832673,0.0035263615696196674,-0.025006950886931875,-0.02634598884573217,0.003161884108557439,0.004448571757513549,-0.0034680769740734188,0.00015592539360718356,0.000129988188847954,0.00017092531968657031,0.00047816037696985284,0.00024916621842547263,0.00023870162503824283,0.00020268335506935965,0.00040267218335264846,0.00017133537058805094,0.00013345370240851843,0.00018003705964505658,0.00045910491068535,0.0002593626016008054,0.0002224072288139624,0.00020941124174791715,0.00040149569314782503
2021-03-01,-0.01985405035024855,-0.0024655774766984377,-0.005272979402876301,0.005005906358429885,0.00568853383207464,0.016854583305683596,-0.0016055860946563344,-0.0069210072835844735,0.00013545935954896663,0.00019023772678541663,0.0001761807447705866,0.0003596047955667287,0.00036180612581384106,0.0002638792932658517,0.00015523721253539542,0.00025465221862408765,0.00012839241737739497,0.00020059700666477618,0.00015448586751725814,0.00035271027595338227,0.0003128086664181729,0.000256301226393629,0.00015108201136577082,0.0002702177772256861
2021-03-02,-0.0043335672573058745,0.0003521135699105731,-0.004378111924627709,-0.010421821820795738,0.008742382132948848,8.948673866430285e-05,-0.004921679196903083,0.002871023266183832,0.00022255637967922328,0.00019737089711569663,0.0001947425015664415,0.0002872583853826536,0.0003386323502841412,0.0002606232249159316,0.00014620789260190244,0.0003812228434763462,0.00022788241663105753,0.0001975007169161436,0.00018984717469969694,0.00026920849055247294,0.0003774998945855026,0.00026161595153861405,0.0001389514262760512,0.00041229656001677973
2021-03-03,0.015477049842814778,0.016301590614026026,0.0008269121988951067,-0.008075579867473504,-0.00977651003245971,-0.004741229011843867,-0.011194066877908766,-0.007089313691390815,0.00017012272016819592,0.0002208153877709205,0.00017962313754097463,0.0004055950791516941,0.00033779369324501225,0.0002392258890047165,0.00015527937706353104,0.00027800668159337334,0.00016866270120525232,0.00022051935430661746,0.00018173974223090135,0.0004324511209076423,0.00036227954909008386,0.0002255337736329604,0.00013038977184769154,0.00026958677721884255
2021-03-04,0.010714737883732712,-0.014785513385654515,0.014419109708008877,-0.01717002113735619,-0.01254853932658025,-0.019077673900672377,-0.002250783999503637,-0.026613300022927295,0.00020367552154400382,0.00015628197420789887,0.00011105471700796491,0.0003654906487678313,0.0003429990300380516,0.00025209763917047404,0.00014887755177382493,0.00025778352499030067,0.0001896163009525934,0.00016490380451401,0.00010756731624895467,0.0003629004949593458,0.0003091616006934507,0.0002365649602711046,0.00014703026576119336,0.0002169274265092455
2021-03-05,0.010294663189867973,-0.012809177266457012,0.031088247114521045,0.00897774846059759,-0.015631830424165223,-0.002631469044827747,0.0041566510791436915,-0.008507260481715097,0.0001607645734085037,0.0001357622650897705,8.178905825207543e-05,0.00031186552695022427,0.00025145205752088605,0.0001697150159277142,0.00013420612571824804,0.0002553584904636049,0.00015286130950094767,0.00013660378798636754,8.253727486171133e-05,0.0002907407241997356,0.00023491373744909762,0.0001711728010228277,0.00010834762973769663,0.0002721068976176003
2021-03-08,0.005867019153833401,0.00668902477116073,-0.016069628120677613,-0.020862238969515768,-0.01602232358675347,-0.01879011079530033,-0.017328089447964913,-0.014981498265873236,0.0001445833571108731,0.00014436142845602174,0.00016517037406372224,0.000329042725523344,0.0002898176022892942,0.0002497002585755005,0.0001318932621893882,0.0002793466414913602,0.00012576428670018497,0.0001361825441412923,0.00018167658317096285,0.0003560526249354746,0.0002973106014130723,0.00024318612147372558,0.00013013157084720058,0.000282358634677643
2021-03-09,0.0036688495300270766,-0.0003615543541560105,-0.0010792499420668714,-0.0012712345060560092,0.0027078051352686537,0.0009215308593667502,0.004466564638416086,-0.000845608775239566,0.00013751755779157698,0.00014645639288305467,0.00020228814821247505,0.0002462780305183182,0.00037018101493128274,0.00021120675685855797,0.0001153361522294572,0.000232384015946802,0.0001317763391126219,0.00017216168734281005,0.00018677128192532783,0.00026626839633823806,0.00040464935194970005,0.00023010958020108744,0.00012551338539252015,0.00022797914303229476
2021-03-10,-0.01577074817730355,-0.0008242729166411369,0.003933147543662594,0.018129995830192046,-0.004985632481429139,-0.00707591082464643,-0.009927166828777517,-0.005707571512832504,0.00012298361725606677,0.0001383214189840233,0.00013872956293500526,0.0002829662538430645,0.00025119853153586865,0.00024659578272335066,0.00010770241276814377,0.0002510628601871566,0.0001382528541997622,0.00013466167071800048,0.0001381588981341438,0.0002713472158929637,0.000271392207707565,0.0002555441629162127,0.00011524780010250156,0.0002568233810261365
2021-03-11,-0.0068977325622390255,0.029593929588462325,-0.009558119778635646,0.03453223379616456,0.040119962836684495,0.01581962405053338,0.005965206790585736,0.02463458350996687,0.00020949086362179024,0.00018475485361496346,0.000238930032242929,0.00026598177897453623,0.00022918084426096498,0.00022468973947345643,0.00013520663828894982,0.0002860261439693477,0.00023030977169661513,0.00019616923246251161,0.0002172294406654803,0.0002476243747585809,0.00023680609175084224,0.00025279519196502205,0.0001296930878378764,0.0002744340441774476
2021-03-12,-0.001884754062292986,-0.005630326889074259,-0.0041629096145490855,-0.00930832419038422,-0.009485993507581022,6.296601646074414e-05,-0.0017365798130416958,-0.005783452351218961,0.0001390057387017406,0.0001765494351393907,0.0001538013079581379,0.00040628393926194715,0.0002468192117279303,0.00020987323591538872,0.00013868347675401868,0.0003103528963316525,0.00013906291502747777,0.00019838552175922538,0.0001553931781574826,0.0003701723088484267,0.0002303974897969989,0.00019913314604466997,0.00015654173636956922,0.00027164015668650646
2021-03-15,0.00043636170682359045,0.017139988016629464,0.0025515964511268314,0.01952698420644306,0.027614837236249967,0.006387536933640756,-0.010762912912885569,0.014804487245877095,0.00014553702754265704,0.0001974536111790035,0.00013651412432349894,0.00032087687236951814,0.00035833089010041397,0.0002001750606457647,0.0001646728539906384,0.00024095473416654089,0.00011390905754814493,0.0002069399052073414,0.0001330963360968391,0.0003267328515584773,0.00037180586574770953,0.00019677328008061728,0.00015106352239574981,0.0002111244486511004
2021-03-16,0.005057952423002282,0.011817488081385996,-0.0022887566660503528,-0.004166895561905041,-0.010301146698439676,-0.023816267553395255,-0.0045329490647083885,0.00241423931564714,0.00014386273592456619,0.00015356620470947157,0.00013236004109356587,0.0003225396436878346,0.0002856136505347357,0.00017965467882343953,0.00014750842298127018,0.00026129365239575944,0.00013943417989938583,0.00016678904160302642,0.00015051674510139801,0.00029804975434456234,0.0002763703735607558,0.0001789938190941266,0.00016330467652231201,0.00021973547126731132
2021-03-17,0.012890077061148572,0.006545470204036075,0.010257211508030056,0.02192560521739138,0.009429200489890774,0.004916479118200419,-0.003964326092535105,-0.0002921315967846088,0.0001246388421274122,0.00016206867802412114,0.00016431119967978388,0.00036119010031109266,0.0002819033981144958,0.00022031427422626617,0.00010883194167983512,0.00036214685281005184,0.00012976547325414331,0.00017361787272427936,0.00015719795710255864,0.00032867098683973627,0.0002677400317944246,0.00020485988694411562,0.00011413039733212339,0.0003709633451479864
2021-03-18,-0.011534610188649826,-0.014994276711210895,0.00495423002793898,-0.02083441686898171,-0.020295287509392124,-0.005637712342284643,-0.016352488245400768,-0.012575223985325183,0.00013789664085325732,0.0002028971959319796,0.00015777016554236942,0.0003658618023833039,0.00030964023218932785,0.0002312026022365312,9.501258749289016e-05,0.0002816270520722867,0.00012735242724138063,0.00019720205172292157,0.00014364595086289816,0.0003356906732800729,0.0003325773334816657,0.00020536045351381534,9.827537179787756e-05,0.0002905674129860919
2021-03-19,-0.008064736657419375,-0.006307426036374142,-0.012443008058743276,0.0029676966086599702,0.010205288171643232,-0.003385271680150422,0.010239694520501748,0.008755410053998531,0.00011553357448189208,0.0001980912435835986,0.00011088122121768253,0.0002922534466816121,0.000295852651688566,0.00013750821172978445,0.00012058650522474256,0.000262868450442088,8.600968992822596e-05,0.00018883165239937523,9.490174415091301e-05,0.00031206187832653144,0.0002558146193427221,0.00014494628324083413,0.00011049605294803782,0.0002652488326254528
2021-03-22,0.002205859412883686,0.0028442150898443444,0.00524600732984033,0.0022567091651497333,0.0007213952689879297,0.0013172558278585016,-0.011941945650160183,-0.01794791472028882,0.0001341771025162692,0.00019988514814354595,0.00012321017161250178,0.0003216475551372584,0.00031518303233072086,0.00019052572621138758,0.00014418125673538226,0.0002756036490089515,0.00013754948781003574,0.0002054167707998819,0.00012223411738788292,0.00030248736584693385,0.0002707326432218313,0.00018747911431150804,0.00013967590109360858,0.00024142894880913073
2021-03-23,0.009874887948588436,0.017723620422556884,0.018191580695968903,0.029445849552071666,0.03482821247809766,0.031285727729344445,-0.008782311818447824,0.01786509329138613,0.00016326579381192535,0.00018931542352711056,0.00019772925278087572,0.0002902144417732655,0.0002930339549732424,0.00022699037686666645,0.000123484390003395,0.00028107095432427544,0.00015148471611204812,0.00017539029180773166,0.00020807044126387885,0.0002984587099090434,0.00028050398598393006,0.00020490131559755163,0.00014198321795460227,0.0002738058631770271
2021-03-24,-0.00037529547547806826,0.007599344789236067,-0.014096887561288511,-0.027172742424989918,-0.012841274441044152,-0.017457401465288708,-0.006532840346715407,0.00026256052611392625,0.00012125079475460901,0.00016588105925867245,0.00017347711335580487,0.000362451999580475,0.0003716790862003067,0.0002798199195505321,0.00011169780462305923,0.000301915686581381,0.0001086101916254632,0.00014625901385351996,0.00015599586185845564,0.0003090928444578939,0.00042150452289043685,0.00029319748303789834,0.00011116879902562129,0.0002763226105339017
2021-03-25,0.013646017137495255,0.0001955693131170971,0.011579141192469571,0.003451486163368617,0.013656284352318769,0.019262077447475354,0.010108506428331174,0.003580760513515466,0.00014135881972430394,0.0001685865831243501,0.00014320662261461457,0.00035763876399567734,0.0002977510511865084,0.00032305636584338706,0.0001442829713290879,0.00021831763882709215,0.00010286422452666811,0.00019257440022646887,0.00012376125036324783,0.00038803117878815393,0.0003307201998279125,0.0003184499442117378,0.00014450613623383015,0.00021098782025003103
2021-03-26,0.01240481487320582,0.00865604746032185,-0.0036066693695376555,0.012011231139879577,0.012937459263923985,-0.006033800664402569,0.009615895951562628,-0.003004622640351881,0.0001410516549363635,0.00017506209930522816,0.00014663606869682412,0.00028989165413082586,0.0002893108326001816,0.000263797133065936,0.00010617153182609848,0.0001801481497679981,0.00013056855967016735,0.00016203682449655754,0.0001486348509146715,0.0002777421383113028,0.00027118118352873274,0.00024978597579323965,0.00010772492607797162,0.00018338228141462584
2021-03-29,-0.011698862309740347,-0.002778184657414718,-0.016092036743852213,-0.01790709902634063,-0.0067720416192873605,0.001397478662868097,-0.004823202058319157,-0.002734611056198061,0.00016230389667414526,0.0001985486112113052,0.00017646329213111286,0.00024363639235341631,0.0002907950106197307,0.00027372982361978436,0.00011844270156976916,0.0002773465137721194,0.00015544140754400004,0.00019133347217343936,0.00018601748469054924,0.00022706388606079958,0.00025177237467274236,0.0002710537932080026,0.00012707764339977916,0.00027667905661104387
2021-03-30,-0.010702044038386318,0.008365998554204982,-0.023879529967317577,-0.018152070396025437,-0.022778554477233117,-0.015087709029980035,0.009028288134377237,0.010229321432994742,0.00011974024108840408,0.00018165766571078869,0.00016896984801443964,0.00026589315259269115,0.0003340123312494917,0.00028190630162537133,0.0001137861243577934,0.00022866662860924705,0.00013718498555481383,0.0001550073479084723,0.00016256888655158663,0.00026296169950888,0.0003354848865158441,0.00023685941263687976,0.00010845968285222705,0.00025185988806243257
2021-03-31,0.008161616681976186,0.01968574757784408,0.0022183807353223133,-0.0002948037073335867,0.01633458155804747,0.020516775313170196,-0.0032433344276572877,0.009717799582840856,0.00014654620537138928,0.00017846809809321388,0.00018338304387149716,0.000370017732204764,0.0003120124598849046,0.00018473835214215126,0.00013601190929710415,0.0001781197499613435,0.00016227985056956238,0.00014171401571860484,0.00017951976628150515,0.00030694087153336204,0.0003009048970825457,0.0001741763852160273,0.0001333956703508967,0.00015467493134831457
2021-04-01,0.005675779834272737,-0.002132135525481093,0.010451671040724501,-0.004700602328782001,-0.01573976061672493,-0.0051480989439764155,-0.012839135455316964,-0.01593753449379116,0.0001822483700669438,0.00013765760214197077,0.00016118113427044707,0.00022078486808688763,0.0003207467433223175,0.0002716945127254126,0.00015319881951100526,0.00014167419720171906,0.0001409344199192975,0.00015089470768423928,0.00015544883309735508,0.00019328461242674094,0.0003309957280722868,0.00022466060745537128,0.0001456020181853847,0.00014677708410482107
2021-04-02,-0.001081999464206325,0.013332212003219893,0.004183553892852392,0.024683453405494483,0.015136933826116953,0.005645719799201016,-0.0014043259092493526,0.018723520268265386,0.00010444804999199458,0.0001712024819736825,0.00013946026962682474,0.0002666098677344129,0.00036395680687146653,0.00023236488487282506,8.345499253010066e-05,0.00016452288482470326,8.897279130761892e-05,0.00018395040528209534,0.00013229118562242394,0.0002477055225931907,0.00039304068275856636,0.0002102562321505059,9.037235956419215e-05,0.00016527234234537313
2021-04-05,-0.00560208521129531,-0.016778859612304735,-0.004351187225654903,-0.02261461233514471,-0.012236698562979483,-0.014292608237485937,-0.005771634195930911,-0.02078983459460687,0.00011282363902353721,0.00016524258295129955,0.00023323153137830714,0.00025558596446900896,0.00032778407752097273,0.00022757721315894982,0.00015040044506535485,0.0002179924585023185,9.861449721097007e-05,0.00015174012967432679,0.00022521037292191616,0.00024324730841686202,0.00033145923581018126,0.0002374789865771971,0.0001761993293437394,0.0002036070475638495
2021-04-06,-0.0035394684481045917,-0.004216156000076964,0.008221866405977746,-0.012572307072024511,-0.0015786269034823656,0.00118430719779631,0.004136294791043995,0.009466621314973094,0.00012609225957098025,0.00014274670250389072,0.00014099358118473503,0.00027170310229989575,0.00038123866132402625,0.0002031347419837034,0.00012173155455978678,0.00020493624911545905,0.0001296979866719728,0.0001435909218701442,0.00016194296071750407,0.0002755496232824549,0.0003825111738342656,0.0001970781899704868,0.00014237750400653343,0.00022161229857024586
2021-04-07,-0.007336865712880721,0.007923722293097873,-0.0023135602736414325,0.014053095612023375,0.01996485240566069,0.015987645527005167,-0.005511155214231412,0.019395210651932934,0.00011343199330251377,0.00018698325698018005,0.0001492929473961719,0.00033679215514138627,0.0002880403742141386,0.0002645994435454548,8.896622639667004e-05,0.00019216890727137434,9.297310237374841e-05,0.00020119634370141255,0.0001477283005027534,0.00031308924572404746,0.0003298842082516669,0.0002868226550514199,0.00010122091583544352,0.00018183134563603436
2021-04-08,-0.006806183309113804,-0.000711259162705593,0.0004437755307733356,0.005986689140446971,0.0032407428355275625,0.0012239198774422447,-0.005024614289128097,0.0020711503039593576,0.00012329226771908832,0.00012998459319111123,0.00014552209708154306,0.00032492630937221563,0.0003377446024787044,0.0002846920774430235,0.00010201419891849836,0.00020158252426180138,0.000129693164151376,0.0001380225284301228,0.0001326489655181063,0.00036744807923521467,0.00029045101043630503,0.0003045464697324502,0.0001012070314168932,0.00020703813638155678
2021-04-09,-0.011035043067342156,-0.017228428387288056,-0.020877349269536848,-0.029234574360106996,-0.010343585612618753,-0.009046934110780487,0.004838528649703538,-0.024312126433841997,0.00011997180094115175,0.0001439107655967786,0.00013925592735730065,0.0002574420818424614,0.00030161692914320296,0.00019376592679943688,9.435588624750709e-05,0.00017669006270682524,0.00012129737555483567,0.00014221333155822193,0.0001194488851191914,0.0002367987534955521,0.00030720987471738426,0.00018616783439604767,0.00010308996649106611,0.00015266449574578462
2021-04-12,0.027289163137934117,0.018867344426011345,0.02594511573422829,0.00913544437746434,-0.008327451730971411,0.0029537141968902767,0.007299729863694672,0.023173397099101718,0.00011443594355422676,0.00015349202635147702,0.00019623458376080463,0.0003035869871277728,0.0002885040400618153,0.00020147418366448408,8.813285541557285e-05,0.00024637027078917156,0.0001135935465342202,0.0001630601241825588,0.00020669733908248853,0.0003281561775230531,0.00029688004589300453,0.00021265990215156314,8.183531592848977e-05,0.00023848019982185948
2021-04-13,0.004291842246293446,0.00339724963916764,-0.0035569991711539182,-0.014393347570737701,-0.0055119377668800705,0.0017538331692688413,0.001415968260342113,-0.011874451748127946,0.00017142465022053997,0.00016830656910017216,0.00020402074059131507,0.0003024082064119435,0.0003107822617437934,0.000215957738482288,8.858649068083264e-05,0.0003095115152994901,0.00014931225082575125,0.000171311310277232,0.0002083566642176743,0.0002755544656730605,0.0003316409184408771,0.00022005982728142925,8.327227005195379e-05,0.000336438679415738
2021-04-14,0.00598099615841124,0.013174120182738272,0.006635179928817419,0.005469365839003653,0.01656338702087693,0.009294120122753985,-0.00024735753012945354,0.01421552990108161,0.00018441076956055076,0.00013979352345068312,0.00018598929828158664,0.00024421492460687606,0.00019050085977924655,0.00018528187722623558,0.000108292848758473,0.00021644859350757392,0.00019328109852462892,0.0001556940935256957,0.0001762224444209381,0.0002643078219747805,0.00016571695811660534,0.00018847325278854678,0.00010423964071307594,0.00018605780871907855
2021-04-15,0.003704915312194275,-0.008630356172725695,0.017170679074970968,0.017377866581028512,0.002086088800666591,0.001465212069903534,-0.0013130691897583256,-0.006354897879940919,0.00014772858205573544,0.00013169035238365514,0.00016707385218142238,0.00023585196179923328,0.0003744083676264933,0.0001478282258841919,9.452978332460859e-05,0.0002470327559402884,0.0001649797869892393,0.0001354718661838271,0.00018511252812880403,0.00021930848900654975,0.00037007321182251987,0.0001565730331609659,9.8470088448054e-05,0.0002249555790746759
2021-04-16,0.009795839721253956,0.008168072430996296,-0.006282784514839517,2.5676878670931184e-05,0.02258227608448133,0.030758766385335028,0.00047114279674707746,0.006145877278956945,0.00017161993134297282,0.00011239037820151042,0.00018262345366452048,0.00025303315913602586,0.00021368675398642482,0.00015072568509387783,9.10557071966036e-05,0.00018816024197070063,0.00015772842132184128,0.00012869509849381056,0.00019040650872553013,0.0002729641560763978,0.00021725684899868086,0.0001357677009479813,8.050362555567501e-05,0.00016179216354163047
2021-04-19,0.019058416706019158,-0.006618842132692601,0.0025131549893837525,-0.026736777976854646,-0.02417287082580236,-0.0021350684313266627,-0.012166922622191571,-0.01900179925474039,0.0001487113758706545,0.00014028468645116884,0.0001541625751263737,0.00024299277030427824,0.0002690120606425823,0.00022013091615933863,8.126626364866078e-05,0.00020980102508904666,0.00016062049598649308,0.0001486434949457016,0.00011716614603774633,0.00025353660500320043,0.0002889221383255666,0.0002404010352885282,8.392273321730137e-05,0.00021108916246773547
2021-04-20,0.035805123916417485,0.016168255429692725,0.024453629402154033,0.013205934154831737,0.010185082994873598,0.020501571301792258,0.002424310258348837,0.00827962279568671,0.00018652182563211282,0.00017432698510601636,0.0001554455976339801,0.0003179103883023797,0.0002506415939623978,0.00015997355097437118,0.00011668818933572275,0.0002467497218182886,0.0001979195148242328,0.00018118908192642254,0.00015373867549821663,0.0003342617760587351,0.00022834182767376526,0.00014242382248762228,0.0001069422678937146,0.0002477180809379813
2021-04-21,-0.008742265400786924,-0.0023028269208840413,-0.008934138971686182,0.005302514281369573,-0.002143691254330029,-0.006961257074765931,-0.001965243911107188,-0.0049400249141028935,0.0002671766282762494,0.0001647036495677497,0.00020432945920954875,0.00024032359903105552,0.000274473317294517,0.00022026658516275,7.741342390357164e-05,0.00023287195675060558,0.0002420515743832208,0.00016766088320799765,0.00020088856627793798,0.00023161406106053997,0.0003025759736314077,0.00021757124475553277,7.453775820146168e-05,0.0002565905678754072
2021-04-22,-0.008247563037291065,-0.0007536433073723886,-0.010171113945045515,-0.0066883646720145035,-0.006671023070476392,-0.0021570305270590196,-0.008483229839108099,-0.0021743456902786817,0.00022010094954244598,0.00015588198623334786,0.0002036076595036188,0.00026111624817131416,0.00021508819458794146,0.00019684389643379686,6.149239603462422e-05,0.00016684950826462893,0.00020634685874739532,0.00014352114412003865,0.00021175643979604267,0.00028256126066807287,0.00021583612645188302,0.00016829860030571702,5.854487880108104e-05,0.00014588292023782126
2021-04-23,0.014759867220924925,-0.0007096473649068089,0.005560456640031048,-0.024443532487554945,-0.01213069916726073,-0.008679235942380929,0.00025071785515103496,-0.014687496794263868,0.00024803440224778993,0.00012013408352046943,0.0001695174169275682,0.0002443564259250655,0.0002196703338554343,0.00019285550299042703,7.548205884074392e-05,0.00016456448092784151,0.00025875953321253544,0.00013109531272368334,0.000166247607960838,0.0002179970483997963,0.0002484648363180791,0.00016704969078724455,8.743156625896955e-05,0.0001456429945871052
2021-04-26,-0.0053773561697823685,0.003220509296162321,-0.01253929502470502,-0.02106015183102299,-0.040805241928809056,-0.005628448984693777,-0.007593480595820945,-0.009101968387104331,0.00021380802371135995,0.00011902597923648287,0.0001923628656623018,0.0002819128710256124,0.00016593361217355523,0.00017760691847830507,7.986319605442095e-05,0.0001412524764822409,0.00018932249908396755,0.00012765061028652,0.00019087977734345875,0.00028845583235282443,0.0001423572744667799,0.0001796522151155081,6.930171752843639e-05,0.00011639807425250015
2021-04-27,0.009242381157230306,0.005465937210857218,0.003672629344772103,0.011108635772409933,0.010932667896258316,0.007275734162395738,0.003833738826090707,0.008791478916900651,0.00029071571551006134,0.00011734849057708101,0.00018168268453551062,0.00020477116659885322,0.0002943379492999457,0.0001383344809704501,8.971640313490848e-05,0.00019920268779073243,0.00034043511165295906,0.00011227405696973073,0.00018914399538005013,0.00016668359606689104,0.00028777698654439317,0.00014873879443556425,8.692769905829045e-05,0.0001824753592847441
2021-04-28,0.013519517017862165,0.005965918907041849,0.009502820918016044,-0.005079432885733855,-0.02022260315611609,0.00393652004167872,-0.008219078038942892,-0.00489080288871957,0.0001946287867508917,0.00013725337290421553,0.00020269159408127315,0.0003068887897802628,0.00023860482134352713,0.00016737848316268427,5.880775117472985e-05,0.0001883417912431061,0.00018071801600149788,0.00012681261092240193,0.00023515363555117027,0.00033212312387242434,0.0002510243652703834,0.00015009199748420188,5.541537894672619e-05,0.00016338626657167658
2021-04-29,0.0015836907149300574,0.0015780019299704432,0.01587024945865758,0.024881515472567214,-0.0061008575106868985,-0.018725003749315888,-0.012498697594342353,-0.0011889613047817863,0.00022832633322106906,0.00010729086359856054,0.00017444183773939983,0.0002525415740575145,0.0002860318551066248,0.00017047359208619085,8.339180307079423e-05,0.00023799344732204264,0.00019434652396071254,0.00011715820979621003,0.0001870721893189236,0.0002344688192552351,0.00027899865274339853,0.000154066502245056,8.290595151283567e-05,0.00020112573651319068
2021-04-30,-0.008166644414131778,-0.004643082800812052,-0.013668627060577195,-0.014604856311365672,0.003929194470567246,0.021139277576537812,0.00859933512476346,0.01617429912707189,0.0002031807532770761,0.00010273391713248724,0.00017385366801532883,0.00022049031822727772,0.00036109082476060167,0.00016886243248280945,0.00012247231470468754,0.00017755190841844365,0.00019574027655822003,9.390975793612952e-05,0.0001720216028715684,0.00022366339949819906,0.00037957564387410757,0.00017430449110556734,0.00013292294409466304,0.00014954151470517285
2021-05-03,0.005186536880813118,0.003226691668558815,-0.005127382990588301,-0.013867976418126166,-0.00633959188889634,0.03180127045386283,0.018894708364204173,0.005492663289993074,0.00021235380801766588,0.00011540384470400377,0.00021588079824267126,0.0002511491354864115,0.00028996768406936455,0.00018293170468764109,8.160703427735468e-05,0.0001436812925973222,0.0002266241745200036,0.00011685730159188579,0.00017428751308431724,0.0002685026314861294,0.0003059081308110631,0.00018109379478316713,7.98760780284834e-05,0.00011571579270767962
2021-05-04,-0.014759638312906904,-0.008529027176133111,-0.008915706775071683,0.0036792613705464985,0.017112331955861194,-0.004630545122025387,-0.014641278206978919,-0.009613299660045427,0.0001706238111683971,0.00012160004806430106,0.00017928419037789784,0.0002788887714472718,0.000314454545799125,0.0002582620237068498,9.263808502460024e-05,0.00016328453977588697,0.00016879084073129138,0.0001253313894263697,0.0001946088464243557,0.00026792151703134386,0.0002870249573461838,0.0002556891873518752,9.706805562876662e-05,0.00016730146166122356
2021-05-05,0.02175132270907651,0.020361995273428194,0.0017421531977369993,0.015241269321772676,0.0038895595332638765,0.023803877894946788,0.010167784016293485,0.008948894762347337,0.00014468067022666454,0.0001011625885603998,0.00015731022416827828,0.00018023315881821817,0.00024516939912650224,0.00018557003780405513,0.00011558288195941355,0.0001942586575244625,0.000151556315738639,9.256832844102274e-05,0.00016092617428929565,0.00018164311561382352,0.00022179905982707668,0.0001951745609346816,0.00011882242311466865,0.00019314362281863825
2021-05-06,0.027042566203467833,0.012712837517030036,0.022405952143722003,0.013380072182852063,-0.006992371907245852,0.01633536004475771,-0.0036412135876406305,0.003647741465253548,0.00017279292553828112,0.00015225921003465557,0.00014069690932906728,0.00020427459454301825,0.0002601755079910115,0.00026337626145015613,0.00015338927911169633,0.0001522150073835635,0.0001900178617852737,0.0001630206020356375,0.00015400395934009372,0.00022461490175889145,0.00023782891779839624,0.0002563735419898669,0.0001563350645055103,0.00014202941301683116
2021-05-07,0.0048138094784172004,-0.001836389869333592,0.013014243801221454,-0.021189079805753606,-0.002136463060250296,-0.02405639072786871,-0.0019077335814661677,-0.009614289985560766,0.00024357548224260956,0.00012979674864213608,0.00012170349404755186,0.0002575017740533013,0.00024702852332647053,0.0002992919985377927,0.00012154360804292906,0.0001850896535777716,0.00022826489586185602,0.00011101984064469597,0.00011144381721579941,0.0002526418372368446,0.00026114498525222897,0.0002606079862467441,0.00011513362230052166,0.00016437643439320203
2021-05-10,0.01150926889739762,0.012829211985337641,0.0042754714642945085,0.012481087974206283,-1.9907465970114542e-05,0.010657781914024566,-0.0067759910130673956,0.007164177961187207,0.00028160864795074246,0.00015686380885238224,0.00018960287200601387,0.00026704483502584526,0.00023543018469562773,0.0002927604778188004,6.368230605073463e-05,0.00012229799934064504,0.0002942866521416921,0.0001561483906179546,0.00020756816661266416,0.00022606157290341845,0.00021603725388465958,0.00026705522385881233,5.9770442745284464e-05,0.00013490112787001217
2021-05-11,-0.0076955972842806235,-0.0048864482592373085,-0.0069812173134855115,-0.022333890376801706,-0.005885672286828903,0.00564717884311203,0.005201579086801489,-0.0006153961289031508,0.0002482045761811471,7.413037701446714e-05,0.00014508208252538116,0.0002863146531764293,0.00024333186790837064,0.00023898801182396356,0.00013934916343900737,0.00013948008035622164,0.00025511640615516647,8.715236646633741e-05,0.00013362813753056566,0.00023211261081342564,0.00023484432953890506,0.00020351926212266406,0.0001409196985120662,0.0001375289203572185
2021-05-12,0.001051679973904822,-0.0007519080333644977,0.008753700474594424,0.007149743969465859,0.02595783318057251,0.00947939161712987,-0.007058068496391976,-0.005594443237854949,0.00021190832375596794,0.00011437471759127919,0.00016799309072118454,0.00025801772447887195,0.00022250574755221586,0.00026243074386899366,0.00011287341220687195,0.00014769915868490744,0.00015978249080336813,0.00012784078369415053,0.00011193791068946349,0.00026807552871090936,0.00023538150607797808,0.00025523188753701477,0.00012662174684437486,0.00014372329888573892
2021-05-13,0.01597347905151994,0.015494090877382228,0.001464896617215701,0.013233907049259506,0.02931056607420074,-0.025361167705227023,-0.014598018885458346,-0.0018806868175648994,0.00014943658946992055,9.114099322028434e-05,0.00017446983106848498,0.00026320369362225083,0.000266326187227855,0.00022221263654301058,9.041740515531713e-05,0.0001863040244951206,0.0001366459872234193,0.00010329460016563956,0.00016733552445628305,0.00025405884174194745,0.00027760970911089896,0.00020647306311488285,8.788893307498614e-05,0.00021093298579630227
2021-05-14,0.013873938366766174,0.011793173302469841,0.004570376448247509,-0.006311665913079319,0.004885746145132466,0.04187071863576023,0.018659486710839116,0.015366556146565132,0.0001984291893166387,0.00014397920474979817,0.00013609654005901896,0.0002852075055781818,0.00018769702901233736,0.00031769753101203353,0.0001223718223915016,0.00012371445999692608,0.0002076896051600334,0.0001385683930968959,0.00013515063216098437,0.0002817481171551617,0.00020056734941837912,0.0003176782942900564,0.00010252235613146254,0.0001297077271911832
2021-05-17,0.008417590902405086,0.011037382695941428,0.020576586548472865,0.0332028566190083,-0.0024795709082378664,0.06059873391614907,0.01785238358645885,0.022161337118781276,0.000274561394912079,0.0001265562416693049,0.0001531375103043228,0.00028547135824399066,0.00027541630710740586,0.0005102093905952204,0.00018471192695508322,0.00017008167362297144,0.00026704439701637195,0.00011780639011352691,0.00014992959244090212,0.00029851576912462896,0.0002999407671686911,0.0004945060141411569,0.0001916874635551059,0.00015130020878479836
2021-05-18,0.001190827948710255,0.018267448770196835,0.0029154965409565895,0.016015303326338052,0.025811431263485812,0.05352195521657501,0.022781761606537082,0.028631898756536562,0.00024322213266666555,0.00015055420365402947,0.00017249359047102517,0.0002601136948158182,0.0002461469718360843,0.0006060999855811198,0.00014536874136306753,0.00019420759506851842,0.00021964352744366405,0.00014040627078773315,0.00018684868857526054,0.00027831330929413054,0.00023574760289776014,0.0006868679165293941,0.00013184422656696606,0.00017328225775168645
2021-05-19,-0.012104899541858546,-0.0200992203573029,-0.004637922161090587,-0.019356314404029188,-0.012013327485715507,-0.018695034428222474,-0.027059560394227754,-0.03106325941083377,0.00019708245526683392,0.00011952589219913207,0.0001218350991154508,0.00029452475993791723,0.0003117600796918702,0.0008486231587747343,0.0002237411819526452,0.0002602039468392867,0.00019584297567853896,0.00012830615671075002,0.0001176109435131138,0.0002847006211260808,0.00023925037501567903,0.0008903645073907484,0.00020888441046232236,0.00023169061208390353
2021-05-20,0.003554734627699598,0.0011275784497823723,0.0002439145535218641,0.002135201350510918,0.004509716949971722,0.012181969639050178,0.014970061024607193,0.013587683201848914,0.00016422966205631795,0.00015948662550914215,0.00011718333126286643,0.00036083886547142883,0.0002484477237933898,0.0007858234489796636,0.00022646218216373627,0.0001571262386300826,0.00015694962013491302,0.00015176072378789217,0.00012889015206118216,0.0003390438982076974,0.00024430790637074205,0.0008072196995832532,0.00021002944239140837,0.00013561571131876404
2021-05-21,0.0229053408099682,-0.0011416068254210727,0.01313398992555586,-0.005023527581891006,0.008096724557684058,-0.010517503752211102,-0.042031842373884104,-0.03138941360212732,0.00019874664039362398,0.00012007006671436592,0.0001452687076185041,0.00030808237503874127,0.0002839707019985852,0.0008117739753139462,0.0002448370862772821,0.0002640429883225057,0.00020885291388331618,0.0001109785188363128,0.00013666938800404308,0.00032461134319696356,0.0002619496034359167,0.000841027081530584,0.0002470575562499838,0.0002841198850508587
2021-05-24,-0.04493680652591016,-0.03276147381265577,-0.02700295987254083,-0.01579312667387336,-0.014915108679079844,0.009734871041689434,-0.022010699548851057,-0.03865603787742181,0.0002566934674645244,0.00013708925333502517,0.00011162325548204168,0.00017643203157446304,0.0002927520141146282,0.0007116059031369562,0.00035396366056066373,0.00028333611871749756,0.0002225901305087334,0.00013722333964471717,0.00010583610727171908,0.00017481503628123766,0.00028174984495249624,0.0007501016508022439,0.0003638464191508675,0.00028718796129876016
2021-05-25,0.019565764672690524,0.010110803916050373,-0.0010224568364999844,-0.010185352845731384,0.007511351820267053,0.0026619073741512,0.0176524499045207,0.00929571927766298,0.0003380392266992429,0.00017075196631774768,0.0001409220799816424,0.0002218584955506586,0.0001951848855119921,0.0005653995207800985,0.0002797068549758939,0.00036534872057617494,0.00035167343211164735,0.0001841363401692601,0.00012222551177776676,0.00017957026625674757,0.00020452630954472965,0.0005866354900781295,0.00023211692006916456,0.0003418429680739037
2021-05-26,-0.018966334884606688,-0.019560816788082858,-0.0033150631481149296,-0.014551626840108538,-0.0046411569190237135,0.019816805143305187,0.015021700658971881,-0.005868480089454682,0.00038169163535241416,0.00020208165262417278,0.00017628437256559688,0.00021388285412243604,0.00020431525201519576,0.00044988381413575836,0.00038551672617068085,0.00031497899800476487,0.0003872738779375585,0.00020300400640412255,0.00015191704999538387,0.00019922281925640803,0.0001956345073118821,0.0004849100648191698,0.0003711389857651266,0.0003203180128218193
2021-05-27,-0.003108192561033604,-0.00748992464855064,0.005000364743457109,0.0019092657962398569,-0.000765609085912444,-0.01828539118538644,0.017291374663009694,0.0005874420596716376,0.0004316573699069981,0.0001413318133779399,0.00015059528112125312,0.000249289582397973,0.0003079641666076087,0.0005569769836817951,0.00033207257473549193,0.00032741317267815425,0.00045444038415592904,0.00014046137637812876,0.0001438071516673986,0.00021262538802863917,0.00030226771047389705,0.0005462483210989613,0.00034421478599473037,0.0003562730475647032
2021-05-28,0.005136416371029722,-0.003201531638115349,0.004423995763773034,0.0049754491176262445,-0.0031264443524605815,0.001972633945267602,-0.02091948703522153,-0.022336052757266064,0.0003652746369239607,0.00012836899780810216,0.00012968786032391036,0.00027063659271982807,0.00015296897483430653,0.0005935451123067613,0.0004056831783008242,0.0002632838967631545,0.00036926869734567016,0.00012371496013226555,0.00012154137702932906,0.00024961087588321534,0.00015054582109905987,0.000654545945142384,0.0003989488512199049,0.00026748898738956114
2021-05-31,-0.01647575798920077,-0.003513612904607207,0.00020439003025912337,0.001056478440070687,-0.009946390449864343,-0.024864740080133042,5.8005359951644796e-05,0.014042072011614719,0.00028092953154089276,0.00013395320603786678,0.00015671065220563792,0.00017431484464645265,0.00023081239581013746,0.0005376997055081803,0.00032872523468348096,0.00030064220965634594,0.0002486939182883444,0.000140328262892564,0.0001606619878052255,0.00019516482211885187,0.00023539706986299043,0.0005315741860601872,0.0003094502480403845,0.00028885933759562656
2021-06-01,0.004742337761477696,0.0011279145294065271,-0.0005812284297022621,-0.0032866951687566294,4.9391691295868506e-05,-0.007216448790937651,0.005603121059352445,-0.006761557458229544,0.00032949421684988007,0.00022315902965029403,0.00015204586648119063,0.0002086778024503355,0.00022045885916528588,0.0004508981369388869,0.0003450156157149472,0.0002908387409657956,0.00034739705615063215,0.0001815662094965294,0.00014000229422121336,0.00021810486882333768,0.000223435932436979,0.00039946354412054454,0.00036100939794353915,0.00027474505871079367
2021-06-02,-0.013443137860800347,0.0007052185536668065,-0.00441116712901457,0.008916310488578518,0.01703618077640817,0.036065618118497025,0.027917894370023864,0.022994346857255616,0.00036029198825618944,0.0001458587399339061,0.00016251699779202243,0.00016658807387554423,0.00021078435379928576,0.0005065727843949102,0.0003810669126897465,0.00029586218160885164,0.0003868119378924877,0.00013567976982813729,0.0001662725409884818,0.00018217121375535992,0.0002091737287899342,0.000455899812238488,0.0003645707821777141,0.0002630373461171186
2021-06-03,-0.029266758223204216,-0.013716628845732047,-0.014629180968855354,0.0005308075937179592,-5.83668254416172e-05,0.018638704130184685,0.0010674755530553374,-0.005839741055427479,0.00026034910504497055,0.0002288113038097267,0.0001150328115121545,0.00016360277623666592,0.00023168271791912945,0.0006751490148409126,0.00035294120184783495,0.00029811337448970403,0.0002197225470303006,0.00019961062254078007,0.0001265176707697433,0.00016371098549294895,0.00024308111185887836,0.0007230954633547635,0.00028966768219829315,0.0002993203860010856
2021-06-04,-0.020862063704029377,-0.006589927207001905,-0.0020039834436514537,-0.005579591766264334,-0.0011141967701085176,0.02891522992044908,0.008625962771868403,0.003164794007212284,0.00040944492851451177,0.00014524572004706755,0.0001350088194872287,0.00015063882224630574,0.00017747345573573885,0.0004574216662782222,0.00024663049620091327,0.0002933586157722913,0.0003942151216938483,0.00013493922953016483,0.00012307982885603484,0.0001355740012107116,0.00018647919698367224,0.0003772849807225825,0.00027612172161415525,0.0002869394748011335
2021-06-07,-0.01663176946747864,-0.0066225272627317335,-0.005924241199542346,-0.0048881298698977395,0.002296357200832518,-0.002712308545452884,-0.0008059790573102361,-0.0029250568569571794,0.00034344450879248345,0.0001968321168549344,0.00014072438546696851,0.00016049612441317048,0.00023327746465334214,0.0006420126132625499,0.00031960953128703406,0.00022417585186642016,0.000324595239987641,0.00019021943559132981,0.00015104896261006185,0.00014968899712215381,0.0002480044955745489,0.0006604583298487437,0.00023700172990105152,0.00022133466970496591
2021-06-08,-0.006827198291690257,0.0031142615126511816,-0.0034659843905311405,0.0032719545361088818,0.00015298314035166606,0.00938984053767505,0.019529136973191055,0.01881533080630001,0.00039928177112099375,0.0001780658916377693,0.00013958553062118595,0.00021698872566771826,0.00017604504130607466,0.0005582036480900241,0.0002404136018107608,0.00026040660225533705,0.0003359002334626975,0.00016084261512506177,0.00013895121233648033,0.0002054127384063609,0.00020178614126405213,0.0005643518803519312,0.00018906887595026856,0.0002489487790889182
2021-06-09,-0.03465193975762582,-0.01283996604543367,-0.02545913797066323,-0.010411317096162692,-0.008156186448115567,-0.013696348134996551,0.00630302352823427,0.008689183317111198,0.0003494468132426952,0.00012629300597627552,9.99161788034913e-05,0.00020268059726801584,0.0001640874103557359,0.00032405291116013277,0.00031186129216646753,0.00020403702932727077,0.00032211621239289245,0.00012357901379048947,9.687135812759945e-05,0.0002220123075505684,0.00017018331104519372,0.0003147488218393809,0.0002796451312043129,0.00020474446367386412
2021-06-10,0.003730089285042837,0.0002475770947289516,0.002554201242176078,-0.0009371439575788432,-0.005170199021682686,-0.017564470739084792,-0.005911319019698757,-0.004655280069347887,0.0005624519707788919,0.00015122127432482313,0.00019543121915435103,0.0001438080894604517,0.0001346292538831953,0.00041905400986432304,0.00023676795722306208,0.0003040514246035109,0.0006275113933309908,0.00014982691532010626,0.00019834045273015876,0.0001569281095132317,0.00012937070076776,0.00031600616027008775,0.00021882540663228578,0.00032247686875052506
2021-06-11,0.0416950865345588,0.0254985685114108,0.03343816964704697,0.008287737874062557,-0.011937888493597282,-0.04333858953497049,-0.007357624223683262,0.03083571648415003,0.00033999337798792207,0.00012578661844301497,0.00014968344246904066,0.00010844561529263897,0.00014425124881278857,0.000564435996455489,0.000273565167592016,0.0002222585637417609,0.00032071592439221453,0.00011275734245024778,0.0001392240932927124,0.00011181268420455127,0.00015494361422632824,0.0005693372665787418,0.00023772598912769896,0.00022392515424628882
2021-06-14,0.006459089714380215,0.002723009871607451,0.005018237522655435,0.002874946221436236,0.004989562360016644,0.00549729175325003,-0.009751779533815834,-0.006078551428270696,0.0006374341271252526,0.00018348833423614624,0.00021639117055431798,0.0001544486836049072,0.00015708301776253884,0.00048070524199786684,0.00025850098410158434,0.0002943918661827178,0.0006052086101723554,0.00016814821612869,0.0001734954171977369,0.00015410837887925097,0.00015475158042154875,0.0004571394371085238,0.00029811013820775056,0.0002666950415800661
2021-06-15,0.0012806078727436668,0.018952328081680545,0.006908060605517182,0.01209903834426267,-0.007333816250601949,0.025537224378574357,0.017127112895160546,0.03846408227712728,0.0005556079116469648,0.00016613056253976543,0.00026520507749480476,8.905078745962575e-05,0.0001248691728164145,0.0004943328634379829,0.00024054416661460347,0.00023953609539999605,0.00047479611549186047,0.0001761374617012357,0.00029508255066062865,9.662894415695972e-05,0.00012057706063834261,0.0005084170415577936,0.00020989280101399986,0.0002617077399344732
2021-06-16,0.016250837212886903,0.0149285501517388,0.003976638840884346,0.00045710248595254765,0.011508526486426501,0.01765017419408664,-0.004290340877762577,0.009243091124305502,0.00038182172381078866,0.00018751562365323926,0.00018221939911767024,0.00012096126206988059,0.00014533126860365902,0.00041309843326281596,0.00024195720983008194,0.0002650631211789225,0.0003758203900691352,0.00017348535758000128,0.0002081988949328448,0.00010390060243758722,0.00015052825616432248,0.00039924265483118506,0.00025181372294104013,0.00022406469626365055
2021-06-17,-0.007825963223727932,-0.004095001307666557,0.01889446180524156,0.029272537956042524,0.0008378366396993475,0.02681034481413124,0.008314906469220762,0.015098539063029725,0.0004291146688149713,0.0001362274944701421,0.00019679357125820376,0.00011737583726207595,0.00014387560468668385,0.0003441014028262068,0.00018878205531842218,0.00035645891544720495,0.00043382946780646,0.0001296134182260429,0.00019805858657903278,0.00010784356217865377,0.00014077544590831726,0.00039747039078296873,0.0002061013645838967,0.0002954470268631556
2021-06-18,-0.0076873873858080595,-0.006599836601823531,-0.0031102627532331333,-0.008032662422160521,0.005342565200653252,-0.002723730695578671,0.010349927012734185,0.003178593099361816,0.00030548245122125186,0.00012759094382419872,0.00019173826506888744,0.00016049803058930864,0.0001424205801649977,0.0004953137647830309,0.0002023049733323594,0.00022553657354014775,0.000288854285508662,0.0001287029587125929,0.00016546407714655576,0.00014683970903887629,0.0001281627939287915,0.00048518663777559733,0.00021995552030700725,0.0002496023624585056
2021-06-21,0.02523165575930666,0.014865313558212492,0.00985004380035416,-0.0010150020785262676,-0.001985870799487299,0.004684004017834698,0.011194803630416236,0.003963268932208574,0.0003358106353234989,0.0001792799178818689,0.0001633906489566095,0.00015256890703424871,0.00011895216548781905,0.0005156646944242584,0.0001983987138588202,0.0003440747499477208,0.0003027583629330892,0.00017307342554972755,0.0001746958870791879,0.000147586788506424,0.00011270932348910248,0.0005164469494099911,0.00019031783670693013,0.00031101560883647737
2021-06-22,-0.0022924960570469203,-0.005679030067478481,0.0201262804259584,0.012631547481796021,-0.014558002752162246,-0.010277246012376562,0.006673293501012315,0.02544960137221524,0.00036925460034653476,0.00013318751545149,0.000175310264129114,0.00015828305243979977,0.0001050581481461435,0.0004287917471100701,0.0002024456682800324,0.00030774625565549663,0.0003682620786525498,0.0001343552189212671,0.00015909043260494026,0.00015816729959786756,9.767813824844672e-05,0.00037295295030075705,0.00021642601803703438,0.00027742288447802385
2021-06-23,-0.005215284595818511,0.0018695634696052107,0.005042896595675858,0.009157452080132905,0.00444128229900153,-0.010129634752221717,0.004101353639524885,0.0037400299744012383,0.0003488718316720439,0.00017713840523848139,0.00026292114471712614,0.0001885937282149575,0.00016991128758024317,0.0006151064268843966,0.0002475858243095308,0.0002668826886690944,0.00032291882558758614,0.00019257309776607055,0.00021530946654937203,0.0001833693408967256,0.00013840216713172334,0.0006866094729236788,0.0002619022044294211,0.00027233573963855723
2021-06-24,0.012179193064607173,0.010752228165723925,0.01318098938020916,0.010460426952696486,0.011063522052700295,0.036086016134652475,-0.028558292986697553,0.007079242399470881,0.00034886253055978504,0.00015238575974952485,0.00020354613712492587,0.00013359170660415178,0.00014332854717575617,0.00032923492602660585,0.00012821299756438992,0.0003619247578692818,0.00039170983986557554,0.00015657209711228583,0.00019608018421826958,0.000134016138868331,0.00013961379791520157,0.0003469625941879813,0.000124247363526598,0.0003688064796605057
2021-06-25,0.013792272644703875,-0.003105673908219342,0.009445456190515344,-0.006453225005393051,-0.0035343812931546946,0.03651737321021741,0.009533378481874584,0.009012706370295713,0.000302480396900052,0.00015118502090367178,0.00022230415328585644,0.00013460199856270465,0.0001862995337636687,0.00046207156970033865,0.00020405258639900003,0.0003051690354050198,0.0002633863575864153,0.00015991976919537944,0.0002356633111697982,0.0001457814465164606,0.00020795050463280816,0.00044224146588533645,0.0001870043959191237,0.0002896317205079784
2021-06-28,-0.01170012532558732,-0.005684814991339966,-0.005248586755577275,-0.004846019597052382,-0.01482672362591014,-0.015900280376852455,-0.0012720384511244116,0.0007170100640438745,0.00023399870693217588,0.00013756753410142447,0.00022543797909141413,0.00016447859186714264,0.00015076599735544421,0.0004774119050999595,0.00024657931286172055,0.00032180592672220856,0.000230113865124869,0.00014979371218046936,0.0002393799383753946,0.00016657061630172742,0.00015295868002212994,0.0004932989390638213,0.00026170684690652983,0.0003679052993187677
2021-06-29,0.009749739642499573,0.0037107864908690735,0.01647438743415234,-0.0013435826190489877,0.011982768013071824,0.02328852989598196,0.007658562057567093,0.011672589309089924,0.00033733120166768674,9.453517036339711e-05,0.00017610226782061757,0.00011219769794875593,0.0001737069564307531,0.0004974076831869403,0.00019519201933950798,0.0002566115340152932,0.0002806985324791304,9.66849620809351e-05,0.00017104400655857063,0.00011730254460728639,0.0001531610279794028,0.0005265528592226458,0.00019087243170510986,0.0002577872512161508
2021-06-30,0.00840832571585367,0.012624607691821232,0.0020215555017075266,0.01655306677780716,-2.334000645101182e-05,0.006510465633195354,0.014865026968888044,0.015390883091968694,0.00036527400672918775,0.00013358811825845828,0.00015299471358490966,0.00013263208648672554,0.00014018819022556118,0.000571143681719249,0.00019296363531024136,0.0002707511410721426,0.0003376604270902681,0.00013771535681576252,0.00014353069545685004,0.0001221871699765362,0.00013334276437134974,0.0006004423383501633,0.0002044811906114852,0.0002668012405183455
2021-07-01,0.021380955465167818,-0.013600661803756374,0.02016807005153526,-0.02043633420954659,-0.015338387349241903,-0.01267561666468645,0.01697132057449392,0.015272571460318667,0.00024190243228926228,0.00017399350179182145,0.00015844918376413058,0.0001405443458575403,0.00018499936271756218,0.0006508782224862853,0.0002364666569840634,0.00027081456660615015,0.0002357572048141036,0.00014965570102281508,0.00016106996102534487,0.00016273600033826907,0.00015181534577863204,0.0005468567762822627,0.00024279655219794084,0.0002524509468178238
2021-07-02,0.0076244740664627225,0.009271516916418088,0.01863365868062685,0.028190099919893664,0.0042087034678966045,0.024612759871915423,-0.011962652736258142,0.00023902709849422357,0.00024323771094184995,0.0001549805361275015,0.00017219956185930905,0.00016602663928777728,0.00013793132487566483,0.00041114957396440235,0.00022190507897227858,0.00023024077188070865,0.0001914512579481269,0.00016009257896682945,0.00017709102298012848,0.00016484091902317774,0.00014631275459305886,0.0003916023513855741,0.00019725636929170855,0.00024521307582536084
2021-07-05,-0.023342836158632866,-0.0147403381470026,-0.010126197516373446,0.004408715937274157,-0.009706414269558095,0.020397444380898445,0.005100717884750062,-0.005005446999589107,0.00027285347455966065,0.00017065685129317995,0.00018431830358431,0.00024270607687669024,0.0001479332197394583,0.0004543926548128414,0.00019705873052487349,0.0002174690897159503,0.0002946498111724984,0.00017518571701061138,0.00015797428519964666,0.00018722810807361424,0.00015842059635152216,0.0004909257516750239,0.00020750343089929256,0.00019561636220240334
2021-07-06,-0.02392231278046979,-0.007651354692288858,-0.005209623188814195,-0.004881556744886214,-0.0034457638236442233,-0.016116622939078534,0.0031105114068422273,0.01269151219082574,0.00027637207025403934,0.00013618172281980401,0.00017439440194046138,0.00020983580215086744,0.00014556539791209282,0.00048342153587574687,0.00014986108604213928,0.00018770953592728992,0.0002937156278482388,0.00015141296733430976,0.0001657103375938131,0.00021344052708920872,0.00015545077711314514,0.0003877188762136641,0.00016220279397738142,0.00019432487087558102
2021-07-07,0.017736247398737005,0.0005393526377639349,0.005598625254316209,-0.004435825521192165,0.005430710427276354,-0.01565863651802906,-0.011024411711381826,-0.023438744971468282,0.00034026782480134463,0.00013135601349804278,0.00018540172879794297,0.00020527663068182272,0.0001531942620062986,0.0006083181175445505,0.0002193375227260484,0.00019505655349492598,0.00032577413071831776,0.00013637433901410006,0.00018819797000084066,0.0002033963167016386,0.00016934520719354924,0.0006371756223914975,0.00024245194479652235,0.00016985744436867444
2021-07-08,-0.0035182012352745658,0.00719291820698443,0.006924876025589812,0.01824341534245489,-0.004560055340553976,0.011859665186894868,-0.00046836452177093107,0.014028051023122476,0.00030314308175386406,0.00013608706335487109,0.00013815831683411657,0.00020173755403068942,8.560201029972307e-05,0.00030968967552043135,0.00016001605929800915,0.00020740252418514283,0.00023848274622320311,0.00012735854543248354,0.0001285576779982862,0.00020035517769532397,8.239472977158773e-05,0.0003016638493008115,0.00015503464658784817,0.00020921879948274135
2021-07-09,0.007309009071431003,0.008442346318618631,-0.0009103335161807316,-0.0045714149389866204,-0.0043970679803990555,0.018302187436079344,0.00869036171380602,0.0013626031636439578,0.0003360194304335286,0.00011757423988838659,0.0001381188582654807,0.00012471081489067904,0.00010600774660435801,0.0004475876901823265,0.0001503968633209529,0.0002738965087177418,0.0003144522781446957,9.470846487981871e-05,0.0001376941536886771,0.00013016868410858318,0.0001108595721853642,0.0004680154715054001,0.00012820335727723155,0.0002738493274174063
2021-07-12,-0.031915146649201524,-0.025897903882695444,-0.010794461457583561,-0.019768062741352486,-0.0005544315817714719,-0.00297992794021662,-0.012174971068055911,-0.006782895892000805,0.0002503330053306957,0.00011942664304400955,0.00018790465838808862,0.00016442309264642275,0.00013087460956614383,0.0005293955178527764,0.00016882365877898703,0.0002562404442463861,0.000253462236282816,0.00011651081954958829,0.00020089037409938624,0.00016755707331120854,0.00013088854799805246,0.00047665023909997155,0.0001585518273400701,0.00025162449727657977
2021-07-13,0.059579620844112134,0.027980671136280104,0.042535935276031646,0.028551848590638394,0.05474257804942358,0.05979655519154145,0.03860513005229863,0.004169280001168751,0.0003719036889887335,0.00019545131518703603,0.00017479845277382675,0.0001379258102742088,0.00010855837948268945,0.0005206518605827847,0.00015046492433433864,0.00023324858387417373,0.0003648550388091895,0.00021500971802266354,0.00018352932002975843,0.00013445703405799193,8.996016730667704e-05,0.0005521816902481176,0.00014988863236393754,0.0002701206716674089
2021-07-14,-0.006509783517135049,-0.008711487258265002,0.014926175844589345,0.00244266712481287,0.003523826915786163,0.006491385886327706,-0.008353617815417954,0.0036974274063150325,0.0006402862735184788,0.00019379853772116286,0.00025110084155720964,0.0002212999069407462,0.00024999388827552193,0.0006515033017054256,0.0002560813435231333,0.00022071440235316815,0.0007633406635076336,0.00015865287104602314,0.0002544455651965478,0.0002221130049703048,0.00021543259651122067,0.0007222533031044755,0.00027929725048120746,0.00020809276209903614
2021-07-15,0.0715418451920986,0.022886532779115884,0.04641936772084749,0.0034871127698667655,0.04793571278576936,0.01217598246856056,-0.0039832093570893665,0.019593104719669612,0.000495582277482143,0.00015505869057698724,0.0001801219919129213,0.00016323929406206186,0.00019316761035106133,0.000443452714669476,0.00026081918197785956,0.00017469629374483367,0.0005083410320966255,0.00014387604892675875,0.00018688116429258503,0.00017322161671050633,0.0001990062513306336,0.0004592292474981885,0.00024590270249471674,0.0001733523600138554
2021-07-16,0.03550968263718493,0.01166277273603135,0.02380622195182697,0.02263137159951474,0.03251077077189491,0.03823544206198934,0.01857079083932069,0.010548200035662042,0.001211600925643425,0.00024304064127193427,0.00041008684807217297,0.00020472549828713505,0.0003373256778513968,0.0005550690759088515,0.00021590590986245135,0.0001878718446836193,0.001239038645665308,0.00024697542018292125,0.00039133347762810954,0.00019561331231698155,0.0002998040843774392,0.0005412261956756999,0.00022229210574295377,0.00017623344351639712
2021-07-19,0.009941556803200764,-0.003087664794117472,0.010156571738902116,-0.0016805459777237699,-0.008928506884726182,-0.012276708294615019,-0.020401592872856672,-0.006093315363510881,0.000846625136350543,0.0002288655662035384,0.00038607397782005785,0.0002326732156649176,0.00043239668071482385,0.0006198456621302711,0.00030794614831156596,0.00020774556997305287,0.0008676008727698599,0.00017356020490373654,0.0003335734668610172,0.0002721182464052211,0.0004705139962598512,0.0005252897957431868,0.0002984450153800103,0.00015944588189926344
2021-07-20,-0.018627292364420196,-0.0017928899220875428,-0.005120879411462983,-0.005751016215021504,-0.008137163958846831,-0.016361107321743916,-0.0021807845459647216,0.014572940413820358,0.0009887466802591068,0.00021228817488097476,0.00045882184327864905,0.0002420261412419358,0.000322974412297372,0.0005048507348622113,0.00022554913854391337,0.0002012302649826284,0.0009463015926611478,0.00022338455891436097,0.00046472051112215915,0.00023695557443343751,0.00029416908156360434,0.0004649328301802659,0.00020775449223354626,0.00017077058369699915
2021-07-21,0.010505628366893043,0.00795264268575083,0.002401736804387034,0.0034219139955294743,0.01054695053297581,0.012988898742067852,-0.001987989093374743,-0.004050498042575196,0.001004621244893574,0.00019927556432485597,0.0004054545021489537,0.00016654167898207017,0.00032360881085476725,0.0007004228941147012,0.0002604364238014889,0.0001942378050191457,0.00103279939021221,0.00020829305807427585,0.0003291008854323228,0.00017548702596475812,0.00028902031670293804,0.0006242194006410724,0.0002599601875159097,0.0001685844254086683
2021-07-22,-0.018457481885274834,-0.0036591703892865117,-0.024710214025700113,-0.026084135828677947,-0.0002471643047855372,0.011194145716713795,-0.004631829943742903,0.0050766265722890155,0.000853142784136808,0.00017818586291049333,0.0003475220036008818,0.00013493952218856587,0.00039817187675030485,0.0005367721084538755,0.0002866881148254554,0.00016298099158092017,0.0008317868029951976,0.0001342431869696359,0.00037133473506323377,0.0001337891317941267,0.0003951825270914006,0.0005664884321524894,0.00026965621602045273,0.00016522716820173013
2021-07-23,-0.05974950305537926,-0.031123059335133218,-0.028083693969407644,-0.009044757531694295,-0.01402330518170572,-0.014838507288730842,-0.011412268471095102,0.004515597762776984,0.0008479776978120301,0.00016482635798779202,0.00037679871817041487,0.0001903923519162007,0.00029844287099513,0.0004776509608051926,0.000158854001328005,0.0001610419258933204,0.000835949368015177,0.00019245742709196392,0.00037698418829980215,0.00016984119025724765,0.00029287457757012827,0.0004987289210700516,0.00016113763705757358,0.00016154989111356882
2021-07-26,0.00037033307330555296,-0.011220999803345455,0.0007104803979127751,-0.007081713783382803,-0.0024900056226898086,0.014090786910349564,-0.00694423683748359,-0.0028404211615451805,0.0011451392074426654,0.00021200444114924608,0.0003622483510189604,0.00023145639731751597,0.0004163180624458481,0.0004145623773164104,0.00021456045683470833,0.00018780913328838003,0.0011657438108190687,0.0002376215804482461,0.000355543855328641,0.0002849239275647776,0.00038690188604169177,0.0003577209791410072,0.00021869256402063124,0.00017652516902964417
2021-07-27,-0.006252754004315082,-0.005591767808809406,-0.0008703091388092786,-0.009127471941524749,-0.001108535868625687,-0.017839767315125283,-0.006849275143610636,0.0011869545303946796,0.0008771330251598546,0.000215089264137962,0.00031015367850018136,0.00017770036613189315,0.0002665238175270536,0.0005591555473402212,0.00020661847661533234,0.00013832831493307277,0.0009382699165934334,0.00021748651340417852,0.0002879843407535706,0.00016799584519469547,0.0002501948715467144,0.0005822622288942839,0.00021014510876418607,0.00012323990762781183
2021-07-28,-0.08057045339930716,-0.03554005083019457,-0.03772388103259609,-0.01592103003337634,-0.025771393626103534,-0.00731442154482973,-0.018254489201579693,-0.011173431937520033,0.0009107575467786368,0.00017112789995887213,0.0003999591713701567,0.00018634917968368217,0.00035535924806816987,0.00040881969146453666,0.000171431210069284,0.00016552157751837832,0.0009738893077407305,0.00017680616651443785,0.0004156714287065037,0.00017534373053577259,0.0003032675704433004,0.00039791009889681285,0.0001868765655527271,0.0001630118032439524
2021-07-29,-0.010150148906082403,0.002645982782025754,-0.01484816113374021,-0.0003359882266062435,0.009401972339720758,-0.009824991401514443,0.02042492118137458,0.013353368894776273,0.0016010231836740667,0.00028115622927913476,0.00039569106651173334,0.00016018181078796405,0.0002768050982744037,0.0004677903270580477,0.00012428511031657607,0.0001719361109543544,0.0018060554392167925,0.0002929446546484713,0.00037766767577431247,0.00014515687189711269,0.0002644725891891142,0.0004715857084510826,0.00013304232759591818,0.0001750818281674743
2021-07-30,-0.02598999595103175,-0.0015293266292069506,-0.034895864715561185,-0.012605216151392195,0.015286182715682141,0.015606642375936777,-0.0005023482662962423,0.007167466443309726,0.001137956789569677,0.0002955957268988552,0.0003327475538410738,0.00014829068332174847,0.0003394003022796254,0.0003011813399440707,0.0002343925352234445,0.0001544598270724511,0.0011745748927247364,0.00031853115969879866,0.0003081047748637853,0.00016932687117486814,0.000354343117038279,0.0002767663487147673,0.0002281832213178539,0.00015158010750020715
2021-08-02,-0.03360456268052112,-0.019666436092643503,-0.017029567477521355,-0.004692601255658965,-0.004494803135731212,-0.008800004356726484,-0.0006849035903922619,-0.0023488500335943547,0.001366362946017466,0.00021890812638842563,0.0004311336359580293,0.00018617196639192872,0.0002490631673185556,0.0004075129267418112,0.0001709541189839726,0.0001508956299499891,0.001417159302216938,0.00024927544898374306,0.00044509167624885433,0.00018557544131408762,0.00023465364844686942,0.00033201685142198963,0.00014694195203113648,0.0001435216404423094
2021-08-03,0.010450979741288174,0.010548763982912976,0.016440404373870416,-0.0035880722980848375,0.02767280891739871,0.01809887594598798,0.0008952466676476398,0.004624957052939166,0.0011959277464814308,0.00020251942116780448,0.0005538738565768425,0.00021574643092081474,0.0002748251776139884,0.0004291272168855211,0.000180450887398756,0.00011668024837712365,0.001173058538078437,0.00018956405801537078,0.0006270173535754348,0.00023178692491236238,0.00025817498953412517,0.0004071057657016611,0.00018859654319659203,0.00011774906715531926
2021-08-04,0.012465102163855235,-0.0006446827079206159,0.02016656052309563,0.008686795896027933,0.0030224513070150156,0.024479694142470334,0.01005971315693152,0.0009994832464833257,0.0010900170083277703,0.00023193987116566266,0.0004402083059940651,0.000146458984070347,0.00032040422477411966,0.0003868422140418757,0.00017698609935890973,9.944640254305909e-05,0.0011312666470874803,0.00021817305810735131,0.0004800439492935524,0.00014133363716310176,0.00025288749695993927,0.0003981186422604629,0.00016951474482988744,9.121135313749645e-05
2021-08-05,-0.003682531883262782,-0.0011730492197925013,0.010646223668746515,0.006165455747972599,0.005736046812092782,0.0006021597625606465,-0.007258762447244164,-0.009092777827939052,0.0007770476437309222,0.0003040446710594505,0.00043004848344332166,0.00018032501136134422,0.0002538454275327391,0.00038152251647195973,0.00014068204774602333,0.00010015313101342376,0.0007269932243302112,0.0003055779849114536,0.0003945334643812164,0.00017016317351829902,0.00024731188553128773,0.0003397210856284478,0.00015354596355918876,8.729402730049152e-05
2021-08-06,-0.007274975877609622,-0.011777906241316572,-0.009834195958181021,-0.002503324204619117,0.00890432708128109,0.0036525700187963837,-0.00990106120646491,-0.004196642855055822,0.0008064574891361094,0.0002107181276671511,0.0005274960314801419,0.00018104292933620323,0.00034171572674361166,0.00026068439072060866,0.0001964129261632312,0.0001001630809844222,0.0007278325232565826,0.00022164261628890446,0.0004671879429767576,0.0002010997642654932,0.0003157297762588062,0.00028771104995524823,0.00019542852085223337,9.098283037034835e-05
2021-08-09,0.006572377652049665,0.010986782705341374,0.007710780336710888,-0.0009216713570930163,0.032874461864902615,0.024010476641756043,0.007769873300069197,0.004315761689346582,0.0007354614261106126,0.00021598308996424566,0.00044540223834206875,0.00017254370357458219,0.0002845046266398777,0.0002881101932678262,0.0001888296622592384,0.00010879740642793548,0.0007340220708712901,0.0001872951171372273,0.0004772208055493122,0.00016022579531238857,0.0002734290703076593,0.00030845278783399945,0.0001904558191598465,0.00011290572818827039
2021-08-10,-0.00710922265271612,0.004639665582245695,-0.011437853974587135,-0.01133820083258471,-0.007739653797071601,-0.011227741895927007,-0.0028967805233559695,0.005282161765055756,0.0006099047492556664,0.00024411344655637327,0.0003006409141580304,0.0001262679261462334,0.0002798497062020989,0.00027921003511911525,0.00012010541292344593,0.00011601438749882791,0.0005985194210891267,0.0002498731175745358,0.00029633002397160435,0.00013756999944323088,0.0002886820545570662,0.0002959971043524741,0.0001276685530497542,8.316381501770517e-05
2021-08-11,-0.03203784597839131,0.0014128730805237372,-0.01787224037102654,0.007525330262762491,-0.005218689171751836,0.004318533258781492,0.008222289937167691,0.011435137908972326,0.0008070715162560336,0.0001951723035377782,0.0003466257039106676,0.00014475454143208745,0.0003474613568009145,0.0002737869397142261,0.0001237060548647346,8.090227322592376e-05,0.0007477034281734607,0.00019117812009671848,0.00036960366834914825,0.00017088470028157464,0.00036979019034883456,0.00024579681710496437,0.00011974314444562551,7.093867445613146e-05
2021-08-12,0.004270165100348393,0.008602477141760009,-0.007910663395654884,-0.00292621537654196,-0.00027755599804357234,0.0029332953205071072,-0.002023356573134259,-0.0017773350820423413,0.0008005863124280153,0.00021220477722687606,0.0003625908001146185,0.00013334328725755817,0.0002805015745055523,0.0003413619344371683,0.00015927603027576762,0.00013104967135793108,0.00084314577657178,0.00017686281005163226,0.0003008520416132112,0.00012208419045232517,0.00028671431327576533,0.0003636077150356252,0.00015767518386867554,0.0001377207802524949
2021-08-13,0.013800469546728736,0.013598445573448381,0.023375895801897483,0.028698732254490242,0.011482693335800286,0.014905513944877357,0.0041441665820332405,-0.0008072316981412632,0.0005219499137123184,0.00018936106328701157,0.0002301644778261692,0.00011696872170825376,0.0002790831012329118,0.00025907539300463946,0.00014418676121971194,0.00011318480952655741,0.0005153709003057769,0.00017991711130801958,0.00020735821243343563,0.00011541359187673453,0.0003030985268183795,0.00024804861886121277,0.00013107870059128363,0.0001072056496057042
2021-08-16,-0.00040904480924728367,-0.0018652918169310547,-0.004503814274196137,0.0004865539009651077,-0.003132799091449614,-0.0005723061347556019,0.00324305365738259,0.0003233958298915695,0.0003975214641944835,0.0001843547791723907,0.00029393992632476446,0.00016007340217872307,0.00019434238987082507,0.00024688116557505,0.00012703519683602337,0.0001206075638471592,0.00038606760614916783,0.00021093651110315782,0.000336963994506431,0.00015928961446960396,0.00017513153933049265,0.00021667481099798562,0.00014004253730006677,0.0001353797957916086
2021-08-17,0.021371962437806896,0.008820921796766582,0.0223997313119638,0.01352645620974035,0.016305871631094322,0.027134411941848548,0.016271383817224167,0.00977084876483169,0.0005225071671268784,0.0001813589211384437,0.0002853069860168047,0.00017083373646146105,0.00020204024663317483,0.0002493389948071151,0.00011446576106526182,8.275875711241138e-05,0.0005557537046392881,0.00017140738157632484,0.00029139139672968567,0.00019953256717836733,0.0001752132331111011,0.00024973619348828683,8.382843919856483e-05,7.823530606190501e-05
2021-08-18,-0.005875390659920508,0.0015313856420540906,-0.012144275106068211,-0.00570252002874388,-0.007661281746744125,-0.022580338520450476,-0.0041744494629341175,-0.027004869200905144,0.00035879050892351135,0.00012665542221726136,0.0003116595985674868,0.00019723795370934062,0.0002721353251525275,0.00027370744780312275,0.0001217216313325,0.00011777895972292374,0.00034692514613828847,0.00011853484138298531,0.00031628401914319057,0.00017906534926296732,0.0002600026089729881,0.00029840125092454406,0.00011343259439893207,0.00010157147861683061
2021-08-19,0.0010686664771242323,0.010678611677938281,-0.017279731927343358,-0.0162806722548161,-0.0009974197738061316,-0.009219819819341134,0.0033943634414840477,0.011694840393190199,0.00037906302963002186,0.00013122278523294552,0.0003028000875644075,0.00012290837123231794,0.00022166588733245533,0.0003453659252942124,0.00014708383142936598,0.00014465212994469652,0.0004029728397417754,0.00014596780181803484,0.0002586136386015831,0.00011912468553987784,0.0002518878801782243,0.000299513970891102,0.00012694638682000887,0.0001603135560010142
2021-08-20,0.0020396848745736053,0.0023991481372572887,0.0035638959861833087,-0.003120498953596844,0.005141460479041315,-0.009264269664972733,-0.0037348082697052174,-0.01185959658805723,0.0004140246263738385,0.00016843548393257257,0.00029543858433927984,0.00015474475797400467,0.0002518418544195997,0.0002325347822502157,0.00013139216827882998,0.00015689666296572077,0.0003773778876748512,0.00014383651011387334,0.000306539259808351,0.00013725235676641863,0.0002698920778513293,0.00025872169208290786,0.00012032446978035097,0.0001566680945693048
2021-08-23,-2.437049343183452e-05,-0.00824451036353806,0.0005403234484532313,-0.0071653779404398914,0.003260551877276122,0.01542557678957837,0.01234807141768911,0.0017201658738343589,0.00043171141982933816,0.0001627337212534276,0.00032609595868969007,0.00015861657629080014,0.00022757644893461632,0.00026168431276343444,0.00012255678155812568,0.0001377383666055775,0.0004209210023119536,0.00014104114679156475,0.00031677426882890285,0.00017482028047811286,0.0002608001004292106,0.00026096632193795574,0.00013337581359035974,0.00012042100761680818
2021-08-24,0.008849015908532584,0.007382555252974701,0.0014963518029774523,6.624446165270589e-05,0.008743111849656714,0.02341440870316503,0.020351188783362006,0.013661551781095196,0.00044394503346576944,0.00015326466589351154,0.00028110878241948637,0.00013144471071650603,0.00019237665972449174,0.0003459035049770647,0.0001280572698568367,0.00012911979058176368,0.0003879754084825887,0.00017358392999697035,0.0003004055091370871,0.00010976968037879231,0.0001897285768889927,0.00031557284910064035,0.00013442198330220465,0.00011292301943971754
2021-08-25,0.0398945457771681,0.03686673280149203,0.03362987810091796,0.05136837798640878,0.007155915823985124,0.012552312062638713,0.007565820774895657,0.008963226939377823,0.0003337289280340748,0.00021645531498915463,0.0002644851541621508,0.00013713070065777492,0.00021251758923688716,0.00033654112236463615,0.00017692517066714207,0.0001273497517507485,0.00032990927668702315,0.00023353876015324375,0.00026867802473774663,0.00011666283201825738,0.00023365521225744332,0.0003184416342809996,0.00016181180369276524,9.481304537579019e-05
2021-08-26,-0.028990118603681888,-0.014959635245759561,-0.04101322986176946,-0.018592315268115642,0.005854800169316779,0.0033842972809048004,0.002230579457428259,-0.0062868666310763235,0.0004313317866757103,0.0002873525836097052,0.00032561978898698954,0.00035229424006059544,0.00019786084052671855,0.0003192195467926912,0.00015535899101660545,0.0001317814225785508,0.0004409258006741348,0.000305226717530059,0.00037326295004811827,0.00038346482728775184,0.00021257881299709068,0.0002990473833811077,0.00014751801079268724,0.00014386217557436047
2021-08-27,-0.03829532001351747,-0.019622364524512232,-0.017014088333241174,-0.0007336486982522542,-0.007816915520118697,-0.007539711471017545,0.0024321908323021923,-0.000623483056692244,0.00040976885982694307,0.00022100968580412484,0.00043974368579679097,0.00034254860133396003,0.0001934915813165106,0.0002659454347488312,8.435681025030224e-05,0.00015368525691153095,0.0004336064534023788,0.00021168019475109723,0.0003824136665514162,0.0002928823843258975,0.0001799384913972714,0.0002755383091010126,8.85567326413858e-05,0.00014874388231018185
2021-08-30,0.02522919717381359,0.012383515822158556,0.027799388520049314,0.03244769311508353,0.02199128505086196,0.019095997718004017,0.011972499010451089,0.01208083958386381,0.0007265747139462114,0.0001931929261646816,0.00041781826869419914,0.00028649952013403535,0.00017371924037255603,0.00026866426232069045,0.00013354899444090965,0.00013325330077016881,0.0008079003348210817,0.000171821248512578,0.00044234491150816485,0.00025835352059079054,0.00015051783566004276,0.0002798376840527332,0.00014364829873779832,0.00011683676633030876
2021-08-31,0.0011161224269706875,-0.0037474826897017175,0.004447383065717077,0.0043772140119925865,0.013105211322450294,0.00788750355647276,0.0013923330906048736,-0.0005727970398923818,0.0005332410152214014,0.00024380574418508082,0.00038908522818041554,0.0003556751799889179,0.00020921883815148447,0.00018091006998010244,0.00012428606958374616,0.00015504464258223416,0.0004996944910027482,0.0002601520288848151,0.0003462196433583781,0.0003747921041589579,0.00023055600776559476,0.0001852753201081872,0.00013175142863662047,0.00014583218060216824
2021-09-01,0.0011508645688617946,0.008785551486443763,-0.013240749133607748,-0.007271692174135504,0.004037524227367192,0.0060777919881913845,-0.001415823308286067,0.0008351571836043791,0.0005141095231387553,0.0001758998277482641,0.00042200481825182266,0.000305010742905595,0.00022817825924368378,0.00025172310892554575,0.00010348505435332797,0.00010852458131009027,0.0005247933188863398,0.00016279866391618556,0.00045638121049064884,0.000333470132559316,0.0002236504303661083,0.0002782337765073235,0.00010292644041815308,0.00010861161849150963
2021-09-02,-0.005092262921174574,-0.0067577498220679245,0.00811676182521616,0.012063067890531434,0.00021474896329011918,-0.0031040929543387948,-0.005267358721248267,-0.004991698340020412,0.000435877649709436,0.00020633653268349516,0.00022987633673132252,0.0003363916899079271,0.00016063391294643747,0.0002933490018126832,0.0001444263503831591,0.00012136614713386698,0.0003949492416460385,0.00019339304629111505,0.00022924526882940393,0.0003398292335663031,0.00015698815442354388,0.0003292860333342843,0.0001348391894426968,0.00012774410191994314
2021-09-03,-0.01836113058134313,-0.031948687641790555,0.011513185091872491,-0.02373086547043898,-0.005584369700299228,0.004745701478663296,-0.004218110856519516,-0.004689477857478946,0.00047229940117515573,0.0001447675824781254,0.0003904647365001365,0.00029320526994389986,0.00018473275465314792,0.0002418275439903778,0.00012248251551698496,0.00010939099921644191,0.00040091721048598805,0.0001509234416405156,0.0003592184906140612,0.00022455960673534357,0.00016253058867524893,0.0002570889683680862,0.00010839267656724413,0.00010924899672232018
2021-09-06,-0.011089636995097955,-0.004699623388812768,0.009286976292436149,0.011331669754315913,-0.001805609376527952,0.006886845018182245,-0.0035272356070726618,-0.010940913599284554,0.00035795631507357393,0.00020284863587775206,0.0004415119106025917,0.00033938130188089223,0.000135581658567223,0.00020125897255020918,0.0001069386329746585,9.906044389984389e-05,0.0003050577090600384,0.00021354926868797277,0.0004429097487484123,0.0003219088456978349,0.00012587389256111397,0.00018394078948668935,0.00011530425130090006,0.00010013145367193314
2021-09-07,-0.016500293571980254,-0.012087125544594795,-0.014987204108966966,-0.02032649747665605,-0.013844226289879186,0.0030353184998629613,-0.004934181685857338,-0.0037488141344330975,0.00037116007635077877,0.0001991746150116161,0.0002739346102836609,0.00029282161483250524,0.0002537751570999627,0.00015421024449179967,0.0001215379811231733,0.0001461830594246536,0.0003799893460213674,0.00019703103947471963,0.00026753810163361466,0.00031741740578813287,0.0002481479301076587,0.0001829346073173345,0.00010559367766631922,0.00013345588944833775
2021-09-08,-0.004685115414170163,-0.003339341642930719,-0.0016098748995290622,-0.0023389545604473702,0.003813488234044396,0.007112849294997486,-0.0004164132526209481,0.0020532733283388084,0.0004709910798664729,0.00023148430389261223,0.00025970357430355536,0.0002342367890439348,0.0002053934834358214,0.00019702861390740728,0.00010906774364431926,0.00010872828464577207,0.00045965041126133204,0.0002482629024369673,0.0002950188652011101,0.00022338292963202546,0.00021436547015624063,0.0001770120629982782,0.00011905825232787845,9.440155624883988e-05
2021-09-09,-0.009461443724586984,-0.010039680512067325,0.0027854750467890305,-0.0029080362246282987,-0.0008437978328079405,0.02428116811336653,0.0029828417666409287,0.005272358779034241,0.0002813506915085699,0.0002634201580180995,0.0003915304986674801,0.0003359566164327692,0.00018809052870108437,0.00022396848189423652,8.319849290622194e-05,7.511550326375259e-05,0.00028100648720567184,0.0002837385787844972,0.0003876575955122147,0.00035968284168555497,0.0001892572869248293,0.00023852665177232524,9.794301817211416e-05,6.926880908304274e-05
2021-09-10,-0.03089080456849954,-0.005923528198129448,-0.024935011268642504,-0.0012988453674312875,-0.006039058134132968,-0.025368203601159718,-0.006140129928630165,-0.014451132727190745,0.00031978107130985076,0.0002302810140703406,0.0003029861390553272,0.00022031690101622582,0.00015888734467837574,0.00016358868125101352,9.391216255284781e-05,0.00010484139006979898,0.00031337730369459545,0.0002072162208147981,0.0003379742751223383,0.00023633290141414592,0.00014732073265545913,0.0001720937086606475,9.532409300186506e-05,9.06217102612999e-05
2021-09-13,-0.013183175732007536,-0.01680775760320223,-0.0017785212333656887,-0.02443583752842346,-0.028142581625821034,0.020927300939647002,-0.019939092168763113,0.008337297422944262,0.0003931201042904427,0.0001682833811912228,0.0003942216148653412,0.00030013630618753084,0.0001485270797564065,0.00022364756761963591,7.266464670901049e-05,0.0001316790069294667,0.0003293000887271902,0.0001758843045877842,0.00038544000664825684,0.00030193622480595596,0.00012975547314318466,0.00024207503106334682,5.252258280216475e-05,0.00011456576885705163
2021-09-14,0.012498887021387363,0.003200158463850355,0.008807833185765262,0.014832071466455456,0.007161397586843964,0.010177971903917102,0.0009396468817646161,0.0032804115344183668,0.00035996468404531106,0.000194274031331917,0.0002379219628155707,0.0002496024573377707,0.00016676160971303795,0.00031834930896630436,0.00011423502719496758,0.00010147913057206707,0.0003743137172390741,0.00020643835840342982,0.00023116037614101363,0.0002511934549881571,0.00018481401702337286,0.00026740782314828895,0.00010358139278324887,9.369439931353765e-05
2021-09-15,0.009972731892818103,0.0019733990306270506,0.004528303722290534,-0.006948945378739345,-0.006321145386199312,0.01594871547272576,-0.009117794512676566,-0.00234084822375529,0.0003493731409976058,0.000184318261437268,0.00032256006917506824,0.0002229318178319559,0.00015968609523261262,0.00020941717670072238,0.00011908734844994698,9.727496149301462e-05,0.00031980489638181847,0.0001884755379844411,0.00033297854173074565,0.0002488131787187577,0.00014794677671707175,0.00023923637942847953,0.00010950228875323676,9.961312262104217e-05
2021-09-16,0.0005154399430257417,0.015114235839222475,-0.01053949693916498,0.03562524484502215,0.0034965640270615533,-0.022756459550811806,0.004678431228563754,-0.006920253300478291,0.00035473475845493535,0.0002085985749877123,0.00030440145120690933,0.0003581848828910159,0.00010991612809590118,0.00028334472735316353,8.332549843580743e-05,0.00010603110275917857,0.0003338299382481514,0.0002054660200049181,0.00031463533566716004,0.0003570438018845964,0.00011897555898329713,0.0003079724180910206,9.394580218063513e-05,0.00011537808486434967
2021-09-17,0.020504629729173617,0.001686034895377928,0.009546175871853206,0.0049403141128547745,0.010236450373366021,-0.007628810197146735,0.007447320895513272,0.0021697554834694452,0.00034353228792768405,0.000220558085137473,0.0002200036338353166,0.0002299971938600529,0.0001856186121448785,0.00025417018502695997,0.00010061500020945838,9.819706470340581e-05,0.00036089924242772294,0.00021325653486947233,0.00020863520007417097,0.00021452148279737317,0.00017817505875453046,0.00026474130375362905,0.00010116677636489216,9.97429045814963e-05
2021-09-20,0.0195512086582103,0.008138216820678206,0.0032987039560998994,-0.009097190275633892,0.004604962170199195,0.003971893309991504,0.0003076955573260481,0.007201688996980861,0.00041038727412501036,0.00017832161396052449,0.0002185444880782428,0.00024519741692312434,0.00021015769915052219,0.0002530638181624887,8.679375754815381e-05,0.00010764747920682606,0.00038771461856525793,0.0001687756939987523,0.00019153933402260383,0.00026273629466272907,0.00020101581994799185,0.00027466049904035817,9.201229617310348e-05,0.00010492531552447049
2021-09-21,0.0051424294898756995,-0.0037015480444159404,0.007412625132069798,0.009973590152674098,0.005229847953058846,0.002800273561649754,0.009922854320255735,0.0009219212718097442,0.0002810171465407514,0.00015757584171851972,0.0002012489333661373,0.00020931400595731133,0.00013578510551892512,0.0003061918005736719,8.071298992449787e-05,9.807180536667331e-05,0.00027097671727109964,0.00015889305045048636,0.00020986362702140736,0.00020830685194212387,0.00014415329821762998,0.00030698873810496474,8.71281896111916e-05,9.87601400582921e-05
2021-09-22,0.005513811380793282,0.00559193139375818,0.0032459859909193117,-0.002642682727350023,0.008105383690949139,0.004405237274440844,0.003645502295894165,0.009732333848515245,0.0003528578809900427,0.00015068270416562692,0.00017693997514243306,0.00024502473889439596,0.00016401305783472008,0.00024706029400338014,0.00012265277039631256,8.031458845668136e-05,0.00032361422276775786,0.00015493474391811812,0.0002145607298253729,0.00023316607657057023,0.00016271467472374451,0.00028185937356321874,0.00011666495744974147,9.228015853776745e-05
2021-09-23,-0.0032837822146949327,0.0021095213488758857,0.015687183424785332,0.01905327971903325,0.003811192775248399,-0.003967190168250636,0.008556995371958911,0.0022737736515824353,0.00027007234428582923,0.0001554245323381034,0.00024343308228122937,0.00024861454628106474,0.00016050184677150246,0.00023041366577619107,9.775161727332659e-05,9.422045634287351e-05,0.0002831457510818814,0.00016002605482733624,0.00026444147001531863,0.00024194064093872243,0.0001654862535231803,0.00026097018659612344,9.899129413960437e-05,9.88889201289564e-05
2021-09-24,0.0010434346634547818,0.004013926889523146,-0.0010934449106251992,0.008467525370601059,0.0012921250141803016,0.0039375777221165075,-0.0008511377944763201,0.0014117515330072364,0.0002622681440074981,0.00017763018487239947,0.00019172931749343876,0.00030759125217469206,0.000107238878664645,0.00019679296683354635,0.00012210109702930834,8.364618322408555e-05,0.0002971691845086687,0.0001833244127282492,0.0001748272796227248,0.0003466867866152568,0.0001050660681888947,0.00018122937508522518,0.00012242711562923995,7.358835830032722e-05
2021-09-27,-0.0025565933381884996,0.007980594432844686,-0.00850559131498211,-0.004599161642488265,0.00920016507817128,-0.0018819877528154856,0.006833353636593356,0.00521777384101523,0.0002389715337865741,0.0001478991258106655,0.0001967428905344369,0.000192844384620847,0.0001337538319826542,0.00015201876816434877,8.579597280133416e-05,9.762631004192574e-05,0.00024354280839484636,0.00014459464569932827,0.00018937845803703788,0.00017969859421473753,0.00012596415594515176,0.00015820204679414235,8.196189163186529e-05,9.761504468894205e-05
2021-09-28,-0.00414280983076567,-0.005989645706457842,-0.003893825598507222,-0.003049151743183805,-0.02134827134122774,-2.5996466509232313e-05,0.0010416378310783496,-0.0014404330356451145,0.00024650242001057076,0.00015452610907845028,0.0002075484145213315,0.00024240715474968034,0.00011388761149089858,0.00020824383618996302,9.274361006156022e-05,4.620715181752548e-05,0.00023119131044495197,0.00013036676907599303,0.0002108202022875264,0.00027079476009376834,0.00010318913434472105,0.0002027705765495437,8.996079781326126e-05,5.4650534287285e-05
2021-09-29,0.0017108253200563486,-0.000528450097762331,-0.006506635850429101,0.003075408141830844,0.029145917750196332,0.019550180693653312,0.006262983106608104,0.001255133771555475,0.0002559854308111281,0.00013710112296302582,0.00017448559447249688,0.00021846529789447267,0.0001535249084568775,0.00020519560680471734,7.541794419444842e-05,6.448324616092579e-05,0.00026548313024032217,0.00013285766787475713,0.00019752963708321574,0.0001595222773267495,0.00013914112222197388,0.0002220429004372919,7.968249710255582e-05,5.9612621988081344e-05
2021-09-30,0.006093596159021473,0.0031459901122578337,0.008385891421441097,0.0081539937172018,0.01020321961431919,-0.002412360347053524,0.004762985326559482,-5.3521334661765264e-05,0.0001558465723423788,0.00011992518011491617,0.00017115201723000363,0.00024259531661811542,0.00020074516895307774,0.00014815758484282198,7.480288239241926e-05,5.506205990784083e-05,0.00014569173690242882,0.0001223736612424162,0.00019009177929480884,0.00023835306604914826,0.0001890772391179072,0.00014010170198147523,7.828578602712223e-05,6.488493950882523e-05
2021-10-01,0.008369536294682497,-0.008910284788756283,0.0016423051270831122,-0.014895335444791671,-0.03155581782561872,-0.005846001825947859,-0.013373528661731212,0.00273104097778049,0.00017801406353624107,0.0001391651715280648,0.0001461983851452508,0.0001733440608929483,0.00023644177119206002,0.0001476352133874555,7.097345210653006e-05,9.686125499369983e-05,0.0001991151086044303,0.00014298556291355755,0.0001658064437849162,0.0001721431931098753,0.00023650959694172425,0.00014559242878834462,5.749933386638832e-05,0.00010133913871097717
2021-10-04,-0.003842744907085524,-0.007769050341634953,-0.015577906789142797,-0.04538897490097374,-0.01796084619450594,-0.00015718758935363158,-0.007639832649145888,0.010279158929918411,0.00020469029668276182,0.00010930601466673895,0.00017221092980121284,0.0002403048706721606,0.0002714428871204643,0.00016209271145154863,6.80274439379397e-05,7.70325997657074e-05,0.00020260437080527025,0.00010682690910058856,0.00014826347712122514,0.0002537735921115899,0.0002333654312366698,0.00017421558667870648,7.264034150254099e-05,7.93141198311963e-05
2021-10-05,-0.0070120122190335515,-0.008814072055110754,0.012832657399663331,0.02206911959135865,0.022807797659452192,0.005417788197992088,-0.0030071993690745143,0.0046324676541311385,0.00018310570008173076,8.22001620171496e-05,0.00014764130886441398,0.00025243277072377394,0.0002295605762986635,0.00012102860016668163,8.513812340261575e-05,7.689681478594243e-05,0.00016926115119293779,8.163407552657543e-05,0.00015850369619743916,0.00022042153838129798,0.00020482013341304497,0.00011799462952274224,8.208223708766695e-05,7.98373912556051e-05
2021-10-06,-0.004614287751984759,-0.011425578232774286,0.01875717281522499,0.03225459331796441,-0.025283506416220493,-0.021407204545905875,-0.00635662050300975,-0.007572788392031976,0.00018665321033215605,0.0001262756405811023,0.00015624911425063642,0.00027565116155161954,0.00023514359657239844,0.00014188401047105322,8.903773460366522e-05,6.55260843314445e-05,0.00017338152742331944,0.00013339884243279034,0.00014951129324309844,0.00029349674380345,0.00019083366882555915,0.00013370018586628964,9.467005662607746e-05,6.854671374842236e-05
2021-10-07,0.0130563335090214,0.007234336884927606,0.0077567235325390225,0.000741305260336343,0.0006792660668708326,0.015584880626020372,0.0025608308177220256,0.004230094093432884,0.00014556062720684626,0.00012258536739144914,0.00015802044436544842,0.0003545423111880374,0.0003802100124815063,0.0002853102563418869,7.461331909900103e-05,7.699640492499979e-05,0.00016039458958459817,0.00010746055429232534,0.00015029826469138352,0.0003380562255325324,0.0004108168525755413,0.0003132985092231998,6.704188787094389e-05,8.695805895387193e-05
2021-10-08,-0.005419394528895983,-0.015895385059314343,0.004169342587871719,-0.012136508262516207,-0.013763558101179943,-0.00525175866047687,-0.007973810972566645,0.004519250379300431,0.0001314952125953623,0.00014539496867517327,0.00017352169425619127,0.0003950767318224655,0.0002516860032562368,0.00015223516058806132,5.592281657790579e-05,5.5828364519246515e-05,0.00014144346265062242,0.0001486493354202121,0.0001807280911162484,0.0004137254109902264,0.00022742423470937262,0.0001233106022709532,5.4048551682006605e-05,5.098097489128204e-05
2021-10-11,-0.0009673582591614771,-0.004901593515365965,-0.0034210171317950442,-0.010509323600413826,-0.001765159780554537,0.007716972402207696,-0.00404318420965841,-0.006848595326425269,0.00018855619584599138,0.0001760083093391645,0.00014928510494578855,0.00034030587810926206,0.0003010691763672927,0.0001774627831357012,0.00010129873880101648,8.326373554825851e-05,0.00020343507091779878,0.0001835532508828336,0.00014841282807435914,0.0002512494403464241,0.00031607794886529797,0.00016476724838676918,8.664862484303072e-05,7.866272822548766e-05
2021-10-12,-0.0011584092128202918,0.00022122096233888935,0.012222232192901542,0.011650629319906096,0.01135441326980094,-0.0012214169219563163,0.006667754863428589,0.0077228896585984814,0.0001556593112507144,0.00012445813245340424,0.00019488922945097825,0.00030913015507396134,0.0003197198850242062,0.00024208476248210826,8.958725226507171e-05,5.546679158745808e-05,0.00012103154489901362,0.0001285683568543617,0.00019917607378108494,0.000301475931994255,0.0002853301720303395,0.0002213305168804544,8.65581281603521e-05,5.421933261962013e-05
2021-10-13,0.023249937562647566,0.026332721565292996,-0.004316026122666925,0.012778162307625615,0.02280015722773325,0.015021517829552319,0.0005423547062036364,-0.017709709022313346,9.538839362846602e-05,0.00013256824438580191,0.00014539969517664546,0.0003074317875639884,0.00023305683301334912,0.000214577755766826,0.00010661539166984546,6.502351466867617e-05,9.714303484290547e-05,0.000141347147216356,0.0001236635660862828,0.0003132720665487371,0.0002471347530662228,0.00019866220093083922,8.951188216075378e-05,6.76152181586073e-05
2021-10-14,-0.02215494958518399,-0.02310035900309174,-0.02421066323183385,-0.046793296942549044,-0.04089281263078168,-0.005645256116302282,-0.01843383452304775,0.0009338384541078804,0.00018334741260251063,0.00014216945504901332,0.0001814051684129903,0.00034179387456071536,0.0002073610954254042,0.00017292959640539577,6.711769463732208e-05,0.00011283320565678252,0.00018999852893085854,0.00015970645678063295,0.00022267855361773946,0.0003054204209841601,0.00019029831500656842,0.0001571332257652744,6.98599594737256e-05,9.199078971042499e-05
2021-10-15,4.200054863532488e-05,0.005342568450246938,-0.008205119656935527,-0.0034471099053535047,0.00242320381752476,0.00485297156370929,-0.0030303110195302628,-0.007845893215309045,0.00022388929246629007,0.00017630160819763122,0.00015269943059261466,0.00030604359430344916,0.0003253354891505025,0.00021633843422353915,0.0001286392470643294,8.609962091694365e-05,0.00020975967749737115,0.0001548022556522129,0.0001734258861030161,0.0003289331626916065,0.0002677233641454333,0.00021591461869558602,0.00013441612689799932,8.906321108512644e-05
2021-10-18,0.007114010169326786,0.019683887207782483,0.0031833575913026496,0.0034574034779304647,0.005540328933400175,0.01602523397480353,0.01521581079974119,0.010507069363811917,0.00025398240527085413,0.00013755447014326893,0.00020344890715797123,0.0002820840581485387,0.0003723151957765781,0.00013357279755044703,8.902941447818715e-05,8.30947425524612e-05,0.00026409369000958844,0.0001389208838304805,0.00022091639530564673,0.00031481403981051866,0.00043018327454614704,0.00012592897816606605,7.0068454212007e-05,8.917046422100966e-05
2021-10-19,-0.017262742706823254,-0.01264718386268684,-0.005794763239808572,0.0005459623039540681,-0.01535178240661132,0.014306055937784647,0.005284769684485462,0.0018395432133632734,0.0002295445995798218,0.00017891909382551906,0.00017128984712273427,0.00033153611593415654,0.00029965335353439104,0.00014641711795242298,0.00013936283566897957,0.00011366780697857883,0.00020978123542757924,0.00018935618395827822,0.00013110524726352672,0.0003267048164911649,0.0002998639623321629,0.00016455909491269274,0.00013454515569173145,0.00010951695859384424
2021-10-20,-0.0008846603927426443,-0.004393494731480857,0.0004657978585670468,-0.011389978000391801,-0.006678698888132095,-0.0036927007673232667,-0.006389218086480072,-0.012084710090018972,0.00019297988214174536,0.0001853351591018459,0.00019385342182413824,0.00028021960255663556,0.0003147711537187453,0.00016431161396992914,0.00012025961388724489,9.854638494800376e-05,0.00020720971286165222,0.00018385109293705794,0.00017229642088358943,0.0002930222981407514,0.0003011805332683056,0.00016160304269549597,0.00010774345894670265,9.43349663914885e-05
2021-10-21,-0.01979058002813148,-0.013346010431290144,-0.014073163348094605,-0.018212641666438375,-0.025825035973277496,-0.023089393609957126,-0.017282772424819296,-0.004682683258893249,0.0002512015595160402,0.00015649983424412706,0.00012349257534446825,0.00034667540000325227,0.0003203304782376958,0.0001758982207559777,9.556264373312013e-05,9.083204410541622e-05,0.0002619916049407834,0.00014159668317836177,0.00012302495040205535,0.00031121588670070656,0.0002952754610989193,0.00018873095155747766,8.266758994068392e-05,8.465930856819755e-05
2021-10-22,-0.017627565161809706,-0.013208083035604497,-0.00097550901636883,-0.01720659710515081,-0.013374928707832854,-0.01008383968456385,-0.00040723702595661253,0.007126186623164312,0.0001987579166196528,0.00018450115998757758,0.0001488269859116498,0.0004007854867784524,0.0002723752121522277,0.00020313965213643632,0.00011742857061298622,9.775992761530061e-05,0.00017784283833318967,0.00020822243235136748,0.00014856296368325196,0.0003427111282090769,0.000258050338436253,0.00017801946739817183,8.946874450609133e-05,9.850666325483531e-05
2021-10-25,0.011577229438383796,0.00971099569006919,-0.007793433992769303,-0.012574234357408492,-0.018420374753341517,0.0035427434763774745,0.007085375775779267,0.004482508890508358,0.0002091736859097215,0.00018258088118411187,0.00013702967928023985,0.00030093473993049637,0.0004691885549262684,0.00022841159356987926,0.00011467505758182023,8.673863136851389e-05,0.00021411462384523066,0.00019505622616590288,0.00012503544077030622,0.0002939220301682432,0.0005143423757696407,0.00019903485680862286,9.135361468423159e-05,6.995743136443471e-05
2021-10-26,-0.01446253384389824,-0.007530224579729052,-0.007796498950920262,0.01188267239652361,-0.00443622027619678,-0.006752910501576801,0.004720986468812238,-0.0045601804254466844,0.00023079164594472565,0.00015575659380702116,0.0001747434514995595,0.0002592904874209607,0.00030730941275299045,0.00016858011922924894,0.0001116510806363937,0.00011449184903955218,0.00022245967199216346,0.00014976172059781137,0.00018128729362123545,0.00025033602869587254,0.00028220799610645836,0.00017377539587979407,9.80289677143249e-05,9.747192010739014e-05
2021-10-27,0.003751959388371091,-0.0016768566822461337,0.007651906543256283,0.009944334302748508,-0.009227753075077996,-0.0027406170294834286,-0.00717281762201278,-0.016932795521916667,0.00020800120854453426,0.00020019860240250885,0.00014934084964453702,0.0002964229640716712,0.0003124685220238423,0.0001871658273785296,0.00010497380294768177,5.514018861592003e-05,0.00019527216174703642,0.00019267701995154515,0.00014536479830196299,0.00030163301055720923,0.0002291152743915375,0.00019471334440625924,0.0001036362166462583,4.558756731651797e-05
2021-10-28,-0.005709707181184351,-0.008491702204722151,0.011407952845013834,0.007606029195708104,-0.006584658168239596,-0.007342807038686864,-0.0005026976234115722,0.006560520675800084,0.00022009884943086322,0.00023337585889598327,0.00016802687796633648,0.0003368529046829596,0.00030363584277457535,0.00015685904566126654,9.739468392841363e-05,0.00012825902743945677,0.00019010320116438678,0.0002203056370917739,0.00015744809033516863,0.00032314444975867045,0.0002675269141562944,0.00016132166105202968,9.888786634366754e-05,0.0001330402047184716
2021-10-29,0.0037444814255784505,-0.0026741146301529546,-0.007831741938197172,-0.017958874340342892,-0.019187116620895357,-0.005679709038204448,-0.006859499612800987,-0.009444295936007756,0.00016716763994762594,0.00013229304872550013,0.00011466736388988599,0.00023828793504571832,0.00029083053886585803,0.00018771770072284648,8.62630958379219e-05,8.177664791379916e-05,0.00013686726890600124,0.00013144251329641756,0.00013099589982511832,0.00024072225366571088,0.0002544656787145317,0.00018698027073131261,8.409039958995751e-05,8.457302092688347e-05
2021-11-01,0.007929741364123362,0.001291857881691753,0.016400449880793384,0.03590420152478317,0.00750828029570035,0.004325668807348275,0.008577709588769926,-0.005791424783840153,0.00020019609258388642,0.00013129273426039755,0.00014952834674875317,0.0003074190189543287,0.0002627743355807327,0.00017900979690129283,7.005440120919224e-05,8.618885440571807e-05,0.00020008756207091417,0.00013849093743149144,0.0001468457034641106,0.00035898075754387437,0.000247001122724398,0.0001631302432396238,5.5956725695025744e-05,9.6816930442407e-05
2021-11-02,0.00787210444275019,-0.005017574377603309,-0.004396608276970575,-0.03863316071796558,-0.02766030203432715,-0.010864390150766045,0.001232232154073637,0.02061766516110704,0.00019869590108472692,0.00011755508828319771,0.0001918796628808624,0.0002817047732986075,0.0002673826412067482,0.0001795037692702253,9.80627654091512e-05,0.00010470459284717153,0.0002160220731281591,0.00011690538463793848,0.00016554535557038752,0.00032202537870624375,0.00025533297090059006,0.00018124339152456642,9.507885704535163e-05,0.00010192328720579188
2021-11-03,-0.013362656077134216,-0.021539668105315688,-0.0047886037274503255,-0.022954422243106936,0.010109362862160704,-0.004341511907818648,-0.0029814081872496976,-0.0032358982252906946,0.00020180199041736378,0.00016780715595179395,0.00017525018557569438,0.00040084040495691627,0.0002537743821333141,0.00014741102674999758,0.00010594707915710204,0.00010546109092794004,0.0001797554890230466,0.00014105834231666794,0.0001560889625117644,0.0004128154510980177,0.00024095576381455035,0.00014362063386408775,9.981753213997137e-05,0.00010227422187134637
2021-11-04,0.004877287562888494,-0.01824441890066414,-0.019378871892137293,-0.052147110534300725,-0.016146008631730557,0.007688878957828882,-0.005536779663417197,-0.007691282105884301,0.00016544689778619516,0.0002219958148627464,9.239287370185099e-05,0.00042925111722129887,0.00033378382876833655,0.00016055403204911256,0.00010317249288366142,0.0001178232429097852,0.00014231986655293498,0.00018757583870669358,9.086060250754554e-05,0.0004045297073712683,0.0003041347813172055,0.00016244396550272187,0.00010320993229984673,0.00011456353553511566
2021-11-05,-0.014478636688479464,-0.0057388454668617405,-0.004336504323512314,0.001590043282913952,-0.004829805509178143,0.0062051894267801935,0.0076258582312371545,0.002631897336340768,0.00015236779305754012,0.00016636799739742152,0.00015527756745480024,0.0004969512092552889,0.00028589689013674974,0.00016476271606859452,8.799399092579065e-05,0.00010215084461247903,0.000155214952775349,0.000159237557244492,0.00014069630872282323,0.0005058133198735725,0.00027632551096499726,0.00017566333266657953,8.536954626557103e-05,0.00010713766371246297
2021-11-08,0.012837171521016268,-0.008708073178723704,0.003421945504309015,-0.040488805817479254,0.013264597155888633,0.029083675113301566,-0.011578729923765005,0.002832735435969239,0.00017068806634857608,0.00014639976659438337,0.00012590435821342963,0.00045226650520923355,0.00027333738895039003,0.00012718821732447073,5.335346093312949e-05,9.831326280155673e-05,0.00019401355088153954,0.00015242240629468066,0.00010287763569720806,0.00048191936149785604,0.0002994114200160733,0.00011312424919919723,5.1798899306405035e-05,0.00010358101107118715
2021-11-09,0.02021764501500218,0.005360311465665447,0.028273093078855973,0.016553707183716376,0.0521349224143329,0.06322281289663945,0.025288949065118013,0.03497661678688047,0.00019594387616890944,0.00016920400408892617,0.00011946358952693919,0.000561726583514146,0.00026034809525427857,0.0002464546445092918,0.00010193198751846561,0.00013364480500933944,0.00018188251678065344,0.00016537007492944492,0.00010761842679033482,0.00044667890010343563,0.00021903075234022893,0.0002585104798693158,9.928070895902385e-05,0.00011297862056295913
2021-11-10,0.008112314854309624,-0.0024607266653283956,0.00881026762370317,-0.016685931609583298,-0.007345377991689347,-0.0025447603714056763,-0.006239900163149668,0.0034461124989659414,0.00017558374764724806,0.00018113959121513986,0.00018197294246804653,0.0005039021516301533,0.00034044744938237584,0.00041816429526292295,0.00015968173811136348,0.00018784304914938412,0.00018793700616609614,0.00017370819423171747,0.0001774343049045313,0.0004982005676070428,0.00033354937672456283,0.00042786655817259945,0.00016342908240629515,0.00017796016002844385
2021-11-11,0.01012567314650341,-0.0013280573726873195,0.005878193049034535,-0.006122490921089384,0.006690807377750483,-0.0059220706766707305,-0.005404062629296944,0.012792762714221742,0.00018980238168800603,0.0001353814459877925,0.0002037461038078202,0.0005116735212890993,0.00038276867563832786,0.0003410059837057938,0.00014121758182504183,0.0001523628668605761,0.0001958545837282466,0.00013537513039645296,0.00019046903396945818,0.0004840373745318782,0.00038623782682416073,0.00036188750710317767,0.00012699328746281315,0.00015060695845527921
2021-11-12,0.022866741683146532,0.01876822438576489,0.015360385118071102,0.026544689211254344,0.02071910911368614,0.028359135478009265,0.015989549916869676,0.0065103461319013815,0.00012727723220514633,0.00013235228233590872,0.00017814923790516834,0.0005306320042240566,0.0003925472064245745,0.0005135345183626216,0.00013120659646652787,0.00010402897448032703,0.00013936197695962906,0.00013218089669077637,0.0001737257871220386,0.0005351714246681573,0.00038986162657614294,0.0004008440815634343,0.00015002446538766142,8.716006161541473e-05
2021-11-15,-0.020438822475905744,-0.030586334134335844,-0.010395830966149065,-0.018338619714267482,-0.020810775257112422,0.002051318627699722,-0.005054542535403928,0.007764182768210694,0.000200267490592987,0.00018040919933218444,0.00013768502554600573,0.000637672594521295,0.0004066644081497436,0.00039691249728055964,0.0001384530074914324,0.0001516658324980864,0.00018585194548290926,0.00017773776690315583,0.00013552720115557644,0.0006630044002167601,0.00042802556157235183,0.0003917989305870768,0.00010689610913254584,0.00014336565308824056
2021-11-16,-0.0077165127199646695,-0.01450978256147534,0.004369849416311133,0.006778483269733393,0.0018695595782975397,-0.013605043506686627,0.0008113619163139674,-0.008310629051338102,0.00020529970239280935,0.0002477659995772249,0.00016570951638647353,0.0004108682836868162,0.0004050349759809744,0.0003783247138743798,0.00014540596105508733,0.00012111089779728729,0.00019120818430106302,0.00026808591524277305,0.00015035879431928552,0.0003785247507319139,0.00036221465557009135,0.0003676342337403629,0.0001545760738872586,0.0001291876801517617
2021-11-17,0.007431538221032241,-0.000434380434452036,-0.004603601177908872,-0.026764555748434588,-0.0027670976381435584,0.002757662619487724,0.0021875116951842557,0.004562108348328756,0.00024127389060150158,0.00021062451203529716,0.0001925576720875552,0.00039238696957967777,0.0002856477517313051,0.00042795670559961363,0.00012119550574876098,0.00013676446889404877,0.00018968908193192668,0.00022869610780234292,0.00021735827511370736,0.00037864518468028576,0.00028737702319942086,0.00041243958338699373,0.00012104153784133803,0.00015009185931423949
2021-11-18,-0.0019464583347592749,0.002084183003017162,-0.007707982635450146,-0.024735866093035765,-0.027289801340334735,-0.02093861228225241,-0.013223478955807864,-0.00837063034966944,0.0002390071900027122,0.00022130700219935305,0.00019558906473983196,0.000753978319249153,0.00024397904427638363,0.00023985230034632675,0.0001179190536088451,0.00015474044150187946,0.00028633362158810206,0.0002276969813940444,0.0001960417755505866,0.0006545691998797563,0.0002158725340665531,0.00023137999469646073,0.00011803698346925446,0.00016100199191779595
2021-11-19,0.004146694198808226,-0.00279589061618234,0.0038958420532975067,0.005931952140495426,0.005789449497322282,0.0034890173737526175,0.0010075102535338316,0.0013234240216628457,0.00023972158202108563,0.0001769439751331434,0.00018020551552967406,0.0005298520238734928,0.00038968276680116155,0.0003749995036159311,9.669058654357456e-05,0.00013398389949442188,0.00022459828739789333,0.00018044010333128952,0.0001515530697282813,0.0005568174755520395,0.0003660832162453841,0.000376748402127243,0.00010705035528311487,0.00012061501300246271
2021-11-22,0.015154784927505445,0.011726613334996853,0.006933608009881164,0.0009115776655401564,0.015676476668412848,-0.005390708020855377,-0.008088294119913995,0.0026950141537280085,0.00017920547179854388,0.00016635598524426557,0.00017082324434153292,0.0005372864223769779,0.0002967990024612709,0.00024669520182768614,0.00012484830391723051,0.0001098936153695506,0.00016282860700975892,0.00016961496987690308,0.0001615967530657285,0.0005935455691848693,0.0002990490337427474,0.0002559214372633585,0.00012341188367454703,9.577874411957022e-05
2021-11-23,-0.003114853577920173,-0.0030322402120240392,-0.0012099887578263869,-0.009396765250122013,-0.0019105636052552815,-0.01615101626809689,-0.008512728885382232,-0.005400528069352902,0.00023879751206361374,0.0001783199663174131,0.00017698000282791743,0.00034300710540956936,0.0003144834547829574,0.00033825941699880543,9.850519600355036e-05,0.0001316742956079244,0.0002337724097621061,0.00018123355120691216,0.0001469273958726341,0.0003741607350811213,0.00031077994893608006,0.0003278431103914616,0.00010874061160877879,0.00012661591138198145
2021-11-24,0.020182567962356568,0.024487155145571694,0.01541378741027764,0.012149837072994453,0.026584876432091176,0.010129174811239837,0.0014654799480565773,0.021317324044391857,0.00016776558503939047,0.0001403446974703468,0.00014910675793799698,0.00038197277511762775,0.00032162613018442,0.000290446139849838,0.00012297334723695568,0.00013006330834631057,0.0001733419063155933,0.00015684303360907157,0.00014488087553020038,0.0003908502721078577,0.0003154524181806175,0.00032849742301269136,0.0001340026411300858,0.0001157999858441867
2021-11-25,0.003346193836868638,-0.00993194765045625,0.010313604554083847,-0.0125598758823505,0.022957511860629044,0.05555847715420976,0.0015346833541343195,0.015349028938683612,0.0002144978352627427,0.00017137196798153095,0.00012944828771745885,0.00034997663892940797,0.0003630319664253092,0.0003387365035524342,0.0001692993078398489,0.00016858623748664626,0.0002406650211692729,0.00016087654541092626,0.00012082494839809052,0.0003701515109988192,0.00041664890960065325,0.00033674754932895334,0.00017009340300434787,0.00016598532430058961
2021-11-26,-0.006705126397943786,0.0002914960634071011,0.00042592918701146775,0.007311004921891661,-0.0016973262117072664,-0.0015320508142863732,-0.006606019941706369,-0.00801812125990268,0.00018173145919878533,0.0001896304718772867,0.00012961005238152658,0.0004219641051583905,0.0004011262417607807,0.0005200857135909066,0.0001004397143129431,0.00016623942614997202,0.00015438175331937613,0.0001837773003179618,0.00011568536164625762,0.00045329715829720994,0.00036438470094570413,0.0005000810378832011,0.00010952416469892396,0.00017182971214089318
2021-11-29,0.016020879567446727,0.007439593906939176,0.01591888466461637,0.012331709151135814,0.02808679440530063,0.010143800124723271,0.011092607917539382,0.022734429333459247,0.0002456372212290461,0.0001329792749661261,0.00010958693372367511,0.00029979482954723704,0.0003664127182610986,0.00044783855272447545,9.740979951865167e-05,0.0001454163847600819,0.0002442763931422463,0.00013578453185397393,0.00011470335205298993,0.00024919578833377344,0.00038699385931699134,0.0003364795719856401,8.456990782533011e-05,0.0001333341919048777
2021-11-30,-1.7668013533659254e-05,-0.010137898585346462,-0.00727476620919846,-0.01127188665517111,-0.013261553248732233,-0.011989628036940966,-0.009717347023872685,-0.013137288185401655,0.00016676495030508779,0.0001603615363912037,0.00014587978878628327,0.00032132487388865486,0.0004181081049080326,0.0005892849700685676,7.981232806990147e-05,0.0001502274580964488,0.0001986874421422936,0.000151425848325488,0.00012745956792130993,0.0002524177090657481,0.00036189233697554274,0.0006148363140785054,9.088276364489127e-05,0.00013885739925191933
2021-12-01,0.01391829942736063,0.004926257122209212,0.007916864092051982,0.006113800009479748,0.033623648380215,0.023842061966538344,0.0025100302704144403,0.015605937783543498,0.00019479229263419054,0.0001539563720755118,0.0001485989827649264,0.00029118492122863813,0.0003230633062300288,0.0002619009594626807,0.00011021251631406435,0.00018334073596359073,0.0001859554625276027,0.0001440335117563617,0.0001214538206460838,0.0002966357155533604,0.0003436702585780926,0.0002758523104015357,0.00011513568578288869,0.0001881670990435583
2021-12-02,0.004195223437307806,-0.0005969529714087117,0.007635868233386204,-0.0052650780509107984,0.007894584089786981,0.0021657575265544315,0.010802892317317545,0.008085606146015277,0.00014630963269128257,0.00014664370100955603,0.00010847266128404293,0.00030193915264390385,0.0003752910068115021,0.00034355943307584267,7.887190702206498e-05,0.0001744624534132301,0.0001319832093379091,0.00012633523945080772,0.00011659810734508956,0.00031538545902429644,0.00031430993655646,0.00031533071255004106,7.514643209441846e-05,0.00017516863755986855
2021-12-03,-0.009732247704863016,-0.005299637486799978,-0.009192441928330571,-0.021500868856254525,-0.014747106103539328,0.008712514152012279,0.0034094774103068668,-0.0007246997739253961,0.00016946096201133457,0.00014190723615225756,0.00012450564771720768,0.0002734754031079115,0.00033184909578882625,0.0004169684625126886,9.13923921291819e-05,0.0001875968260696518,0.0001992443682776657,0.00014646075042640177,0.00012042070822553852,0.0002617223786092529,0.0003708313650507386,0.0004429470133833794,8.973474647013892e-05,0.00018913887044344144
2021-12-06,-0.01336175084851423,-0.02032755123847719,0.008015732658071652,0.009742039566488796,0.008871721381660359,0.009170450810266993,0.004482880300951499,-0.0015117065358839345,0.0001683394704598291,0.00015930436042656073,0.00013032683827057207,0.0002744813016598564,0.0003622829114869686,0.00037517212193723706,0.0001221831200035712,0.00021145097831546628,0.0001595263485565956,0.00015646425824133073,0.0001354628371689004,0.0002646817762865371,0.0004255962775694207,0.0003076810592833789,0.00010496414452844996,0.0002329988973857923
2021-12-07,0.004619748417284095,-0.0018627586913542177,0.005735472667168489,0.004511888413856276,-0.006639589402166609,-0.02241716200010104,0.009171981970696857,0.009007975918576326,0.00020736088764273687,0.00014595892132593572,0.00012908545327874348,0.00035711775050392664,0.00025713044779201907,0.0003627582089548067,0.00012319673434607728,0.0001189102768655589,0.0001975912292833835,0.00013029925825875852,0.00010525581273709104,0.0003797465698747744,0.00028448847937492973,0.0003656516719338084,0.0001242450877756816,0.0001330779071206111
2021-12-08,0.009030043177796225,0.0021604538409701296,0.0073972804380375914,0.008479153207063418,0.015039396869743296,-0.0007844931474948676,0.0032410729269683404,0.004019639154686111,0.0001780716399898512,0.00011883022190395829,0.00015176223537399642,0.00025924162738617964,0.0003413959085647338,0.00043184600176805077,0.00010893162561144912,0.00020585922372544916,0.0001643850330598514,0.0001121367022387334,0.00015130198383682923,0.00025075936540900696,0.00027425137783389854,0.00036953953396067017,0.00010842885920113564,0.00018871817241965323
2021-12-09,-0.008083684532199813,-0.008987399143390327,-0.004820178041752063,-0.01891814371423415,-0.021401435390724314,0.0026732272494054124,-0.0023497844105283532,-0.001777974686379026,0.0001293364420276699,0.00016649784836418133,0.00014464115238768294,0.00020494806537574935,0.00029399445364486224,0.00031719661103812933,8.818490188592576e-05,0.00016149272052298102,0.000138799009782804,0.00018549858755418993,0.00015025018898346112,0.00019947255889348506,0.0002913239758116782,0.0003373640103390522,8.925037450645666e-05,0.0001796489310730445
2021-12-10,-0.010617896108810879,-0.004440702743697818,-0.0024313165044795616,0.010938913561544148,-0.01416438302161818,-0.005589596935227577,-0.00891067331589907,-0.008901079803343821,0.0001404915166730517,0.0001888643393971603,9.917275649259085e-05,0.00025079631001400976,0.00037569538283759073,0.00029940301051253513,8.074007141648566e-05,0.00012574908416193242,0.00012777125108841167,0.00019849784050252523,9.029125952185818e-05,0.000248115745000809,0.00034360602379344583,0.0002710732275878434,8.052741257191828e-05,0.00014347414999629023
2021-12-13,-0.002527668268069681,0.004711190261531204,0.00507506491058475,0.01180785291323376,0.0018410307064709113,0.0063127199198833,0.0008009482247773563,0.008929624907224343,0.00012585720541078525,0.00012890370409676492,9.344661047240852e-05,0.00032063500630690904,0.00031093839168311386,0.00037518350351494866,9.178972611877502e-05,0.00011415058435292335,0.0001373608588504182,0.00013179576383567983,9.687743092351448e-05,0.00030423813077900733,0.00028504719443054753,0.00039313413533194146,8.592588943997943e-05,0.00010680888566682086
2021-12-14,-0.0026241995072299063,-0.011449599061929027,-0.0016511504293231995,-0.0036448222904849926,0.010932531911696818,0.016917389499175414,-0.0038846814479346643,-0.010792161166608728,0.0001640329425694541,0.0001351197855962047,0.00010119336992657961,0.0003329987842365353,0.0002669957668384615,0.00023442407927125306,8.695101774005178e-05,0.00013006364234209887,0.00015661083363477388,0.00011522971006573912,8.504917792329759e-05,0.00032305829069122715,0.00028421396671712086,0.0002339491882787935,8.523744701143214e-05,0.00013790224798362788
2021-12-15,0.0067574679660887494,0.0194142885999844,0.01428048278146029,0.028174865089154125,0.013372286213038913,-0.012919666443371773,0.012762120573537296,0.025615983311112256,0.00017185188648924032,0.00011775197712785975,0.00011230546197504886,0.0002032086889467328,0.0002696779469263009,0.00029121701999958323,7.542643885064917e-05,0.00014358962075176164,0.0002073927820940258,0.00012438524628578335,8.388104122869782e-05,0.00020589013308740085,0.00023219648811837514,0.0003132618221671867,7.261905273999079e-05,0.00014285712547325825
2021-12-16,-0.02763859502098852,-0.040028907733587624,-0.023882861539824534,-0.0885236713745954,-0.04179777311809884,-0.03681388374550433,-0.015999487107462868,-0.016062891526783828,0.00014505149950842707,0.00016067567544313712,0.00012382821728510203,0.0002425715595611531,0.00035085654879556073,0.00027999810697732776,0.00011168334255902182,0.00019857715574077885,0.00015124380103660376,0.0001545738749982584,0.00013473846873471984,0.00022557369321992769,0.00036331413330878653,0.00027249388510409707,0.00011474308539359897,0.0002229452660409021
2021-12-17,-0.000895529015396623,-2.7984725217107607e-05,-0.00853116965330907,-0.003283576872462166,-0.004196508912967821,-0.004930222944464576,-0.00237138618068398,-0.00277004773159047,0.00019694821484885034,0.00019538616438007759,0.00016996098091500786,0.0005207538286228333,0.0002218771475808143,0.0003841718617112175,0.00011765320372114163,0.00019057239262731696,0.0001961203446944537,0.0001893754543958914,0.0001464157081793596,0.0005374500954268673,0.000205834466217636,0.00036459324261106435,0.0001208392057401813,0.00018628008447663737
2021-12-20,0.001270330691727291,0.018088491047350344,-0.004429582046693812,0.012458463084203966,-0.010924562270035966,0.0029375333530015702,0.0008725858870579622,-0.004452322021893542,0.000144504806850827,0.00018933243724518972,0.0001334940355940044,0.0005462470567046419,0.00031291127217800477,0.00032514938555463244,7.405097199160008e-05,0.0001674507334429867,0.00013922847577987413,0.00018110833537345758,0.00014169834697475524,0.0005144620786937247,0.0002659360890962439,0.00030544702573805137,6.716783195211076e-05,0.00018900527874120453
2021-12-21,-0.017186989395072638,-0.018098172054756764,-0.010213011250198968,-0.030939037334613263,-0.022568225869128433,-0.00805913011006287,-0.0031193575426834786,0.005398706520796357,0.00012576187599110195,0.0001751904819582469,0.0001390920898211569,0.0006297943585085417,0.0003181741391147909,0.0002748591350884323,7.40795848954277e-05,0.0002186773956518166,0.00012250011135160328,0.00018339717537443965,0.00014150663699631695,0.0006911641823876257,0.0003232686287657626,0.00027061295900744024,7.394975844086948e-05,0.00019730662209891374
2021-12-22,-0.00978935799254349,-0.01642679528505553,0.003684511560985027,0.009392111971846008,0.004415271759701271,0.015215088004760598,0.0008643994233484018,-0.005901148154166353,0.00013636648241570562,0.00026828724096392137,0.0001254398679197121,0.0006496346446615044,0.0003105854118182774,0.0003903145648784264,7.842832969366426e-05,0.00016214126539624443,0.00015296499986175538,0.0002682498606069529,0.0001195663712706122,0.0006932147538103084,0.00028219533217191807,0.0004475532805190789,5.635965734503804e-05,0.0001543699346583218
2021-12-23,-0.020092894173312625,-0.01846362970411914,-0.02173583495773166,-0.035125895301984913,-0.03249594068838096,0.0022569481831524996,-0.009711221440368597,-0.004490868580388276,0.00016015173186101182,0.00021594029561858896,0.00011037090583718338,0.0007509631650388978,0.0003478897781595189,0.00031055488749957697,0.00010472579043165913,0.0001503483888115352,0.00017367418767796612,0.00020561702656324716,0.00010083420268618602,0.0007453078061438693,0.00032022405714853723,0.0002830575055912988,0.00010205210708375925,0.00016750197708880106
2021-12-24,0.016829709359054576,0.013132239272101639,0.017006929229482416,0.028521627958312822,0.020978589487866572,0.047488858295476805,0.0045889349693454045,-0.011446318929155772,0.00020625036997472276,0.00023537328649561077,0.0002195724374561092,0.0006883874212185797,0.0004096200883457116,0.0001964103535944023,0.00010031454204191621,0.00012899817134724264,0.00023446428232643283,0.0002444469272406198,0.00021754517522052286,0.0006153761424981425,0.00040647708372516285,0.00018317001931609137,0.00011168494181261505,0.00015816289070944857
2021-12-27,-0.004707376906788372,-0.007288996394575757,-0.007832262106096456,-0.011762757092246947,-0.0007897351543222936,0.018707625062426257,-0.00819566236053623,-0.007471401865711162,0.00022141304692848665,0.00025969032262941513,0.00014790069519147035,0.0007266109554940887,0.000435645855174088,0.00047226718174032435,9.092883402911925e-05,0.00015356809606255063,0.00023117361580545472,0.0002730014456515074,0.0001324478308052962,0.0006769563208307141,0.0004429227548254649,0.0004556968117740517,8.216055648896661e-05,0.00016061026330164212
2021-12-28,-0.038783700354722346,-0.04295249540632496,-0.03750058794876452,-0.07727521741558178,-0.07399406663086423,-0.08430368321811715,-0.029572627293689768,-0.040034636918762335,0.0002023940552616789,0.0002278192144662496,0.00019101261030915186,0.0006578490496812047,0.0005507311804100789,0.00043043405437755784,9.466446348028845e-05,0.0001673288258610013,0.0002127896698430402,0.000230154423369616,0.00018571208397890053,0.0006740999461651636,0.0005820667147888448,0.0003995269539574767,8.28512211712939e-05,0.00016170809530624309
2021-12-29,0.0062268230586579165,-0.008030939430658798,0.008083543617451769,0.021340453285019576,0.0032466437876443183,0.01491627710890963,-0.0016203469278260186,-0.0033542007214261145,0.0003750921304525222,0.00025029813659665427,0.0002999931337151408,0.0008914337228614875,0.0005448451187676024,0.0008925248066859926,0.00011954840785291628,0.00020707260302745126,0.0003402207488333656,0.00024397256226308208,0.00032054533744683045,0.0010224250265962664,0.0006115977540421115,0.0010469362794149157,0.00013210611143576814,0.0002111425935605099
2021-12-30,-0.03478855277772535,-0.042431639504677154,-0.027265555259407288,-0.03162736276432727,-0.034721494473055364,-0.013855854011302163,-0.017244530417969688,-0.031488055998884934,0.00035981177422537356,0.00028580673286554017,0.00022813148527891123,0.0010008198193438632,0.0006211667167177694,0.0007110122767340748,0.00014524191485486076,0.00017828123075981503,0.0003413144651015792,0.00030068546166750915,0.00023621387023278875,0.0010732390709325508,0.0005993729779644941,0.0006678468831646699,0.00013410902334921914,0.00015626526936804935
2021-12-31,0.015183441642734493,0.008070394416525307,0.019570273894744535,0.023279455064215773,0.03079504513910543,0.030409402584686905,0.007352162750252686,0.01066036036005499,0.0003843309348792928,0.0004016078712779514,0.0002523581428607424,0.0007720874395688836,0.00048141893091361855,0.0006814970822804629,0.0001252483828035824,0.0002405616241988642,0.0003859832707291243,0.0004454566835409204,0.000251840755449409,0.0008704977895994396,0.0005129097348188061,0.0007402525038799229,0.00011209484092102376,0.00025809930041129244
2022-01-03,0.017365852706808387,0.014702306309997191,0.00776365726878511,0.004199692321897823,0.011893967148694647,0.027129146139444366,0.010739662137622537,0.016783669392412937,0.00047206283237934685,0.00025934711073846733,0.00029901999938082227,0.0006653987755694689,0.0006159719456553426,0.000861505808827607,0.00013019288260544032,0.00018598678497392916,0.00047401020347116605,0.00023424215516430004,0.0002758445388394003,0.0007019028509633662,0.0006009072583220285,0.000700018822008795,0.000136057305694322,0.00016517149850315825
2022-01-04,0.0016270845645671682,0.0005589093582720706,0.0006181618385142241,-0.002573881720760229,-0.01414371506621654,0.008821691538871846,0.0007954885928413702,0.0020730622334872596,0.0002715662281843967,0.0004036465013059623,0.0002348340697776117,0.0008960618740013873,0.0005607957840814645,0.0008740971074556838,0.00014109101234069952,0.00027504605897299335,0.00025738778736206154,0.0003577479882388057,0.0002494673684085474,0.0009568049825136758,0.0004982058620795635,0.0007835384535414409,0.00016243844155032687,0.00025633333021604984
2022-01-05,-0.01965435683915574,-0.00993590487475737,-0.012574291748499625,0.0061445817510461685,-0.029265448760171932,-0.015898996997991854,0.0025306200492236537,-0.009766472997663108,0.00039360514653804575,0.00044387896047878633,0.0002370105067567921,0.0007697688510441245,0.0006239449140404079,0.0005745500946820252,0.00012764761190219468,0.00030496185399466873,0.0003776935247751542,0.00042772860848144676,0.00023928544934251586,0.0008845018202831718,0.0005761294684386858,0.0005261197459145827,0.000135882384774617,0.0002784095206502202
2022-01-06,-0.004774116426611658,0.0022121471616798533,-0.009100996814077828,0.014948606530928804,0.011010947239467743,0.01865096748027953,-0.010054967186062927,-0.01119034168059509,0.0003336393524052223,0.0004490295771568427,0.000309712606216972,0.0008793723525261685,0.0006330153287967325,0.0007263122597089982,0.00011919286355810054,0.00015415677328180184,0.00031502863085726575,0.0004953379114916811,0.0003216831329630227,0.0007097729306860828,0.0005959212295762826,0.0007942438486430731,0.00012836000188452481,0.00015348796892831974
2022-01-07,-0.02487433352086848,-0.025445888332247528,-0.013000504514945225,-0.037379686058986956,-0.01531716322701295,-0.05452241261220218,-0.01927528925652106,-0.01551482749453598,0.0002229397928224352,0.00030110269368768355,0.00033998711488937333,0.000772827187523414,0.0003795852100153757,0.000600169149043588,0.00015382263390266516,0.00023786905211876138,0.0001744774487753139,0.00031703402101817716,0.0002807803455159378,0.0008117709764455548,0.00032361204200795975,0.0006104475837651049,0.0001605905472518066,0.0002455110188197135
2022-01-10,-0.0017948763825104256,0.006702415632602746,-0.003953957570605722,0.0022424300958951136,0.007853787297677635,0.0016661639899041751,-0.003239992781255867,0.0011491585156451218,0.0003327313659180389,0.0004046098705875588,0.00023391885629235148,0.0008082231321063008,0.00044541949013225543,0.0009600383749887335,9.474981313846879e-05,0.00019162206025299188,0.0003645365995854372,0.0003713270409999828,0.00024250358625657161,0.0008794231365525911,0.0003672995916017743,0.0010770457199944204,8.454563757870335e-05,0.00020197075892883332
2022-01-11,0.012505478371982457,0.011592084743570064,0.005035196912484907,0.01967546885995237,0.005299300661035415,0.021764454865103852,0.014952639536044664,0.01034287647245867,0.0003617431658700949,0.00042767098212606245,0.00020292114785573916,0.0007198736567580029,0.0006995181935080747,0.0008976028931444141,0.0001245869886745322,0.00019400400737106178,0.0003861340373052246,0.0004181408952611927,0.00021801366218141054,0.0006693854666631908,0.0006963864774412591,0.0008820326607625353,0.00011518034953950184,0.00014719954655465362
2022-01-12,0.002048530069616949,0.0002689584632192022,0.001792551569733715,0.016716673645637305,0.018335965383707235,0.03907423811270504,0.006782165844488144,0.0036422348118162386,0.0002833485109281418,0.00038494177400492626,0.00024810908766912244,0.0006158667842060357,0.0005012447574782052,0.0007753852325277203,0.00015484820122625212,0.0002561616260301792,0.0003007406492705367,0.00031594181737929774,0.0002601688103296429,0.0006249078666476134,0.0005100267469123935,0.0008374097590905739,0.00016938667012210925,0.0002797666759418394
2022-01-13,0.013644837410779891,0.009209794831532777,0.013769736176504337,0.013080062979984711,0.01051008093650292,0.01557175228441864,0.005783065255817653,0.014350257294147802,0.00032138897327783835,0.0002995656395145019,0.00020491161959085402,0.0006285929613481037,0.0005167639027447644,0.0007365510759561962,0.00013549033377537783,0.00023012645760315362,0.0003214052912360063,0.0003378118754600456,0.00018177491177488392,0.000575150427337768,0.0005091083093359593,0.0007608473447624228,0.00012692016565273115,0.00025743969462568785
2022-01-14,0.003507020310814671,0.008067439929057944,-0.00033596967042690196,0.009073757058545483,-0.00024658537035420446,-0.006803457411192857,-0.002158555428881636,-0.0037947973656414767,0.0003701036050959126,0.00027428242613538375,0.00014606601643426178,0.0006532090434998574,0.0004696876507563567,0.0008365136434625652,0.0001272817573839762,0.0001669694568470241,0.00033575076632304756,0.00029699032030790576,0.0001154500188811719,0.0006626845359810827,0.00038715755965485935,0.0008263614439182695,0.00014041216739431087,0.00018806289627521622
2022-01-17,0.010691046322708293,0.00849704831001372,0.011685053758813601,0.02266372026137269,0.039294112675615715,0.03700750888357965,0.004644441254828112,0.012343692029925572,0.0002905993838374832,0.00027546732553221425,0.00017972615857913076,0.000465198510908163,0.0003663844417207121,0.0006023657063185899,0.00013502516112860182,0.00015236212119233806,0.00029388431150517653,0.00026538408578510213,0.0001728207070553855,0.00045534932556883455,0.0003874061923434741,0.000614237078829833,0.00014259646167967739,0.00015881287440562162
2022-01-18,0.0050461630285878216,0.01501097871868771,0.006283227793515332,0.04047756974234903,0.013456268073698723,0.009710007173880703,-0.0015466442584125798,0.003574431680642249,0.00025229014583959394,0.0002982843000677359,0.00014625195010601342,0.0004964964469496946,0.00046773029013801395,0.000691471313753325,0.00010109548816017182,0.00015374095575050665,0.0002584728053225138,0.0002920289550452584,0.00012312976820026943,0.0004238452733397344,0.00048450900166716515,0.0006278357755112678,0.00011668119617648204,0.00012407206061618598
2022-01-19,-0.010810201198962711,-0.010044360475798793,-0.0002964873350811506,-0.008434495644767347,-0.01118215892949145,-0.02190413179638489,-0.007083565322835785,-0.0015226135862209697,0.00025513486377030736,0.00029865793763144533,0.00014900313493324395,0.00046786612443253675,0.00044142134119400746,0.0007443506013406784,0.00012623798858435724,0.00019996754582223155,0.0002260077284940887,0.0003139905924365618,0.000170518114607103,0.0004345630792169377,0.0004223648915124311,0.0007303211068739492,0.00014394432577576684,0.00019748963425554806
2022-01-20,-0.008842950874530632,-0.009444287775828744,0.0012655056218208855,-0.005142203210061891,-0.0013314699559304102,0.013935611428509059,0.003067915441221616,0.005819670231607794,0.00026033788422761883,0.00019636642928463124,0.0001484009496925915,0.0005807605516575734,0.00047022337062057153,0.0005534709599152622,0.00011852564717563012,0.00015267633109336355,0.00023007963746085556,0.00019670866726597877,0.0001461420499803505,0.0005588597765754072,0.00040169432785927545,0.0006123753480391764,0.00012458119095986784,0.0001593110817265676
2022-01-21,0.019567621939899155,0.017724989606093748,0.02302173278075022,0.03925060901871566,0.028909186518564074,0.018264449254577916,0.020116439415717863,0.01872901652682214,0.00023454504108180342,0.000221563331225036,0.00013549902297188763,0.0006448435357847209,0.00032731270482342864,0.0005466107973560217,0.00011194847210243093,0.00014473955514061326,0.00023835069398502417,0.00021937114335294393,0.00015009721131641567,0.0005365573681430998,0.00034717148991711465,0.0005185179091575247,0.00011347415328945114,0.0001515588392379815
2022-01-24,-0.036739368533597744,-0.04493165780044346,-0.0006775330325481941,-0.07023227551845831,-0.039065223441977694,-0.09145009519044613,0.004233276495037121,0.01853643535063435,0.00021249729753301786,0.0002133231372559526,0.00020663883083038082,0.000617108688547544,0.0005152735143724628,0.0005215690354195874,0.00014237326127486248,0.00016833886536483285,0.00021188209741601383,0.00021494732133061752,0.00021967560794098126,0.0005874537884606882,0.0004972027534035665,0.0005749468546599548,0.00013661828690637656,0.00017093567558026007
2022-01-25,0.016371094991206918,0.0021296449416284557,0.015779101436556732,-0.00036591863017631187,0.00728379464196987,-0.03480490707225441,0.0019968384718257134,0.010391482522465776,0.0003930966381908284,0.0003866516946022171,0.00018613705724464862,0.0007109911526143769,0.000544542391145199,0.001223679834842044,0.00012427369475476012,0.000162510259216291,0.00042373981659862294,0.00040553705260202796,0.00017874484136353743,0.0007660923896501208,0.0005473556767948844,0.0013414032914836256,0.00011470634709761661,0.00014852769599703236
2022-01-26,0.009336813031640738,0.015925642396204916,0.009354780131247688,0.009529520382806914,0.016460111770446494,-0.0038008749518888022,0.0030997137560335,0.007361036342135156,0.00039347009460379874,0.0003582798164600517,0.00019685501665300182,0.0010198333264264685,0.0004039699414809184,0.0018307066768827377,0.00010312879888820375,0.00018634724817121417,0.00037729276925278717,0.00035246406098187426,0.00022711018911508247,0.001042462706895393,0.0004221445465130893,0.0018504503199971466,0.00010242305747812174,0.00019804875110016436
2022-01-27,0.00012326826360954738,-0.000955997999374091,-0.017391596052407202,-0.010021303605509726,-0.02319660400587215,0.0001868133920022644,-0.012677246641164246,-0.02253763605000236,0.00034136545337934714,0.00030499713499814693,0.00015824261894059415,0.0008572904516265073,0.0005566424657464133,0.0012367945717911102,0.0001090874035557962,0.0001740295675892516,0.0003465444748806203,0.00029620176477206935,0.00014604886452490693,0.0009473551424797061,0.0005759827848606878,0.0012061395945895282,0.00011600066128103415,0.00016144146425634709
2022-01-28,-0.009808438143482987,-0.0018441141969306333,0.0013601462752803448,0.013803134037368879,-0.0034109632040175307,-0.024198171378681736,-0.008349583039204033,-0.007060961570531612,0.0002981767043092671,0.00026758108959666497,0.00016174519998797462,0.0006174220837898146,0.0004228743356781647,0.001241914256841752,0.00013489671742308634,0.00018033642563332857,0.00024061460735344068,0.0002443622747335694,0.0001419952533229023,0.0005523176190497917,0.000408572124657332,0.0013429836757627748,0.00014339134440308508,0.00016937104809502563
2022-01-31,-0.009977369579666249,-0.00840027994051143,0.002777482251482184,-0.016806748353910057,-0.015499754601470505,-0.015720693046265125,-0.008675470583242511,-0.0011349723463418239,0.00028870174240608446,0.00026105206191459797,0.00018094402995691753,0.0006448349625766493,0.0005173975842299862,0.0010132480211973382,7.969678391007673e-05,0.0001676408847481486,0.0002454713392042363,0.00023639873266000495,0.0001761289598913642,0.0006370180085286501,0.0005788586082304739,0.0009485083519716838,7.933616307486736e-05,0.00013645351508330948
2022-02-01,0.0058421873731675285,0.0048281918167424566,-0.012600061383649584,-0.005524419537560162,-0.0013137528640113896,0.014545863087482276,-0.004081688294089757,-0.01374320599332732,0.00021203986482092111,0.0003472344094349023,0.00019001730718259767,0.0006864408168140085,0.00042265850644243293,0.0009594239610058665,0.000134256907526116,0.00015772255355831424,0.00021551313402490746,0.0003287360388752411,0.0001772495888886444,0.0006552220906468539,0.00042056379097100803,0.000914911968171316,0.00013890568695582495,0.0001650351352150518
2022-02-02,0.01514657376172805,0.012898088236833088,0.003319089373771549,0.017667325864172585,-0.005315915586531889,0.02146511378291651,0.0037814627545307796,-0.006437103873103792,0.00030404792429104176,0.00026404810807907083,0.00014391155732419185,0.0005592315014304723,0.00031437824996168116,0.0011598291303077618,0.0001284743556557352,0.00017556034926268307,0.0003175621695433936,0.0002394471394034016,0.00011503428709731547,0.0006193243197294406,0.00029591056852688185,0.0011886399264829195,0.00011355795334261345,0.00018710823930936433
2022-02-03,-0.005315931172251908,-0.005437519028584218,-0.00013269844623903948,0.0019002796207423798,0.005002886694744259,0.014763036439965115,0.010682661162213948,0.006418720444823319,0.00025466600245043034,0.0003208302689324032,8.47050604599788e-05,0.0004912885954656434,0.00037218027915975814,0.0008079760487613591,9.407644955445234e-05,0.0001694708265249848,0.00024084842770494033,0.00028180624793063935,8.038027774596671e-05,0.0004541962336827084,0.00034103770747610367,0.0005946642917365009,0.00010046191036343607,0.00015466855558522787
2022-02-04,-0.003133789984567698,-0.00760702739225524,0.0042812532246427545,0.0018047428547408994,0.018421325083318472,0.03518472885012438,0.006624022299152161,0.019369241415250038,0.00020562436534706985,0.0002524153718050075,0.00013244402699057257,0.0005814161248958396,0.00029687042752317823,0.0007399126257374878,0.00011915274161460165,0.0002350035427243848,0.0002142049997460584,0.00023856169267043724,0.00013127325952881413,0.000528066101756815,0.00026828482795647105,0.0006913070046918738,0.00011754470971366613,0.00023065247769707032
2022-02-07,0.007244446420182462,0.0021143935624478995,-0.0020274592896676654,-0.014012675861997616,-0.0033800320047091504,-0.004958937693195575,0.0016284243091897331,-0.015634379068249837,0.0001475505117006196,0.00021150648471014727,0.00013090144360445807,0.0005438187506766148,0.0003118245693097042,0.0009014015891612161,0.00010621725013675437,0.0002035312962803787,0.00015155160110393894,0.00018621315890207988,0.00011143485725826056,0.0005619650355298242,0.0002823074768418726,0.0009799889316526244,0.00010918107775928578,0.00019969251268625232
2022-02-08,-0.01992705988637748,-0.01495141423935038,0.002558650637141093,-0.014217194998029611,0.012941806504146223,-0.04011114256927882,0.006856411973940116,0.020914813932978872,0.00020446688398599884,0.0002116026305142721,0.00014365509245926352,0.00038462028381827494,0.0003588225851697771,0.0004822440435276148,8.291845323216363e-05,0.00018824140505900786,0.00018211297237352616,0.00019950848654484496,0.0001305162452939146,0.00037699929853283375,0.0004037169854174856,0.00046820509953477394,8.292291075826518e-05,0.0001734450997545622
2022-02-09,-0.007688957490520657,-0.009386669444162957,-0.006584420541127543,-0.011025831015083538,0.005716076366456149,-0.008479116688197934,-0.0004479778426267823,0.0026089968102327304,0.00020306553560871064,0.00023246500176259298,0.00010700120282067882,0.00039799398464641326,0.00035578468778568707,0.0007601309785514129,0.00011029719939549609,0.00020231827892029617,0.00019111719103312346,0.0001878579502373908,0.0001080154193193153,0.00032988788633909544,0.000409325717914024,0.0008019985915040378,0.00011111106508896657,0.00019756553984748163
2022-02-10,0.004677117785280615,0.003461420380504707,-0.001664325850964263,-0.005563819196344423,0.004882192075444199,0.010940764835016908,0.004210394536002523,-0.013081784883852424,0.00022578673349194314,0.0002421956046864368,0.00013934279364230678,0.0004256718773812198,0.00022231710036201685,0.0008160280256363957,8.978695395444864e-05,0.00016490008622002658,0.00022660260376119705,0.00024858415331349796,0.00014929839822069575,0.0004696782376428954,0.00019578153979022076,0.0008058306480590289,8.23732345987556e-05,0.00017116055360550764
2022-02-11,0.021163770560994326,0.012883347236168175,-0.0006606087843694362,0.01863307060283152,0.002390678504163476,0.008875321565658349,-0.006157969963509633,-0.010778809239158596,0.0001936391412826118,0.0002327217452116457,0.00011797992093803413,0.0003897923231725073,0.00034361425967829266,0.000696677819511834,7.089152058510224e-05,0.0001894342836572102,0.0002069892503826626,0.0002399879685118143,0.00010994599608697703,0.00033525962380581665,0.00034756301556502394,0.000730184955890921,6.714744407504967e-05,0.00017618580921369202
2022-02-14,-0.01060221050636883,-0.012688163233101893,-0.00497945369384733,-0.02796071606440152,-0.021727939320817402,-0.03976492267937504,-0.0004682464609754874,-0.010557678843208178,0.00022356256746117835,0.0001446947115022096,0.00014875688457100626,0.0003942688634605829,0.00031958907310357485,0.0006381785998163737,7.373613674887747e-05,0.00014841943445874364,0.00019844505245053616,0.00012310763638924223,0.00014679872261855146,0.000410737274859594,0.0002745328773735312,0.0006690183123355522,6.972751742264103e-05,0.0001361138074051973
2022-02-15,0.007127065499795843,0.0061890287110511364,0.00841118330007473,-0.00017142957275606584,0.004740146891734609,0.004052975127623194,0.006819351145365015,0.037838802244193115,0.00018802321826332877,0.00020171899642706476,0.0001108490049213468,0.0005362135219198704,0.0003897246292274271,0.0007533504138139041,6.172800822977296e-05,0.00020010168990780737,0.00019449968563950328,0.0001889160596339093,0.00011489787777332548,0.000473712168575122,0.00039587498523348323,0.0006541895198886346,5.726226407152983e-05,0.00018610511915637888
2022-02-16,-0.005353706017472298,-0.014794785883695094,0.0017948787997346246,-0.013782781177309885,-0.039233143793089564,-0.03809175044843108,-0.015992128331784414,-0.03016945820223124,0.00021077603286016853,0.00021559256653408125,0.00014969384198304855,0.0004141898474729279,0.0002784698315605632,0.0006394679586449618,9.333525653643913e-05,0.00020179377867145048,0.0001980701023048092,0.00020649227255351,0.00015874236399724691,0.0004320963747207105,0.00028966799082496956,0.0006648416409498298,9.121277081471714e-05,0.00019432050464569564
2022-02-17,-0.02225459703747446,-0.019315050933084284,-0.009547013388307652,0.01217271012006616,-0.044309263241001,-0.04624455730424362,-0.009682014679101384,-0.027579924438096315,0.0002013035640044183,0.00016358724307887344,9.791862594589873e-05,0.00044288649988922667,0.0003094876313150991,0.0005749343999010353,0.0001055268914119861,0.0003527620893845291,0.00019595710181645094,0.00014372448520515892,0.00010907988865708401,0.00047729521113127634,0.0002932612970158625,0.0005105510945614739,9.888025303062708e-05,0.0003632260232164993
2022-02-18,-0.008174627806486739,-0.006274234379683507,0.003859479192506874,0.008211972212623634,0.010965289726261896,-0.0020762554270454424,0.0044351729672219556,0.003051355846539218,0.000284273431194832,0.00019212779222496686,0.00010623802951249939,0.0003388145968318782,0.0002917863281456608,0.0007875204551913114,9.996555031004749e-05,0.00030738880536725587,0.0002738632060210588,0.00020515065219807506,0.00011412321814770661,0.00034494265735441167,0.0002643984695308813,0.0007430111440068603,9.992145095749541e-05,0.00030552709802473925
2022-02-21,-0.008489628972054518,0.01370015430914411,-0.011788515806756227,0.0031915313060684515,-0.009824899356700799,-0.001829046350020314,-0.007938745686037496,-0.018887333760849244,0.0002200179954989281,0.00020913649282549034,0.00011109716431683385,0.00031062445128130303,0.00029850551087825535,0.0005883344402543574,9.946884424831067e-05,0.00028446027482331097,0.00019214942359955267,0.00019774560193706715,0.0001260731007477324,0.0002890502068539704,0.00027470153136584707,0.0005689338785153152,9.189678831321148e-05,0.00026917747784356355
2022-02-22,0.010446596448850896,0.018566523929573614,0.003980279274307526,0.03301423616690443,0.03321556054110959,0.019956566854232565,0.005156714448375904,0.011910999349864657,0.00022181768595547517,0.00021920893396803426,9.494090526776217e-05,0.00029322664025121554,0.0003248230019595078,0.0005807219582421596,0.00011682135073168001,0.00030979290935810653,0.00021838685291371399,0.00021794738929153888,8.184707459794211e-05,0.00030322656505305337,0.00033266543886816875,0.0006529179949011298,0.00011138302075599985,0.00031606807685158247
2022-02-23,-0.004956184980153712,-0.0025785568597331107,-0.0037857677373718743,0.011679655097534117,-0.012055320581196268,-0.03911899501257912,-0.006339265592506556,-0.008554784542813321,0.00017354582410890733,0.000208777366027156,9.477616227561118e-05,0.0003530726251008376,0.0005656514839226573,0.0007260836194266529,0.00010323788747771208,0.000285720872732496,0.00016979086357123897,0.0001741088066193563,9.856080735991143e-05,0.00032523679861125125,0.0005163355169857911,0.0007497386101162736,0.0001022965283324286,0.0003119017734265491
2022-02-24,0.018900964414296947,0.0007768635091115819,0.03388262677523944,0.03585164201971783,-0.02740796804320533,-0.01966713422485412,-0.006119974046182241,0.02567045444586881,0.00017402567265034657,0.00019251420908372846,0.00014282108368896,0.00036032866224408963,0.0003326877709164943,0.0006712495386870809,8.363058861148225e-05,0.00027457794325710456,0.0001776482942236684,0.00016938212384372316,0.00014991288627238606,0.00034147405770579005,0.00036789164323543667,0.0006188194581793224,6.493167177865438e-05,0.00027695049270631795
2022-02-25,0.0025326520192893304,0.005086055665414501,-0.003112478839731425,0.021909914701747135,0.010689127030769484,0.018897542878645784,0.0022196931699465902,0.004279700492770008,0.00020406746318085266,0.0001880530887264264,0.00016133535898507485,0.00037069518735775625,0.0005278502965172518,0.0007920568926542893,6.95930813214365e-05,0.00026581639922621826,0.00021212079435397997,0.0001780024712920316,0.00014934958860520248,0.00033879852546100415,0.0005186188656281219,0.0007406292170664348,7.884021953997046e-05,0.00028403753953116107
2022-02-28,-0.021106071712809073,-0.01589411591493961,0.01094933710685248,0.0011286046854487536,0.0036201767455853124,-0.020556599023245806,0.0072212073005208394,0.03219747793038716,0.00012789769398034777,0.0001955314440959511,0.00016388115862613095,0.00033456002255948983,0.0003419427812863875,0.0006633578441542646,0.00013222797244148547,0.00028471815061736693,0.00013067154086262664,0.00018531038655773908,0.00016184575976264769,0.00034690423815860437,0.0003435079853534741,0.0006662684531689655,0.00010940610637694924,0.0002777569543027941
2022-03-01,-0.015103154475163099,-0.02683859930134726,-0.005958743394276758,-0.039701431795134655,-0.03552978040519549,-0.050863503842526234,-0.015924436633431512,-0.0012917850909099598,0.0002188320880849788,0.0001978162033077179,0.0001893656674010718,0.0004351545880246422,0.0004027778055849289,0.0005676644626619544,0.00010265399201020623,0.00036909823768107826,0.00021378214016397145,0.00021142422678310454,0.00018461232088456945,0.0004364461550279336,0.0004546471470825969,0.00048801810939044375,0.00012704795039566454,0.00034825921940342795
2022-03-02,-0.0026798257040066957,-0.005337305339433997,0.021022616562988157,0.02391605932805028,0.0028023686582646853,-0.002929356865987058,0.0028517860842536217,0.022818413857361955,0.00020323428142902556,0.00016596513694040337,0.00018003166287861133,0.00044365117186587004,0.000472829989347579,0.0009288049402136287,0.00010004182034276206,0.00024885473180435866,0.0002153449699650438,0.0001667402318816426,0.00018555407751549906,0.0004838615604021395,0.0005272027147019142,0.0008575448931393092,9.980522053262517e-05,0.00023160872510606645
2022-03-03,0.01070856285077673,0.0008266901055044033,0.020108531012351747,0.024595224316847762,0.008582216670563615,0.006167284769842122,0.009637446324013305,0.018601719618657402,0.0001890258355922802,0.00015955051711551092,0.00016977451005079826,0.0004295441936407244,0.0005313824482773057,0.0007562534414336254,0.00011366284344186107,0.0003930641845196219,0.00019518761199959885,0.00012011979462055843,0.00014403345354305807,0.0004644359096152514,0.0005874684623606794,0.0006978478236464881,0.00011534021846314348,0.00033588134339083324
2022-03-04,0.0031508581097245015,0.0015361537514286356,0.000559695679706105,0.0005292405043738433,0.005889326482318225,0.00924981670314257,-0.0001303016970744761,-0.005330352412057146,0.00017374381477360483,0.00018797141397122903,0.0002347883766031779,0.00046178406575025417,0.0004296937814277562,0.0008279083824300816,0.00010683254986341467,0.00033693167561748964,0.0001876623700577567,0.00021073453395503315,0.0002501516346194002,0.0003593237812223577,0.00047685616022442173,0.0008580192325711327,0.00010343740373229889,0.00032523316048399395
2022-03-07,0.01652439218530987,0.012492549327848084,0.004060311142567464,0.009553609105033828,0.0008941487118344643,0.004971464315228781,-0.006112172641186247,-0.0075045151552305825,0.00015470782534627109,0.00018513983585694078,0.0002054917912008688,0.00042894396958614953,0.00040063539153474754,0.0006209217226291213,7.857542182477724e-05,0.00028514679710476334,0.0001518255410275564,0.00017778375396853034,0.00020838660063554943,0.00042410227851648075,0.00037894203445054756,0.0004872639480020018,7.207019408612912e-05,0.00030307538196492376
2022-03-08,0.016002823743749384,0.016189410644712753,-0.0033662108951316126,0.004784467855279642,0.008413548690858173,0.010964029274550155,-0.0026841452984610226,-0.007458795725811848,0.00013833992226979937,0.00016282165849884741,0.00016871795644482813,0.0005242528723635181,0.0003457683322617866,0.0006740521216557061,0.00010275660057929444,0.0003917429788454812,0.00013180258333237132,0.00015485510730778868,0.0001736796609640311,0.0004898014293279985,0.0003330744781761027,0.0006478531183179851,0.00010321334522494499,0.00040585644799348114
2022-03-09,-0.0006022814487247561,-0.023000722384891432,0.011853749040059694,-0.019535865881808664,-0.008002471249132654,-0.02359498816147942,-0.002952309069648983,-0.0052333679119233685,0.00017021440619048055,0.00018131746183017535,0.00013978884925119496,0.0004196858193783815,0.00035433287502930483,0.0005041004013349208,8.822960784889632e-05,0.0002812599558498684,0.0001648026246416403,0.00016945440429380425,0.00012255121600508723,0.00043279071801625405,0.00031881300736627934,0.0005020665444414077,8.279381616527452e-05,0.00028036101402521325
2022-03-10,-0.050856025265201686,-0.052355582329336396,-0.0130630426764968,-0.015162780970162952,-0.024096682100040144,-0.07552540803046273,-0.012146281152040379,-0.02370895727773302,0.00019432114293820596,0.00024844597150334215,0.0001793827873957487,0.00035734937900774746,0.0003755660025986357,0.0004676291430473946,7.988466817516858e-05,0.00023397859318059186,0.00019584759084385382,0.00022344154073794387,0.0001514003864433038,0.00039929175047051003,0.0003626113584229265,0.00045592087025620533,7.996973845049397e-05,0.00023091976575608937
2022-03-11,-0.00020231901140021114,-0.007667581703179413,0.00773566456820669,0.000184888706140144,-0.00781373868945777,-0.019854520892286308,-0.005951249425322643,0.00865815083797893,0.00046321432494464025,0.0004115521689693402,0.00020073430684298805,0.00045050554670846796,0.0003454810557015215,0.0012540264308494615,7.678063744660983e-05,0.0003395422043027775,0.0004741990984934099,0.0003903899853532196,0.0001825411338916417,0.000420243851875642,0.0003309246432672471,0.001092694084118018,7.486535658706864e-05,0.0003313883603054977
2022-03-14,-0.013332568981910873,-0.015221568705978355,-0.004310059765380917,-0.009841395642139738,0.00614783916645994,-0.012903013258623825,-0.006199978833346014,-0.008531082499302192,0.0004167811310754989,0.0003488381516930406,0.0001971738956153466,0.00030955678742680687,0.00042305180377157303,0.0009427361769528437,9.915295772797118e-05,0.00026226545394087455,0.00036707167106394834,0.0003708130691782247,0.00020327490169159358,0.00029793187226995443,0.00039753876552151663,0.0008795872339435052,7.754970802966659e-05,0.0002725079671587317
2022-03-15,-0.004135724392702361,-0.018790150944627573,0.013468100461060985,0.0032361073522989225,-0.01026702386730827,0.009497037330311327,0.008310043316766531,0.005407758091484664,0.0003829539455436688,0.0003624716996485991,0.00011667031519015073,0.0005022541052686195,0.0003476765291165069,0.0008109677375419361,6.607987974338746e-05,0.00025827507476752055,0.0003672695288972438,0.00039885124992899306,0.00012829253625424707,0.0004861464528777421,0.00028415792149319566,0.0008480492249446612,5.771631972160098e-05,0.00025749420927898817
2022-03-16,-0.01331881559197105,-0.01833528403780325,-0.0015879017009962184,-0.0035070570630373094,-2.615782594679139e-06,-0.026718279876242593,-0.009557648563370574,-0.0065120829932949174,0.00027082922261280405,0.0002924056572303519,0.00015365147284439716,0.00040384979798699155,0.0002707619746478903,0.0006677633861939392,0.00012690306467120965,0.00032943772785712746,0.00020809642620722593,0.00025979866001075085,0.00014455829082194924,0.0004144441186217821,0.00024213034150331693,0.0006115256256069462,0.00012349841372438447,0.0003333669422758283
2022-03-17,-0.014494097249030318,-0.01529604922518936,0.0002556704730574825,-0.018032678813809676,-0.0018895680838121609,-0.026304494546374495,-0.0026612964757520533,0.009797340024430227,0.0004299523997273831,0.0002986027437451097,0.00013977892289967835,0.0003026938852705826,0.00035181421885895466,0.0006917356888020169,0.00010185199026147758,0.00025162023699158606,0.0004299111605067868,0.00031919096794714487,0.0001485277630182811,0.00034149685658633214,0.0003115989788088439,0.0006608659169220534,0.00010606570178675383,0.0002351391618253792
2022-03-18,-0.023564480568179703,-0.021611162897441822,-0.016454379333962054,-0.005305887982809125,-0.03954330219069731,-0.03671227070729626,-0.015134442266932049,-0.03542812394507255,0.00035927479422160366,0.0003413948487329524,0.00015344686736555767,0.00033455168486784575,0.00024898142773037034,0.0006610395438184128,8.879075528225871e-05,0.00019237396100639252,0.0003405961812236801,0.00030192576613737244,0.00016258861568025848,0.0003379450223547989,0.0002290518799113433,0.000604835717475652,7.158283383368556e-05,0.0001744562240911808
2022-03-21,0.0017500913557694114,0.0029097295895832457,-0.0010990892007701435,-0.0022905416809464486,0.011718917955076964,0.02035377705863949,0.002174847628285561,0.01363482932658972,0.0003859762879699431,0.0003348207349056698,0.0001550279456661232,0.0003413460695136957,0.0003272186799657447,0.0007044473905438625,7.932848008864134e-05,0.00031652966962683436,0.00042188563034296493,0.0002966972609973174,0.00017037580193625715,0.00035067329946081907,0.0002587733919403618,0.0006762328575975487,8.4866174295276e-05,0.0002502481434466373
2022-03-22,-0.025578889133112768,-0.0032659729459187546,-0.035008502819369305,-0.028871350528181947,-0.03066753349520179,-0.01963184683253401,-0.017910599420555107,-0.044787403880677784,0.000306550796898339,0.00023489334890533335,0.0001406448052434592,0.0002969846601011124,0.0003215323317706355,0.0009867394271399633,9.505497322591148e-05,0.00029744038781449,0.000334055398295047,0.00020108420094485182,0.00012680022244719,0.0002595719832763445,0.00031565214517663073,0.0009297452537543646,8.635522402743459e-05,0.0003436481312683205
2022-03-23,0.010386289659183104,0.017426543929055214,0.004101526859569303,0.004515351573778437,0.014302677891817425,0.02036565487731188,0.014085283812855747,0.018623491751938656,0.00030127704342247376,0.000285847033663712,0.0002684328163680959,0.0002903682297739008,0.00033674999785421246,0.0006409410114958075,0.00014023454469550302,0.0003862163996792392,0.00028293176807648977,0.00026949195573286217,0.00026841150421682305,0.00031678086266143985,0.00031217183622984376,0.0005871723874909074,0.0001521634132640931,0.00039466410037955225
2022-03-24,0.014590394598286033,0.00866526891767124,0.01452070173918574,0.0052960556968514845,0.018642199684566277,0.03434167979699066,0.017641907925943473,0.017913787602895994,0.0004546699286058604,0.0003111063914193608,0.00025147032849785945,0.00023486546207528457,0.00030898993737032873,0.0007209247035567556,0.00013041241712205933,0.00043866462153901417,0.0004245161402939119,0.00031044568547572454,0.00024974147763149045,0.00022595359044582397,0.00030565273738870045,0.0007879742013165546,0.0001504583928176981,0.00039364654101277044
2022-03-25,0.0028647309790052447,0.0009886067807905422,0.005615167524130538,0.002104860288032673,0.008510870210145956,0.008711656972204367,0.0019416759652914318,-0.005262414574396125,0.00022823972120857732,0.0002600534387809744,0.00030847825972999256,0.00023185398324904015,0.0004494917972178049,0.0007018092649671256,0.00013739131254889565,0.00033967426257708306,0.00021622664012393744,0.00022445451875808425,0.00028601905177883116,0.0002289204917386795,0.00043749844119885954,0.0008080461748612821,0.0001257914185487522,0.0002989573282961122
2022-03-28,-0.00240767340970599,-0.011344907149455893,0.00845021593478729,0.0034113163289789783,0.00819530544272153,-0.013971195074990594,0.00015694725226846661,-0.00222992783593452,0.00034044120962945234,0.00022083700720918416,0.00023158992591637228,0.00017844430924064997,0.0003231544464842984,0.0006009143052030576,0.00010718287277399585,0.0003302784403651371,0.0003498214189501701,0.00021751833188516853,0.0002323689173993825,0.00017360126486767554,0.00028304605586074524,0.0005263890253167795,0.00010374436342344686,0.00034076383217860495
2022-03-29,0.006030738567706079,-0.0024314194816051123,0.019351243507201393,0.010761943356975803,0.017901540463865075,0.01102697202454984,0.015940885759395215,0.029011021071454878,0.00026291506286967644,0.00022678873743492873,0.0002065500850634037,0.00024151412983851802,0.0002951652511160547,0.0005311832810003457,0.0001173726076046513,0.00040221401285328736,0.00026183507256534596,0.00025047183678730416,0.0001963653109581776,0.00026630301368810725,0.0002875138379603127,0.00047855083523337254,0.00010499095771969551,0.00039839962738107344
2022-03-30,0.004244677730379232,0.007186486990609893,-0.006286690395614225,-0.009811704148111226,-0.0003906739330012752,-0.009710328082242065,-0.0010084043223167734,-0.0031450097155006247,0.00026726630576365273,0.00026682540590377136,0.00020369058227256493,0.00021195502119116043,0.00031105721320188567,0.0005144128339932091,0.00015103117425904237,0.00029664547678665936,0.0002628315762323031,0.00027683434573711277,0.00018397607917914504,0.0001951202206801641,0.00033071445285782347,0.00041717539356773346,0.0001624236386616581,0.0002809516127908495
2022-03-31,0.005089558217656339,-0.0017579622696635685,0.0138194596877201,-0.0020033548386280014,-0.0005413884483207797,-0.0067564598702053195,0.0019484646626392896,0.021705800380910276,0.00026065535557790484,0.00024329588172755664,0.000170071389059831,0.00017539451273738553,0.0002577849556315718,0.0005724507334767784,0.0001450778519213822,0.00037017482636286466,0.0002754538862274814,0.00023414075968663026,0.00014781347018354783,0.00018374545016803094,0.0003074528640294995,0.0005016405344335336,0.00013116029613026195,0.00034095388803418917
2022-04-01,-0.023621740485062114,-0.015960119295236212,-0.013386446074628649,-0.011428634718306071,-0.012356163569850054,-0.011990023650591554,-0.0017042315446728564,0.002580031533450494,0.000211627345061397,0.0002656433432141583,0.00023786031525953335,0.00023765388445353065,0.0002113028338758837,0.00044764961020113837,0.00010117761014467525,0.0004723307307872938,0.00022940162775439914,0.0002742321736247969,0.00027879511764858486,0.0002492367787943393,0.00019258106870827907,0.0004634625079641841,9.973700414765918e-05,0.000439498075368572
2022-04-04,0.013396965077009245,0.01135344296314629,0.0011971410531676169,0.005441757123142721,0.015236325365600958,0.0010215823210063986,9.040066048873313e-05,-0.0005680109559788593,0.00022587327713512585,0.0001701543320548464,0.0002723350912880817,0.0002260875956899736,0.0004143103811319747,0.000576824524007655,0.00011163840873508556,0.00036562961428707354,0.00023205957400753474,0.00016418370403275862,0.00026613862863032105,0.00021925687426099867,0.0004048437754707627,0.0006211231102776092,0.0001284843833335532,0.00033664685231670996
2022-04-05,0.002667526323290719,0.0011849111481967364,0.00059065882605485,0.00037390421152426885,0.009973617939679772,0.011528513121601374,0.008091628572458133,0.006439691616090478,0.00023666305801009358,0.00021875146084284034,0.00020179078275712808,0.00014161870446419223,0.00025836578889490636,0.0003960498330535408,0.000102415863709517,0.0003640119159914301,0.00024246458013557135,0.00019918609665120734,0.00020282418788496097,0.00015643072279145052,0.00026334568996570063,0.00037541839047930604,0.00012078946552418227,0.0004010954584877466
2022-04-06,-0.022436960414128276,-0.020508587296489144,-0.01841778624051468,-0.026849245944057007,-0.02059191693612704,-0.004196052060029054,-0.017207815225902787,-0.029052239169131553,0.0003045632367032267,0.0001669411918834998,0.0001565312050541152,0.00016663910466839112,0.00030968307547166667,0.0003171836080250437,0.00010773244282317527,0.00021263322127780762,0.00035591471708274484,0.00016031229878542885,0.00016174637823292574,0.00016023098376183645,0.00036218301507109186,0.0003172842736220103,0.00012317036734731048,0.00020430100943995397
2022-04-07,-0.020921035270112232,-0.016565391064080184,-0.017237033638863232,-0.006461288599934493,-0.023145373262674,-0.010075490818536674,-0.010194543064397236,-0.018298329383545434,0.00021894384219956013,0.00022975409362868072,0.00021152392073157649,0.00028197378394503316,0.00032277153503190703,0.0003873276283926417,0.00010200917348044624,0.0003099814401734881,0.00020171219675194253,0.00025509231064444046,0.00020916636796848497,0.0002698103540428682,0.00031763362687925,0.000410931584505086,9.654826450615074e-05,0.00034343621188081457
2022-04-08,-0.019811056758997178,-0.00911313344944754,-0.014014955604047561,-0.0197663433101837,-0.003727410573926224,-0.01607956298843541,0.002366984946078474,0.003280027841061033,0.00025780044859033077,0.00023667620262334083,0.00020751397391864448,0.000187944074288482,0.00030429873003515954,0.00030835952333960334,0.0001367651045213731,0.0002885610124393717,0.000223511545314762,0.0002312652103098849,0.00019905177425956133,0.00019961118179626444,0.0003444059097436428,0.00027068321496056006,0.0001197602285548611,0.00023996345760690532
2022-04-11,-0.010223085198123075,0.0013667841952753669,-0.016412106452926636,0.004329966346168436,-0.0221119365680463,-0.0030177631452290125,-0.00240691938932888,-0.014474397986404177,0.00024855343191564457,0.00016635555753183795,0.00017383426173626186,0.0002571750514520922,0.00024487157134661663,0.0003477519133501219,9.530040033607565e-05,0.0002999909706590044,0.00023691792738960655,0.00015176279325971023,0.0001747579845719047,0.0002544556178291253,0.000243485724470383,0.0002821758486690166,0.00010077029826506724,0.00031738943900316526
2022-04-12,0.010256577916789598,0.009065980137328367,0.013396565724704773,0.005791489110880398,0.01943736355733246,0.015029677058399277,0.003429018937648484,0.010333441042208664,0.00027951499606637144,0.00018504717455177755,0.0002000294909742135,0.00018201982035997486,0.00031280022962885484,0.0002857843440097014,0.00011739712447925595,0.00035193018992304374,0.0002774496381027147,0.00020536646476636617,0.00022280100680715487,0.00017479486098701666,0.00026684545401720267,0.0002605660753915747,0.00010120090410618855,0.0003264414189648679
2022-04-13,0.017414579352748434,0.002979139749622133,0.02767949552214187,0.021180741116671054,0.008286774535321591,0.006968747989378686,0.01285167156493435,0.014591794891388133,0.0003049950604634144,0.00023293923319267672,0.0001867387389820553,0.00018422039825505396,0.00029901117699676323,0.00033831559119640314,8.929201783435442e-05,0.00031764885870059584,0.0002781363014815739,0.0002347358891889104,0.0001806822324663582,0.00016767309521382483,0.0003199141991276913,0.00032104094804055435,0.00010628056573682778,0.000295417485881366
2022-04-14,0.0060588352274447985,-0.0006596326830650078,0.006978142189963823,-0.0017459983040838904,-0.003052257003203711,-0.009465580896806072,-0.00915374839670871,0.002364206588433719,0.0003084377481516422,0.00017749717324210012,0.0002842897647397036,0.0001933805069221998,0.0002835915889761591,0.0002158231570369295,0.00012042299546598888,0.0002604943295362094,0.0002708796822552068,0.0001807449442381083,0.00025974805219152364,0.00017083520754838927,0.0002785897734913336,0.0002184150393066332,0.00012762812469106077,0.0002835713651415097
2022-04-15,0.003842807424400195,0.004351494645100508,0.008498028257403272,0.005415681319326591,-0.0023882266729289047,0.01228016614024667,-0.010683486558820957,-0.003745278876695806,0.00020580831510245854,0.00019863282401877885,0.00022712561300041375,0.00020738042545187055,0.00024669058368721833,0.00030470361884787233,0.00010230673034795612,0.000258806092204505,0.00020572025734031678,0.0001822771265393001,0.0002171810660546131,0.00020598374356615618,0.00023641582834261948,0.000355726547419798,9.796530725314362e-05,0.0002802429720562085
2022-04-18,-0.0066653299074614075,-0.004100094724284868,-0.017819611849992333,-0.01779224288524412,-0.02781052362165831,-0.02015970077772433,-0.020888136920294113,-0.02627134284590485,0.0002275064990849816,0.00011233754284750561,0.00023024727604991702,0.00019675112698088525,0.00022085750629583835,0.000210990231669278,0.00012177768460732197,0.0002807957724177591,0.0002361786433280651,9.743882323413651e-05,0.000199824359639093,0.00020905202459241357,0.00018252441696659975,0.00022288123766318752,0.00012140045394384909,0.0002987305443983941
2022-04-19,0.019215786660597867,0.01482488858350438,0.020273935823757444,0.01637134105198364,0.020569901821655176,0.02230730558730942,0.005343066705995358,0.014258897999331596,0.00029401817169210075,0.00015007478903867556,0.0002527785526361233,0.0001650726420514054,0.0003120235218975531,0.0003320790802506298,0.00012374627761992276,0.0002312102616771707,0.00033309198761899867,0.00015483966215612354,0.00027587000075365343,0.00015924729842144882,0.00032357203715177764,0.0003324323908302312,0.00013396521818406012,0.00023023039847909932
2022-04-20,-0.013059976649295648,-0.017516113034744818,0.0017525391439383014,-0.009124863912667544,-0.023383615733484693,-0.022127604016901045,-0.014684270236420278,-0.02338349569107146,0.0003032443469762715,0.00015329073643598128,0.0002283470981576201,0.000214207435888417,0.0004219244834862429,0.00030601067848058585,0.00013676179858112625,0.0002684657506933315,0.00024004748596759726,0.00015810375312687698,0.0002352540546800792,0.00022581567929415208,0.0004540872394967535,0.00031853549646866083,0.00012857466828984055,0.0002632148916760812
2022-04-21,2.1506020206574228e-05,-0.002047865728888199,0.00030394367943727656,-0.005056167715115964,0.0053853596901381915,0.00048183653553593247,-0.0023531178245463605,0.0018980603498999354,0.00022949564671223262,0.00020622677860911062,0.000313149830831048,0.00019464754994199022,0.00032272235382278314,0.0003192459041480678,0.00013076563060537686,0.00032491275075040836,0.00022066569330521035,0.00016473381448527805,0.0003303696753923846,0.00021797851080189725,0.0003179843930387346,0.00031332788861185594,0.0001386320271106359,0.0002890360070096778
2022-04-22,0.0047416930060636495,-0.012519365904559564,0.0016068015548948494,-0.010229127971537926,-0.0023722751434206053,-0.006638185318096849,-0.019425812333237924,-0.023943016453368656,0.00016747511924949265,0.00013183966981013333,0.0001768577036653215,0.00020859925765723898,0.0003332599370121705,0.00030657017070064604,0.00014226227756504927,0.0002253058038668664,0.00016987630272388032,0.00014535407333573982,0.00016563565242277352,0.00018388713186725432,0.00030745604983789857,0.00031399952945610393,0.0001436555184546855,0.00022591489761621355
2022-04-25,-0.005967661052082801,0.004463290760905786,0.004820481833077841,0.0033452962366572825,0.013695691497597926,0.008824464202928914,0.004876151257017303,0.02416322300597168,0.0002355884113415469,0.00015143924953539204,0.000195018429188857,0.00018702687666848249,0.0002716920753771332,0.0002293889792086986,0.00015654294624820156,0.0002728738441662647,0.00024201850298445773,0.00014660858398883665,0.00019269854438867394,0.00018663855767363086,0.0002861534988807489,0.00022430428203848131,0.00014138920973841922,0.00025898700154329746
2022-04-26,0.007222272906754693,0.005145793905943839,0.013572199888227105,0.006714219258844292,0.005931254627935362,0.005525323075096444,0.005726734880640624,0.010989338766960862,0.00022891686275895286,0.00015301718282691743,0.00019228691286874805,0.00022505397989279707,0.00023983703670911227,0.00025253968577681514,0.00013552857569596276,0.00026108152532422713,0.00024951653728870726,0.0001543195139230994,0.00020338265532463922,0.00022375207618879455,0.000262358193693121,0.00025118242168689343,0.00015689006462937607,0.0002660104000632419
2022-04-27,-0.011628083403815059,-0.01748267114970149,0.007058028155048134,0.0017240727751602698,0.0012856712363349871,-0.0011916536518403187,-0.0038445559418680787,-0.0021651026167028285,0.00017748312305438925,0.0001382043864775737,0.00020385350557266028,0.00018890470714015236,0.0002505826380598155,0.0002683191243730327,0.0001362464403727362,0.000286679983753289,0.0001678652357526179,0.0001577595997575465,0.00019008387935168496,0.00019884688273739083,0.0002207654287574061,0.0003100578174391801,0.00015166199365007735,0.0002777562797263848
2022-04-28,0.006258988972697475,0.021483026052097797,-0.006597568620540614,0.01525447312257514,0.001533451382609678,0.0071407400911902095,0.013734564062405202,0.008418709568330676,0.0001470237387436327,0.00017689582995704349,0.00014284982727697675,0.00020653363508347443,0.0002828128947088207,0.00021629393651348885,0.0001174184871533421,0.0003334752374801045,0.00014916397330683558,0.00017043030679384562,0.00012599404773109784,0.00019636778048476866,0.0002919542767887949,0.00023597994218174187,0.00011783280221242467,0.00033577429329898823
2022-04-29,0.01305749556682795,0.019470170804404528,0.01795801087563836,0.014839445881210877,0.029457748568345214,0.02585839925060714,0.011171238313490239,0.039817057405462625,0.00012808952111721217,0.00015472561393664082,0.0002403547881112947,0.00017757802734189973,0.0003162016255279363,0.0001816576074750014,0.00011933024326230732,0.00027949104966178926,0.00012512072870834626,0.00016606153807136173,0.0002591288715532549,0.00020784867160667412,0.0002886646519867379,0.0001834692680255291,0.00011404029833910133,0.00023399800747230277
2022-05-02,0.010131005950903922,0.016534519940109314,0.0048875324425747615,0.01231631172101136,0.01231177401480109,0.007207048475685841,0.008596578059441157,0.005859669682923931,0.00024309603569626787,0.00015957672943762305,0.0001655531045428801,0.00016458837885511621,0.00034993737517844623,0.0002602088250411664,0.0001282400109105026,0.00030999225152382286,0.00022594930134001485,0.0001605573604758447,0.0001552240893455785,0.00017353464253885612,0.00035584129698834784,0.00026041523056235714,0.00013414103674013486,0.00031735183965321464
2022-05-03,-0.0011529373176765228,-0.01145755495180399,0.0027005487658094073,-0.010849593878982603,-0.012247232803966467,-0.0029504073706652038,-0.004767771503790546,-0.006769111553891298,0.00022585780182799605,0.0002531581856475411,0.00015109444912941974,0.00014292600964003476,0.00028325005628922895,0.00023806435295316365,0.00013861208792239634,0.0003444513521039945,0.000198275379660461,0.00024643660577663924,0.0001380850985036899,0.0001538251068291575,0.00031613711868543726,0.0002437822009833649,0.00015185700689239037,0.00033841342470267556
2022-05-04,-0.011429644338940401,-0.00888994106389666,-0.021285274242602324,-0.01085793611994757,-0.02269218592508861,-0.005849826908759962,-0.02675762522295293,-0.014053814815384341,0.0001879724455633995,9.59489389520762e-05,0.0001691670067184211,0.00015662604147336322,0.00026077698481718716,0.0002196980401277394,0.00015778828778093782,0.0002509093515612998,0.00017798301114239367,9.712211023031328e-05,0.0001734505638077062,0.000158737814467813,0.0002851709455785294,0.00021015103600039716,0.00014880919370246373,0.00024039428054811315
2022-05-05,-0.0025288787881738964,0.00110836098336165,0.014711883028796655,0.011744490621987036,0.007390329789138044,-0.004227425634065568,0.009847241687381263,0.0023246728685049865,0.0001456302330704038,0.00017132547044929335,0.0002101023247546663,0.00019630446919201086,0.00024222013398530616,0.00021855778123961003,0.00017550701672965327,0.0002927600895188466,0.00012947481296779844,0.00012569272183646482,0.00020450165279043222,0.00016652172706313698,0.0002073963678486649,0.0002115396400852005,0.0001909105768354491,0.0003348150277773834
2022-05-06,-0.005316414415710118,0.0017908129258099828,-0.0009710163309713065,0.002900979084154264,0.0014665604843044292,-0.005348049245132337,0.0031709355207407775,0.011122341360108682,0.00015856914092453336,0.0001555151625238871,0.00023755219687401162,0.0001317798437761522,0.00027932803837537126,0.0001871963470491505,0.0001731076901363797,0.00023795696948869687,0.00016993293394000988,0.00015027536320435934,0.00021235262409914117,0.00012279103341796658,0.0002419874170852722,0.00017483172513183969,0.00018421477806350835,0.0002135764971484199
2022-05-09,-0.0019302411321574387,-0.004931693303150259,-0.0018553827238850192,-0.0009047418343255356,-0.012838467581925694,-0.0006255554600228926,-0.002701985534639613,-0.0035655859730852175,0.0001552067699802115,0.00022637186829174767,0.00015321016010181248,0.0001421690708783599,0.00029267643433992727,0.0002246191579522153,0.00022216240789273232,0.0002220877563576446,0.00016030592371406497,0.00022144502372495174,0.0001443037087686666,0.00013383873029655928,0.000279617914111088,0.00016429288393144512,0.00019234523535447085,0.00021549874711754538
2022-05-10,-0.003125925739041061,0.03201350388136082,-0.01580006529147818,-0.0007018330789610457,0.011599155092230772,-0.007679689211421324,-0.007499028523662043,0.01790540119014993,0.00012233506708687544,0.00018611130580516516,0.000156023191445431,0.00015505199022809493,0.000249345638015765,0.0002087256273714921,0.00012499378481120585,0.00028689799105989413,0.00012727927565300704,0.00019106765859678248,0.00016710704919354951,0.00015876647591077248,0.0002473403207659889,0.00019859590592337078,0.0001295056856290738,0.0002746467690771812
2022-05-11,-0.02073923663453166,-0.009954999616697388,-0.0023679929613483366,0.017827041729576963,0.004482271113015485,-0.014736727086364502,0.0029184628479287838,-0.003923466246795453,0.00014781962866171588,0.0001851583844114535,0.0001941943489516627,0.00010248410361524921,0.0002789841802712639,0.00015919878298158513,0.00016044226247617904,0.00033769596702700974,0.0001401717633638015,0.00019511724647880855,0.0001736677403006701,0.00010092363625677385,0.0002609007478721363,0.00014970180335832764,0.00015674832652475953,0.00033986471318667616
2022-05-12,0.0012036858159851544,-0.007006623421935719,-0.010463271802903502,-0.03472330350319336,-0.020130894891229514,-0.014245232738456763,-0.026908139860800127,-0.015246337370706086,0.00018438684680405315,0.0001873336062054173,0.000201589566883688,0.00017494276853568125,0.0001818233451849204,0.00020642487275180678,0.00014809570031265346,0.0003025100061267671,0.00017439940780265492,0.0001484979260402978,0.00016221602262517042,0.0001684695172557681,0.00020006583202709124,0.00019602170681372837,0.00012794321054072693,0.0003042599770580942
2022-05-13,0.009828757345916086,-0.005978178664525902,0.007026059711224602,-0.010324918744378325,0.0033202467747234623,0.008392770433372589,-0.009079335057607654,-0.015127288132966817,0.00013973729839125018,0.00019487486830528056,0.00016615471709113992,0.00028232045748398496,0.00022001369442802628,0.00019219479337894137,0.00020094444862113015,0.00021462723327366303,0.00015517470412397446,0.00017159926255841542,0.00018508196187637157,0.0002759114557814493,0.00020837457155856715,0.00018085867855886103,0.0002079479875385125,0.00020990503866154776
2022-05-16,-0.00318392416687624,-0.01507351199280945,0.003799689703262923,-0.006765735063651103,0.007624102763030673,-0.0006977917528737709,-0.008281902842370036,-0.01598113215269136,0.00016847942617220202,0.00014566453453182152,0.00015544390746457376,0.00025891349712878946,0.00022140763796586152,0.00015868502699994863,0.00016910607853738236,0.0002538033934573183,0.0002030530073702251,0.0001455456995833925,0.0001634476065233272,0.00027717230547009877,0.0001900390919959456,0.00014483887216322185,0.0001790972371402327,0.000270683242362159
2022-05-17,0.016094174764066906,0.00775200141164396,0.00170675118779896,0.0005618837289127904,-0.004831699377050073,0.03095360584824095,0.00931912664584362,0.013718246093869403,0.00020708379462400703,0.00021987845432317726,0.00018425280177852425,0.0002243559848226384,0.0002411577947051816,0.00017912383333891607,0.00017815887823880626,0.00025489186633791057,0.00021714317785237114,0.0002335731316106649,0.00019516171234430343,0.00022212685528742485,0.00022390877599383368,0.00019467724718858452,0.00020694962908367453,0.00023672634548215345
2022-05-18,-0.01397307591857288,-0.005930880501330013,-0.009706887253039405,-0.0037065414732023842,-0.007655835009036378,0.0018999173699979044,-0.008625431340507453,-0.011171357725927913,0.0001423865879269154,0.00021647576777961686,0.00014055060181470682,0.0001616022278633015,0.00024042167194688701,0.00020508853388603082,0.00013948020643496882,0.0002325175758182017,0.00014279173761414863,0.00020353340724718228,0.00013592363950557816,0.00017326170752070806,0.0002397233076404644,0.00020872802760571894,0.0001401894027476157,0.00024945372880582197
2022-05-19,-0.04006805467420032,-0.03567998990353735,-0.0004718106990017961,0.026268389047217622,0.029399556204995292,0.006740576324000869,0.0073728398814390615,-0.0025819830676695544,0.00017714498478227147,0.00019344434600094304,0.0001683926610402888,0.00020010419105602072,0.00017800220573250587,0.00017371545589127619,0.0001248147846940792,0.00030086320552855013,0.00017918347542120484,0.0002240534611118831,0.00017175231968193406,0.000224895681053461,0.0001885037181031007,0.00019604773964365844,0.0001292362004966038,0.00032885804859552004
2022-05-20,0.004917392871362827,0.0008774536848612676,0.012758999195277542,0.006616901410845506,0.005873543077697204,0.00861600145898665,0.01133545450912707,0.01704491002032845,0.00032361644580643017,0.00027810097621295545,0.0001267995138920654,0.00023102343705169305,0.00020384616739468512,0.00022356974296094481,0.00012492611309946372,0.00020787902960586635,0.0002894439101780273,0.00028926117477421254,0.00011905138064835186,0.0001835864029738538,0.00020579870069226854,0.00021486268612022099,0.0001297712738991009,0.00018376605599494563
2022-05-23,0.019582880063712595,0.015809452018336494,0.005736133539945915,0.011999479966965343,0.008753962870323801,0.01840247433953868,0.01849344367019177,0.012797100234025593,0.0003368677411645736,0.0002448768069761093,0.00011576709395206834,0.00020377127270401987,0.00025394786899925756,0.0002121687898894102,0.0001411548382615323,0.00022460919218408225,0.00032467116963977045,0.00023653518083597083,0.00011103625469434871,0.00023505690285922887,0.00020310581985498,0.00017292450850623002,0.0001447395907725306,0.00024108859378610376
2022-05-24,-0.005582676085437008,0.0033431173407736264,-0.015907503058041374,-0.007339950175644907,-0.01143882281479131,-0.010658959501614022,-0.01005439416578538,-0.008631248836349456,0.00024605300160029285,0.00022961343508161945,0.00013780454869324305,0.00020043904718043703,0.00024839352330464286,0.0003014402352043717,0.00020536330839666895,0.00029204547464721487,0.0002639191089506074,0.00024008075378411362,0.00011707604590835328,0.00017580449030981074,0.00025971191482780144,0.00025534637165216644,0.00021072258348675408,0.00026928890933122725
2022-05-25,-0.004717773391566234,0.0042068366657319126,0.0057302670587656155,0.01444194769108287,-0.0009547964749815044,-0.010740961998721873,0.005734274879513871,0.020778992381813115,0.00027313980360734304,0.00018216310691967274,0.00011348596491704044,0.0001969323352970579,0.0002904866429296685,0.00015033543097580398,0.00018779946237488512,0.00020938099022018263,0.0002416610216578509,0.0001953234846688125,0.00012384013142121113,0.00019109683124928485,0.00026643642635456287,0.00017779346868327447,0.00021059277968799725,0.00019957857129879864
2022-05-26,0.0008528308779170232,0.001919516005825648,-0.003639914579503894,-0.0038536424372959746,0.005257311047438764,-0.0008483697131462892,0.0018463048570091537,-0.013085901690357704,0.0002837039805644096,0.00014305534312077298,0.00014630159564332966,0.0001849504382627307,0.0002114724655732059,0.00014586463107227747,0.00015059520817935822,0.00021754703623569674,0.00022045087461943272,0.0001557953924055544,0.00013843944414236318,0.00022283597607602204,0.00019133780543334185,0.00013862076985978112,0.00016220479430942628,0.00019149382910239068
2022-05-27,-0.00940260800556343,-0.004506670798179103,-0.0009450906035823013,0.009067570563980625,-0.003841514552219631,-0.001762226687516967,-0.0014328037524545313,-0.007331552715687936,0.0003552516048904026,0.0001770569919056886,0.00014789358816763825,0.0001873599976576753,0.00020263761949933305,0.00020575038118090283,0.00015963720390271973,0.0002046019112373517,0.00040212169423462017,0.000192739698795289,0.00014599278096646888,0.000200618590307894,0.00020422352510140578,0.00021921723861246175,0.00017630375966540198,0.00019691024799115955
2022-05-30,0.007479781680952879,0.010764642805666321,0.005239040812343974,0.013378812263026566,0.004739202403743716,-0.0033154228805625826,0.003087158136470809,0.010943639451903936,0.00020988479994735025,0.00014894180749304455,0.00010209564272123599,0.00018727103064647549,0.00020725726390373122,0.00018139897446886813,0.00012538506246159473,0.0002506760143533981,0.00020790952473130367,0.0001631666364871428,8.960461563995918e-05,0.0001777110399200286,0.0002199209268227166,0.00019897680392037747,0.00012628891488683776,0.0002176473026888926
2022-05-31,-0.006090598204688962,0.004093497805836544,0.0008269413305451863,0.0031267816152106558,-0.0015283933250191074,0.011117544842886873,0.009173890827748802,0.013032825233220198,0.00020179349618976261,0.0001841370930217046,0.00010141679981005418,0.00016863570418789833,0.00015846405379713938,0.00021402723429121115,0.00014504902556059182,0.00023170234901245064,0.00019131428322940352,0.00018414642024428484,0.00010084425909568275,0.00018431746271655748,0.0001610446017849054,0.0002282981154381288,0.00014548143074668936,0.00023612955264803485
2022-06-01,-0.0003924375861058667,0.005642475930494458,0.007535302387599741,0.016799157226896084,0.006477179656379463,0.012944903879785152,0.021972966498111365,0.017060313568126616,0.00019373851483463312,0.00013739750784734966,0.00010667875200311069,0.0001770189351214046,0.0002172084356656383,0.00020369202550389555,0.00014649399122099985,0.000197865039821876,0.00020473212558409489,0.00016096342429282673,9.885538807570658e-05,0.00016804653548103965,0.0001782934816080688,0.00017095948617856677,0.00014295133523771074,0.000192303061514596
2022-06-02,-0.005077067819922432,-0.001732324771116578,0.001004071900037829,0.019603093657127004,0.009420374140971247,0.01498717285226097,0.01609158131601992,-0.004163289513718135,0.00020886377679825153,0.00011204575790942393,0.00012474403428871947,0.00017472147453414567,0.00015773037540717434,0.00018822327958758508,0.00012604184927878222,0.0002516112541188416,0.00022711623240632807,0.00011397537695499007,0.00011847442604763735,0.00018195751167812924,0.000138235870798838,0.0002177204553580218,0.00011516666179063958,0.000278373177681582
2022-06-03,0.019487754371502422,0.016012182299346506,0.0030345530634795417,0.0032770731859872258,-0.011080671072681495,0.012010788857780749,0.01373573536324369,0.008011874523638092,0.0001373688972597376,0.0001318343685840627,0.00012328005678679824,0.00016319517417129697,0.00018908743996981067,0.0001553281796096819,0.00016896902174601408,0.00019566999847995314,0.000147296140984016,0.0001425214378791395,0.00012983621658801142,0.00015605169546380228,0.00019973294891141618,0.00012798404931094052,0.00015913508080634957,0.00020096960327913052
2022-06-06,-0.015085005098398099,-0.016409147908306453,-0.017025289595163983,-0.009274200360503216,0.022101107599843614,-0.007219889942283002,-0.004508578196352688,-0.01904817726520483,0.00025052047455788404,0.00010373761081869354,0.00011428053166749456,0.00020400874424106644,0.00016996985892230748,0.000163053429119823,0.00017063699176236383,0.00019397253640291681,0.00022944270347128576,0.00010542600582766096,9.170438261517128e-05,0.00023276533970167845,0.00016582785067424153,0.0001579049553291756,0.00018092882988154886,0.00020113662520714472
2022-06-07,0.003741034193184378,-0.013729499240201894,0.0071302980786543185,0.006025211324705149,-0.000990632360730569,-0.004837537468636617,-0.004030010416055802,-0.015010244289115487,0.00019757811416963158,0.00021445299406500713,0.0001045634887416289,0.0001903296913366158,0.00016481915581158805,0.0001846713694889215,0.00018786039341762986,0.00019053620571096922,0.00023735957771596204,0.0001866630814294311,8.551054466553612e-05,0.00020206378923422164,0.0001637872175660798,0.00018724672679557562,0.0001947319949287059,0.00016986377374551012
2022-06-08,-0.006560924408307181,0.0017594290807799134,-0.014923136875688844,-0.019219600453961386,0.014886451658677963,-0.0047728705507717635,-0.01390635465019749,-0.007320564965389036,0.00018365195667602053,0.00015652465645040625,0.00015526923385922838,0.00020519878165082766,0.00019060025014693862,0.00012276201247518373,0.0001949401590777328,0.00019747196673556013,0.00016652549101992808,0.00015776622511995932,0.00015489464338591354,0.00022594741910265134,0.0001991973300388903,0.00010837574887404127,0.00019716354763650001,0.00019600035662303332
2022-06-09,0.002252379534049005,0.009479417388581561,-0.009920437479628817,0.00395162644750744,0.004180099697412179,0.0013708106876517108,0.0064888099563243625,0.003964073132722032,0.00016208957104783136,0.00019915729770185039,0.00011903979788285002,0.00022788158262961825,0.0002437201502564951,0.00011423542706783707,0.00018454673170742762,0.00022410371358611662,0.0001640761767352831,0.00020316330807539773,0.00011854680634988823,0.0002044614931662721,0.00022451707020550887,0.00010090491352002335,0.00017172795557613178,0.00021379571534217785
2022-06-10,-0.004347054818792418,0.00446393341348906,-0.004792116965200828,0.002751147073510507,-0.0060427009352984305,0.0111615598452776,-0.011518510580178578,0.004803215930355123,0.0001420876580417561,0.00017999001874012972,0.00011614196575576784,0.0001653668635014905,0.00020811631566707082,0.0001602093439271165,0.00016842386578193964,0.00018538700532109008,0.00013456086416194658,0.00017939984455436804,0.00010981032012954464,0.00014108888646137147,0.00022489089691533234,0.000165132888760602,0.00014545081793585225,0.00021498452012396567
2022-06-13,-0.008377128051000908,-0.007573859404917764,-0.01441319480878084,-0.016422304901582575,-8.758569553409201e-05,-0.006771194506526751,0.00630358293100069,-0.01469920699874186,0.00013286146270026093,0.0001869409950935089,0.0001400693929270499,0.00018886172354904118,0.0001638574950301392,0.00015058757987602126,0.00011012343706818708,0.0002640647141216494,0.0001046783585480117,0.00016332183333818098,0.00013433575511924677,0.0001813309404597459,0.00015951154862300294,0.00012107270497537439,0.0001090912248823475,0.000247290354336504
2022-06-14,-0.0034557563989675148,-0.004987082059540742,-0.0006649582740681191,0.0010734050894752824,0.005980015612846899,-0.0003772425197323655,0.011381010108672979,0.005239895024193661,0.00013507417540734124,0.0001166480091685325,0.00012247496243276857,0.00017333287061403998,0.00017854507314193788,0.00018485421724722266,0.00012572049052211092,0.0002463170239991619,0.0001155579303811434,0.0001378409983954163,0.00010799410903520979,0.0001873646814952147,0.00015005789572855891,0.00020345633179226123,0.00013563507251699713,0.00027940120383779395
2022-06-15,-0.009427515387287894,-0.0013739315081562425,-0.0008599265278858841,-0.0017601514477767863,-0.006638337641137544,0.000608170708460745,-0.008312317825042678,-0.0065470318226206045,0.0001172771147181174,0.00016158664470184144,0.0001289006502938493,0.00019491105635321366,0.00020871368251386055,0.00017489266938304935,0.00011371562302694498,0.00013855319924364898,0.0001239129932166239,0.00015458388763468054,0.0001278886378846975,0.00017985384262322806,0.0002267577328161506,0.0001680074650822262,0.0001259085490225439,0.00015373353927058863
2022-06-16,0.010385797809888797,0.004175843870228138,0.003417386718885938,0.009607715303712266,0.001875777498285824,0.0007336868433772143,0.010917362160294417,0.008741191093176311,0.00014985356859508397,0.00011969684151808357,0.00016226356835831422,0.00015041234340212837,0.0001593622293386728,0.00014214765424458653,0.00014898582193096857,0.00015708509440979807,0.00013244474820946415,9.77480303638337e-05,0.0001608861753219539,0.00016179897372463927,0.0001709134029196144,0.00014246023663723318,0.0001267079773068271,0.000180773004177811
2022-06-17,-0.006784979213238561,0.002596329917236218,-0.02033788300358513,-0.024661360322649102,-0.0023568190297984064,-0.003792723885691661,-0.021415143551414603,0.004686221300672732,0.00014471440418918293,0.00011106939849485173,0.000115531628780774,0.00016117422082147172,0.00018019449937352574,0.00013234881780018184,0.000182871282922952,0.00014094146820187493,0.00012790230817384058,0.00011622797598818232,0.00011529127714999762,0.0001615909807034219,0.00019098714778740153,0.00012759835782419078,0.00017380377847710818,0.00013514398442986882
2022-06-20,-0.0004094621871741609,0.01660977814215526,-0.006750460928180222,0.009622585543811105,0.009367720970227192,0.017625409146251558,0.0004407736835999654,0.025176464686794936,0.00012454812188875423,9.927258068181293e-05,9.505386159829399e-05,0.00019668892192712761,0.0001347326890918511,0.00011622177037368055,0.00018016397022774797,0.00014808201255458173,0.00012157701388013644,9.078982053814161e-05,8.961342902725338e-05,0.00019862796069043074,0.00013645639027637464,0.00011791645728446732,0.00016885036873239145,0.00016284124673076762
2022-06-21,-0.008312861172962056,0.0025029606875290617,-0.012403437308422527,0.0014285628112581735,-0.011806685907981916,0.0029012449560410192,-0.004624156865158598,-0.00553648362610038,0.00021062640255157055,0.00012922972327661207,0.00013841941440195468,0.0001862659243842815,0.00014362118281471532,0.00014819023605620776,0.0001483169802586023,0.0002192286976973652,0.00020401509936763968,0.00013510620581280142,0.00012712891685600212,0.0001947897236843754,0.00012674906385410863,0.00014825525869569065,0.000160045494130385,0.00022059823205433068
2022-06-22,-0.0023049898549920163,0.00689898034217309,-0.011127363506136698,-0.012643057273432632,-0.017519148327557372,-0.004214065883174798,-0.012713295151106864,-0.00834907105184825,0.00015529188816796086,0.0001574987876696855,0.00016978266953302106,0.00014360849324585265,0.00013662317060964617,0.00015481603870308428,0.00018122286057115054,0.0001551592945085651,0.00017887230694993295,0.0001544550704965019,0.00017304043636066164,0.0001481405886822987,0.00013531530360639155,0.00015246927925328341,0.0001785612335768803,0.00015311718410220218
2022-06-23,0.0010095894756848123,-0.003999553386998153,0.0029681090788056756,-0.0012455719005349947,0.012407814282893398,-0.004035254450683124,0.0018086190910609381,0.005235115990220146,0.00013250009419791243,0.0001539778035455305,0.00015204232371668027,0.00015140906803378184,0.00015690439915351612,0.0001226285987510561,0.00012556074069977317,0.0001668926231904454,0.00013352102300675516,0.00016761344038692224,0.00016216646920761183,0.0001538102128652917,0.00014624903815652217,0.00013833543002675125,0.00012899674067564276,0.0001822393782318995
2022-06-24,0.006705899975677313,0.017350872217420706,0.003823822100959968,0.004479023693025896,-0.003787533530317721,0.006078330932572785,0.0015219044318614606,0.02725522906133493,0.00013980609232086945,9.62251796680088e-05,0.00014837163459114572,0.00015022384689547584,0.00016567246923717606,0.00014745160135089664,0.00013075180067420223,0.00021588946570817545,0.0001368583284174412,8.382764559508455e-05,0.00013501977409971318,0.00013725129063680734,0.000157075739536211,0.0001536646068241026,0.00013136990360134506,0.00023582553927871652
2022-06-27,0.009702405214598968,0.013721281039220707,0.0100991905437029,0.015015620144125365,0.00660150660667378,0.01994354267805065,0.01699798139834226,0.024095649452339628,9.229759638991978e-05,0.0001273344804792789,8.971966901947976e-05,0.0001481340209880714,0.00018027670461562121,0.0001316362391568692,0.00014601798254455084,0.00015695652498097965,9.557294428712584e-05,0.00012031808419803313,9.041260114081767e-05,0.0001457702517525146,0.0001504561473459991,0.00014064071916431277,0.0001662438047379733,0.00014602198974920428
2022-06-28,0.002296786433817134,0.00016411417500314786,0.008165829772579914,-0.003617175614735196,-0.006083881451296972,0.014890878304556886,0.007644269312219314,0.021349918004802116,0.00013517102379154288,0.0001728143675744571,0.00013066424466095123,0.0001891562945117323,0.00018302972464116917,0.0001426152062142125,0.0001704661645642378,0.00021731816291899541,0.00012661245065442875,0.00015892079412331743,0.00010744855607243919,0.00019606404029149974,0.0001847438050617609,0.00014906977660673987,0.00015179853517621137,0.00019088436606518215
2022-06-29,-0.0016644525035982918,-0.0066390275097500265,0.007453932703033403,0.008950664914916182,0.0024063957255842485,0.01464491693572282,0.005943838312016003,-0.00109635226021383,0.00012675106894456916,0.0001225859507350644,0.00011400117727197175,0.0001200578243701704,0.00011610961862083875,0.0001705318442907978,0.00012808198514859423,0.0002237558943923933,0.00011482925036820095,0.00012916401160329547,9.896883931044316e-05,0.0001195302607594495,0.00010196972499696742,0.00017405976513361487,0.00011862966848054406,0.00024342172279996093
2022-06-30,0.0019877392971032366,-0.000489753542979181,0.00396192031062335,0.006915159239055788,0.006043825987214878,-0.004646080239843732,0.007858321022103622,0.009218566992623092,8.567427674629688e-05,0.0001314500137144144,0.00010255268791323509,0.00010803950243394089,0.00014451311779789191,0.00017110542931593305,0.00010568240993790035,0.00024287756771298877,8.683174291839162e-05,0.00012000975422487545,0.00011134778106463963,0.000103838851390227,0.0001427642105620294,0.00016423820529359618,0.00010635628562031423,0.0002920411189782522
2022-07-01,-0.0038421689053225673,-9.536560469627068e-05,-0.0097901538071298,0.0018382401951378248,0.007834580166399537,0.005359204790453166,-0.0021474686554250125,-0.011459462853704762,0.00016123204102692833,0.00010265527608442503,0.00011699727610730864,0.00015640576936272953,0.00014674920535303907,0.00017310851718852827,0.00012469147556801817,0.00013516609875792405,0.00016778523476728558,9.215946928851865e-05,0.00011651718979181495,0.000145461407008719,0.00016632549778133725,0.0001659157673325252,0.00014411522548999075,0.0001567124788897454
2022-07-04,-0.009884396206524905,0.004051445845695366,-0.009710682430714709,-0.005578536932993897,-0.005946443276988367,-0.011104955704629953,-0.0065677177912420075,-0.004860046055445533,0.00010400066730667074,0.0001301119439474996,0.00013112174049191404,0.0001387925067369138,0.00016980260606042622,0.00014082555506188358,0.00013719998026341497,0.00017852474587235598,9.949842724111437e-05,0.00013543401891462814,0.00011858942069854172,0.00013145108810167722,0.00016591549451417124,0.00014064334674268608,0.00014550775205905881,0.00020960128870281753
2022-07-05,0.004966607885937536,0.0018571127903782658,0.0010617324443504795,-0.0010043218479013514,-0.00534483583935145,-0.0021169653657941096,-0.0032423533383508785,-0.006015175967958081,0.000119760812853947,9.6298423641949e-05,0.000115310628958112,0.00012171378149051632,0.00013371536597595168,0.0001555217821120053,0.0002024282261305682,0.00020594831669062548,0.00012094019189884412,8.876064416902847e-05,0.00011363961560015984,0.00010687648098220141,0.00013851729059799172,0.00016176205346093736,0.00016857540859355278,0.00019154066944639288
2022-07-06,0.01008810220943027,0.0049743063008264145,0.015089306715931665,0.009083885455539549,0.010045788613444793,0.013567635811185768,0.009935716867795607,0.011340058065088827,0.0001143334705687286,8.413101972143917e-05,0.0001448758217788768,0.00011992554866790466,0.00017040896657603824,0.00015823365272224897,0.00014992945423076266,0.00021657437799137426,9.929232221379864e-05,9.473808598098618e-05,0.0001454428036889173,0.00012080734334027732,0.0001814089074222253,0.0001462669639142674,0.00014927510727445276,0.00022446357097625388
2022-07-07,-0.009398804363978074,-0.004983072229738674,-0.0032951440320679714,0.007846285097057178,-0.00027106683015470413,-0.00043546494517535475,0.015057265733128967,-0.003639028414905728,9.062098241681734e-05,0.00012152138920030125,0.00014583575964655372,0.00014082789478355568,0.00012252152891132934,0.00015046497255540213,0.00010899206571679762,0.0002055585786436461,9.563415626778863e-05,0.0001252459564885997,0.00014029159673427749,0.00012959304669780158,0.00014124360658470991,0.0001668707845010729,0.00010051586068055884,0.00021444837224451535
2022-07-08,-0.0002869071786681599,0.007249063512509991,-0.010601106648265302,-0.009548744027265106,-0.006589298068566267,-0.003769341831708125,-0.0007813593407157977,0.004358269608564265,9.981113814086211e-05,8.990651760390078e-05,0.00011621084200799946,0.00010975033390043986,0.00011309432733440101,0.00010189890375322846,0.0001319553115198776,0.00014831648936418953,0.0001038627926192333,9.816684043537602e-05,0.00011268749663749754,0.00011643896424269201,0.00010311456513854409,0.00010442642300518317,0.00012662250637076252,0.0001459398787161206
2022-07-11,0.016454085207616088,0.004385008979611091,0.002422084700530442,0.007106845899904766,0.0034971369017527953,0.0008811056856689526,0.001413174539784343,-0.010092358141714055,0.0001276812801698085,8.803238218418179e-05,0.00013625390881665932,9.57803152214541e-05,0.00012037475548056787,0.00013787832902586943,0.00012669983937475314,0.0001562706959891125,0.00012704566611397136,7.628012900927267e-05,0.00012665290825966444,8.604565405422546e-05,0.0001235544819982517,0.00011384605448170446,0.00012838943457255843,0.00013960544788070475
2022-07-12,-0.01403646440459526,-0.0186059118210676,-0.006853769898804177,0.007898093875961815,-0.002681865857105209,-0.00733425534513034,-0.005396212622849358,-0.015750127462735193,0.00011809700960260978,9.82692670136616e-05,0.00012379583426839338,0.00013294097688457146,0.00010234561237282318,0.00012142929085424273,0.00010678599984213965,0.00014866912699844242,0.0001160871416885986,9.819995946773188e-05,0.0001276745875248937,0.00012533230728759877,0.0001001850501506869,0.00012198556217901988,9.86619770136272e-05,0.00015954857135450228
2022-07-13,-0.000729225290589002,-8.67718117146486e-05,-0.002504409415581624,-0.012496731803673927,0.010781456033775533,-0.0009965947645004629,-0.002223544362561666,-0.009285388774403307,0.0001548439243681495,0.00011735851953693631,0.00015003871517421874,0.0001104889534690969,0.00016580074412211995,0.00011913177820697207,0.00011964158243486957,0.00018762421472394726,0.00017198830953087308,0.00011800994421549044,0.00015834986455072638,0.00011966940034485337,0.00016978036974578308,0.000124142191589779,0.00011814623138944869,0.00017618986006221368
2022-07-14,-0.019100016751398448,-0.004099327599347536,-0.011596272850694582,-0.00776608374679473,-0.01309011929790795,-0.017330771545826504,-0.003359476225273296,-0.007307400450930053,0.00012607089114283104,0.00010165114792878244,0.00010888431648155618,0.00011310883906953964,0.00010343545251995006,0.00012496870189370588,9.815700381042409e-05,0.00021920299301744734,0.00012606078700493862,0.00010624027253265503,9.099074464905357e-05,0.00011114620103799435,0.0001141261669961021,0.0001227399428033427,8.799869640134158e-05,0.00021627789117496736
2022-07-15,-0.01986359555899673,-0.0012306998854872753,-0.012719590765880279,-0.004312890036152979,-0.009894583174428323,0.007041088377144158,-0.009614529946019294,-0.008745005487497211,0.00015961387369816315,0.00010875629216539008,9.25671129191102e-05,0.00011481029610747649,0.00010683029604148457,0.00016883863355646671,0.00010920308578469209,0.00021337619652431514,0.00015471402279135859,0.0001139862280793079,0.00010510749563957743,0.0001182375006345453,9.993096613373413e-05,0.00015742342296415877,0.00011024993558410992,0.00020311868860388457
2022-07-18,0.01927454104153132,0.004189897228378052,0.01887894696196852,0.017652010272678775,0.0009765952889541798,0.027469596951481184,0.008243049530520337,0.0027758037459345007,0.00020030711865306962,7.21684969645455e-05,0.00013475605004841448,9.891071523394019e-05,0.00010022577764573634,0.00015332230034242154,9.745084952177214e-05,0.0001497536822242204,0.0001952099291172583,6.759027745547241e-05,0.0001316324115896741,0.00010959240398183059,0.0001056751043723833,0.0001389624941780245,8.931581311232257e-05,0.00013588266409919733
2022-07-19,-0.02877228891440084,-0.01999825888138266,-0.018389067269776082,-0.014027276970692797,-0.004546007639054905,-0.02217275862511364,0.007984430625088931,-0.011746790695425686,0.00022043449034369076,0.00011451284371393473,0.0001245912506137584,0.00012137206528351437,8.035903878007797e-05,0.00023230412279100725,7.109021052229348e-05,0.00012871621390836213,0.00023574759298306523,0.00011190134250384759,0.00011847992552292756,0.0001223030186879062,7.186697332784522e-05,0.00023882301710823037,7.749493793078401e-05,0.00014628305437870947
2022-07-20,0.017466393893335538,0.010537302854713498,0.010578574889342407,-0.0014056121076879966,0.00023182265920637944,0.012887567758884371,0.00014431631894852795,0.011619634178924336,0.00021612704731953516,0.00010760306386757921,0.00018456154851648215,0.0001559398501984322,0.00011989916108409985,0.00026094057494599146,9.483687440394648e-05,0.00020766393833261798,0.000214913652208892,0.00011743062897297122,0.00018781332206931108,0.00015591287547076426,0.00012605921325705346,0.0002565717585156841,8.044513014566271e-05,0.00022036169790869112
2022-07-21,-0.004941341664595423,-0.0050018685918789335,-0.006383589427589082,-0.020825885047030496,-0.00466970203559921,-0.002612040929754478,0.0002601152733458112,0.007950560127112233,0.0002855482791870114,8.406564124159521e-05,0.00013006056155518583,0.00013583266020891354,0.00011290932234079042,0.00026676929519908185,9.067103652787324e-05,0.00017599922951239518,0.00028150617258050446,8.245470588432868e-05,0.00013552678694915072,0.00012327566161715793,0.00011851209458991791,0.000271082464164851,0.0001017719408713197,0.00016591392879120902
2022-07-22,0.010128516679628125,-0.0002177688824674309,0.013856101425173696,0.007523724366852734,0.01610807285431587,0.012317020767644639,0.009474651439744044,0.004598466504546287,0.000280827042373384,0.0001303306727822129,0.00011850206862792304,0.00014216927566038532,0.00013400432178767508,0.00022576207526518377,7.516571387314058e-05,0.00013574044720250192,0.0002779907520079035,0.00011888635574807577,0.00011406034171547504,0.00012780224404639675,0.00014147414746776878,0.00017031748191632828,6.846283858578802e-05,0.00014152451115422327
2022-07-25,-0.006503072996826407,-0.008639924292878414,0.010361817649831078,0.013273369069418799,0.0053670174457528304,0.005381810110976846,0.013627758140149328,0.006047045338324918,0.0003165469833471874,0.00013611610905208966,0.00016352675629032704,0.00012223053299494023,0.000112996059536698,0.00022903779626943244,8.770157651857743e-05,0.0001422234214554272,0.00035565605877425444,0.00014005940480978785,0.00014780311078140977,0.00012313370219186844,0.00010927939118164453,0.00022265670910792318,8.422967364246459e-05,0.00012652356933291826
2022-07-26,-0.0029083147342394704,0.007722717287977394,-0.008516883995236727,-0.008896403466244224,-0.014997225561387268,-0.011854920029053365,0.001024616150225689,0.005680382270076582,0.0001812043826061995,9.074045032220116e-05,0.00012251318190795028,0.00016941361495812128,9.66471263973537e-05,0.0001629910734024073,0.00012257358987765384,0.00015387564383145051,0.0001982724815128871,0.00010194269029871219,0.0001181149256086753,0.00016265297410105261,8.43022148769289e-05,0.0001476445343001792,0.00012915320749106035,0.00012874831509810089
2022-07-27,-0.012930348402597314,-0.006610353157833025,-0.00973131941023509,-0.003202096183854523,-0.020513551673551317,-0.01670654039989272,-0.015350370815864992,-0.018977498544715296,0.0002848062507747068,0.00010519040861381015,0.00011228400784714243,0.00013786216534115284,0.00011227532178689558,0.00020053286395869217,7.093986087084975e-05,0.00010421062977767458,0.0002829194447835701,0.00010184467532890582,0.00011352716541123211,0.00014596507015036272,9.929230208848609e-05,0.00019761320367820285,7.080505345786694e-05,0.00011005275854996066
2022-07-28,-0.016676900146872495,-0.01751196725913027,-0.02391368825179366,-0.023123136863496093,-0.01895361292782092,-0.013775476764783457,-0.008344500265503376,-0.021646771016385492,0.00016693701976176346,9.684237998987917e-05,0.0001495668334371383,0.00014523443073926375,0.0001547040476956477,0.00018041064506136325,8.249641536804564e-05,0.00017517691046079378,0.0001540047624308819,9.257050672442927e-05,0.00017228484985087067,0.00017335745332025906,0.00013712426259365672,0.00017740484841871856,7.660496143279183e-05,0.00019346492991810277
2022-07-29,-0.019365925783940537,-0.002176323001349155,-0.01798384281996257,-0.0027448539994338133,0.012597046945502725,-0.005508910799380678,0.018059764944501455,0.010609571774431283,0.00020396948879373698,0.00013653387621645073,0.00022599713663453222,0.00016609994588538375,0.00012046517658394813,0.0001710653273110432,0.00012089981325786706,0.00011447760082753278,0.00021099893277550416,0.00011631695002278859,0.00023587273358619587,0.00014897754044525724,0.00012352805536574224,0.00017992337133256232,0.00010834139199693045,9.639446610445676e-05
2022-08-01,-0.006147094146966096,0.011612886545360312,-0.007728369504495524,0.001709626097096668,0.008022929218050074,0.002777517440401187,0.012102759000888877,0.02050797407227826,0.00027024025056595296,9.736095849634158e-05,0.00024636707190253676,0.00019507864853049635,0.00013565098191302898,0.00024696907652226843,0.00011854305956428596,0.00017006269037572237,0.00025473267757746123,8.294442649394686e-05,0.00024664448369131966,0.0001782894740150622,0.00014727450101408176,0.00025942870658584276,0.0001249118941765744,0.0001420561827992309
2022-08-02,-0.0016356712757345112,0.0006379378401758617,-0.0005688297500867786,-0.0005942760750831295,0.01107650422075294,0.0025493264380919904,0.006715895872378036,0.002033900676275474,0.0002314878666124329,0.00011048051197628962,0.00018339866404688268,0.0001533798209846403,0.00013678785942482116,0.0001913046127227961,0.00012009760936870742,0.00017756651983384016,0.0002664382844979887,0.00011929056204604422,0.00017568009778976907,0.00015015674810002136,0.00015671618050035538,0.00017784063725922815,0.00012316832113144007,0.00017441121766679558
2022-08-03,-0.014116153822082847,-0.006080127649977045,-0.004631889159995526,0.00675754643686993,0.0026706733749016333,0.006731332767655721,0.0038104892008817585,0.008907324945425461,0.00020622284538208326,0.0001168890916510083,0.00017896477707582756,0.00017785758240595616,0.00013619679967160692,0.0001135034924911381,0.0001775649740781992,0.00016478681801085113,0.00018573921874544673,0.00011993763953531835,0.00017653016004928542,0.00015915294385786613,0.00012408392696885246,0.00010174950565619713,0.0001572443984741099,0.00017711221313957884
2022-08-04,0.036181868552656725,0.027212343143247813,0.013493660846391248,0.0009418638070576184,-0.004499776868559496,0.013543903999225606,-0.001032555587617935,0.008383374918572953,0.0001880106712522232,0.00012868358480331722,0.00019601516719451232,0.0001301005441052595,0.00010368379329641498,0.00016535938314210394,0.0001426467521658578,0.00017872169102894404,0.00018094520368023618,0.00014713666518412108,0.00019249415251345432,0.000125663354204358,0.00010347820804251528,0.0001875928578361527,0.00014481876212352825,0.00018400469630773015
2022-08-05,0.009543699925861664,0.009777745389771336,-0.0008003030579539813,-0.0024855256520525454,0.012926108458696458,-0.0031202307924187043,0.00434241487385135,0.002432786180333553,0.00027350745567583526,0.00015801246421486774,0.0001916810507144557,0.00011278796827863684,0.00012229675987950154,0.0001708247707722608,0.00011274311885991535,0.00016859480751119424,0.0002874370613575235,0.00015999707595556773,0.0001739849530640931,9.488874953865395e-05,0.0001309864403241244,0.00017561864009431566,0.00011390180290066156,0.00014792231228322986
2022-08-08,-0.006776006773875816,-0.0014971891271760025,0.005038201687732139,0.007344344783353692,0.003720719609468147,0.002234581183330568,0.00771772181774943,0.007187002586725826,0.00027872813528457657,0.00014269583849138624,0.00013982619333635104,0.00012961956278959984,0.0001425992190377127,0.0001976286024232972,0.00014326648063927775,0.0001754616590519817,0.000303240419972469,0.00014651302058914833,0.00013656106663101426,0.00013585355318291353,0.00012659926550369496,0.00021339190642333207,0.00014097608212753775,0.0001870278023546065
2022-08-09,-0.03335637734436218,-0.014586470324888983,-0.016212401256971713,-0.0032378123469678044,-0.013466159111575825,-0.02189993923337331,-0.012148947566879188,-0.012993133428348088,0.0002620226187220221,0.00018952955625545846,0.00013809519963022936,0.00011440904402035257,0.0001240181225845148,0.000158746244333707,0.00010038317184487744,0.00013380414002601878,0.0002691053607887941,0.00020850723650775327,0.0001446017005414274,0.00012182165691799321,0.00014223140393214298,0.00016824243175510067,8.729021472191554e-05,0.00013752896938354795
2022-08-10,-0.010887329072326748,-0.011290917863088728,-0.0013723240688765356,-0.001096200820382606,-0.0023965370339569334,0.0009124337862756604,9.184159666419435e-06,-0.008509738099369465,0.0003952591207032821,0.00011886405798753919,0.00016889562310896613,0.00012595502713522101,0.00013500254779172364,0.00022391082378263102,9.501113064330726e-05,0.00016304611877464246,0.00043054713645617317,0.00012775492973968175,0.00016200456601461627,0.00013349060189872907,0.00012214879019129915,0.00020930244069998114,8.010401013001169e-05,0.00015369224186542936
2022-08-11,-0.01646734495267198,-0.01001686403245179,-0.0041633176933365025,-0.009314710175631307,-0.001090064960385588,-0.0050745996239805035,0.0016312980573052584,0.0002633853306213268,0.00034031840040552193,0.0001158936766646716,0.00017892139078436997,8.951719665734787e-05,0.0001060670482183999,0.00016152841695396905,0.00011555731045427117,0.000164911802757567,0.00029509682351085517,0.00011153426338449147,0.00015623101555293018,9.004885802986189e-05,0.00011453081026271477,0.00015354583835238073,0.00011980674976670544,0.0001578648929400135
2022-08-12,0.022533879721181305,0.02811907226512219,-0.0061396476529817865,-0.029882068728953947,-0.004528652902791821,-0.008315773377833463,-0.02225307614636909,0.0019472548484633675,0.0003904270572017738,0.00021140177627285834,0.0001366622226444552,0.00013655028339537215,0.00016390749974251126,0.00012897378518326265,0.00010302950083784126,0.00011601721615783215,0.00042597512260934156,0.00020978677162309685,0.00013442384107655296,0.00012746997211915328,0.0001533422628004361,0.00013028971744990167,9.403272804679315e-05,0.00011059303405662875
2022-08-15,0.020227761521006547,0.004377475900787178,0.011380825903547689,0.005020652360720784,-0.0038122838022801022,-0.004650272786840557,0.008159225819926376,0.0030368452014253406,0.000404250513137055,0.00022711519797139604,0.00011287340367068382,0.00017560805624602867,0.0001545577757673612,0.00015725933245419637,0.00010429145968769761,0.00013209002722929054,0.00037973719957134936,0.00021871459229615917,0.00010000556123982853,0.0001959842533351106,0.00015624309658059687,0.0001609784107604471,0.00011013229537606768,0.00011350206346032227
2022-08-16,-0.0009114206881567847,0.007676944420228247,-0.007247349486518246,-0.003165553878117015,-0.0021502190966561285,0.004320045248207052,0.002107587152540514,0.014901076763974045,0.00040933658479844545,0.00014633578683976046,0.0001605462075237277,0.0001534091237366695,9.70257746995622e-05,0.00016397782856168033,0.00011430338571391578,0.00010633521800885633,0.00045678689606576856,0.0001432870147519551,0.00015120489688038083,0.000131949908594802,9.82799417169307e-05,0.00015592280122626227,0.00011078492855295526,0.00011318668956205726
2022-08-17,-0.011914379465913607,-0.022493121475710223,-0.0038245501727809583,0.002731573634836249,0.00156280279131184,0.004478799265116703,0.010191377623646332,-0.0030481555987262156,0.000272659801475323,0.00013251627892565395,0.00013735100462065075,0.00016466444573781764,0.00014845136367611772,0.00014562119899787706,0.00013045781590969747,0.00011894602584499,0.000272680828813615,0.00010926715671315678,0.0001208965491766192,0.00015606227357498937,0.0001391347460290257,0.0001409793014902764,0.0001246147456501562,0.00011567453896314896
2022-08-18,0.01775179120006314,0.02949166398704962,0.009775083370459887,-0.005075775760588172,-0.006318921596197438,-0.01337156431134984,-0.01911142749976724,-0.014690742874373759,0.00039972292540482865,0.00016371103006616823,0.00014045726466417662,0.00013853002756521936,9.246875906354537e-05,0.0001523027775387124,0.00011438675292600049,0.00020661038855601104,0.0004170549788700442,0.00017972908659261727,0.0001366013066696997,0.0001253676467129892,9.260401695567257e-05,0.00016747508825322807,0.00013321939788157584,0.00018369065832509108
2022-08-19,0.029097545900230223,0.025736210645006707,0.00856923842312828,0.004042537746005916,-0.0013507274147616561,0.008794155755827157,-0.003603145001602032,0.008941876276619347,0.00029475509541002516,0.0002582743099750891,0.00013608016545923175,0.00011298017951306935,0.00010725316252060933,0.00014850746733679782,0.00013715264240724053,0.00014689550332649547,0.00031277452557758784,0.0002655250602759756,0.00013739085863437542,0.00010701009535119174,0.0001055894525610527,0.0001533883121825605,0.00012285296614062457,0.0001325841330686748
2022-08-22,0.01994704291232972,0.025982825363564103,0.001976795343229285,-0.008523384846022195,0.0008531139371879369,-0.000769412105567545,-0.005734323777816677,0.004185124603056392,0.00029645357114873645,0.00032258594297549924,0.00014898437626569626,0.00012854606539727334,0.00011299591347352112,0.00015405486727511952,0.00014321126789345757,0.00014864934609703929,0.00034482707430142766,0.00032581045696994474,0.00017330564082895417,0.0001260163039769515,0.00010876338596013123,0.00017523741344412178,0.00014715027989494462,0.00013719468689695822
2022-08-23,-0.005780512289882143,0.012774225570891697,0.000706242396276129,0.02387619380772453,0.00696697568915706,0.005924519822632559,0.023318929185075728,0.030244130581960692,0.00042629966279003655,0.0002822840771946554,0.0001372892084500704,0.0001472315790875576,0.00012303722577741062,0.00011543147483119265,0.0001822175147205522,0.0001800281104252509,0.0004183035552383738,0.0002943610935260797,0.00014632533127005465,0.00014681329777115108,0.00013603753313208873,0.00011757261257541087,0.00015763497870682067,0.00022660905271686918
2022-08-24,0.019719916242173483,0.022545048444173682,0.015959291642946755,0.01070743317365097,0.0026472149298003046,0.009863151273059359,0.001031145897406753,0.019854617299202265,0.0004110985765062953,0.0002591394031746694,0.00013985578419216694,0.00014078351631808877,0.00011372591185262586,0.0001308831166649452,0.00011911267526026114,0.00015202152542001318,0.0004230027590722089,0.0002682279852513886,0.000131791910943588,0.0001449511026619753,9.938536641509324e-05,0.0001400685649734918,0.00010627902849573954,0.00017105389400262784
2022-08-25,0.007557530540309812,-0.0015627171052516877,-0.0014620866200672343,-0.0021273871139602628,0.0019085805675836003,0.014919774122640847,0.010393489299224295,-0.009574434486002146,0.0002468111003109912,0.00043735193759170354,0.00012202370717941558,0.0001475400767084031,0.00010537288895957153,0.00013413346605269886,0.000141741729794784,0.0001636143238838067,0.00023647480876755136,0.0004112570876625832,8.632735052342456e-05,0.00013046346864392498,9.600297540128563e-05,0.0001157743155386861,0.000145053862549933,0.0001856432809480406
2022-08-26,0.007979910652563432,-0.03069626787139546,0.019516731205706694,0.026600027177847586,0.0022287431824506944,0.02624270123894911,-0.014381347362418672,-0.029440922136828026,0.0003177974508538861,0.00026449109948698137,0.00012223960963315844,0.00013393384168692736,9.840068159169477e-05,0.00010822051501669913,0.00018737586085392695,0.000241983405408795,0.0003061568720131101,0.000247571088354092,0.00011328879917482353,0.0001295183430901878,8.62291761909244e-05,0.0001175287520517063,0.00019657195639641008,0.0002271539586967026
2022-08-29,0.01547477276328089,0.004354028294120834,-0.006015068155367214,-0.006870877956897909,-0.00943492553370711,0.002301297677887058,-0.003958850014840752,-0.0056214637669534636,0.00037179140804734597,0.00030825275093489355,0.00011379223293595612,0.00019049582812554792,9.984671465823491e-05,0.00015957622605077676,0.00017715381529321176,0.00029799440640079045,0.00036779716808087854,0.000270496243851214,0.00011857544369606932,0.00021042230367462983,0.00010042591439157159,0.00013501581342649445,0.00018356840274806092,0.0003421840299360918
2022-08-30,-0.006498429879055686,-0.014917328667870145,-0.0003879986803087563,0.0047271148826512335,0.00037562991540040917,0.0025718883245279046,0.003277875387508115,0.00035811512879810456,0.00032253124802528665,0.00026132943775330103,0.00012841032466000385,0.000223457782777533,0.00011379944350302535,0.00019996954356041666,0.00014337437007117657,0.0002250376833491341,0.00031207508014613483,0.00025788273818529216,0.00011117736594657518,0.00019399385541625394,0.00010139052794786806,0.0001930695815668928,0.00013284547288503767,0.00021189598726599249
2022-08-31,-0.004787634147577867,0.014892270573012118,0.012738866369918273,0.009787822629996787,-0.002275725594727715,0.014231906817448485,0.01202781000730704,0.035267371202708786,0.0002705679512642354,0.0003414683709792916,0.00014997843330630508,0.000121023564351275,7.055560566146836e-05,0.00018692794603801283,0.0001423213713531918,0.0002344042227540332,0.00028779298207309346,0.00035352212969984016,0.00014288658648068455,0.00012877359495618368,7.114592488850324e-05,0.00018338171007584468,0.00012161759860934342,0.00021639337051990165
2022-09-01,0.01945716096212691,0.00560756574285508,0.021385612627608817,-0.007955112148113808,0.019054065517011654,0.021697635589972595,0.01578788599033483,0.016570701105090634,0.0002094741854038047,0.00028374595650756745,0.00013851600476474552,0.00021211495863056713,9.265240197324433e-05,0.00013842246274604924,0.00011698952535297933,0.00026368624204478884,0.00021127656848490595,0.00025398934797696575,0.00015503762461000506,0.00021908905427377338,9.403267598899258e-05,0.0001249567710160221,0.00010897433608466393,0.00022129835176964847
2022-09-02,-0.003580143616852587,-0.0026198178247998933,-0.008135161746497747,-0.007018077965538721,0.005891266236469385,-0.004265401597033645,-0.0016773046409701182,0.0032092177616069263,0.00020705277151012182,0.00032520559003594004,0.00013365428446130171,0.00017908709124632902,0.00013458305816987153,0.0002520830990002636,0.00013206199666347234,0.00028479108689173047,0.0002137705176969483,0.00029508736638477926,0.00015615565626132615,0.00017180786294590942,0.0001330884873104469,0.00026422121352020356,0.00010563732813306421,0.0002656690124514807
2022-09-05,0.025216833925642484,0.009175702315573426,0.023968139461231202,0.0009509629425154918,0.0044186068308549546,0.015530391652746623,0.011084972902130152,0.01310709901319879,0.00022037589428475156,0.00026469594141567806,0.0001450654094919937,0.00016507006906153987,0.0001394480963544023,0.00016787268713259356,0.00015165145504129736,0.0002209877874180921,0.00021467352479345316,0.00025638994902191535,0.00014083448061699726,0.0001623664439438844,0.0001347379131056148,0.00015660263863560278,0.0001570412054776383,0.00016234848012872585
2022-09-06,-0.0061704499946200805,-0.008696402416139244,-0.00526065036722277,-0.00014419552138097665,-0.004328756288868567,-0.0015908740201096617,-0.00476852042989526,-0.012325681378609895,0.0003417234756744774,0.0001607303029062856,0.0001878832287787185,0.00012699027675376013,0.00012203505805802233,0.0001900522810577691,0.00013764622310876,0.00022328827160968706,0.00041540548930691035,0.0001793135099671839,0.0001764134930693773,0.00013255877097905462,0.00012177295464985839,0.0001988568174832667,0.00012086336818193483,0.00021103149617284942
2022-09-07,-0.01110119980387464,0.006108187609797855,-0.005078407339806118,0.001014054663363868,0.002683277126065818,-0.001603597952942088,0.00823624756086157,0.01111683137008435,0.00024960738123154687,0.00018358633953371726,0.00018489590554026953,0.00014597754473467167,9.632119578239019e-05,0.00014251664429900242,0.00013861826557149223,0.00023114774818674128,0.0002614386989187797,0.0001962226781393983,0.00019946426109397787,0.0001336308113580593,8.950608851843788e-05,0.00014712722273985403,0.00012827487823662765,0.0002341379318137408
2022-09-08,0.003317013832693112,-0.004140502856668436,-0.0036071864997933197,-0.011499801339609251,-0.0016526261191350865,-0.0028909110331672232,-0.0018610384930621837,-0.001511007305779861,0.0002482292878199611,0.00021185604779252405,0.00016986393404234376,0.00010782252159194426,9.18422466126314e-05,0.00019382249296128723,0.0001239740384041725,0.00021949397705551676,0.0002348383012690034,0.00017993691564144792,0.00014542281823277527,0.00010396075344877563,9.088697449207584e-05,0.00017728222387741911,0.00013736278325013267,0.0002008855781618598
2022-09-09,-0.025556898246908065,-0.025925118374290488,-0.011589050941716911,-0.006225530129941517,-0.007523106725393878,-0.019322535966898355,-0.00411750456824058,-0.014887072003733234,0.00019148382300163038,0.00020600587593997636,0.00013459069667646814,0.00013620905905456355,7.197822700204354e-05,0.00015255644960974612,0.00011802119427605047,0.00018036415921782127,0.00016437782081317486,0.00021060843017751518,0.00013078714284829753,0.000141425729281853,7.782021433855406e-05,0.00015377280725863168,0.00010802146329337163,0.0001802366716137216
2022-09-12,-0.015657887389208997,-0.02390824917716822,-0.022125000619840324,-0.01812949379254721,-0.013215446179826628,-0.026206615745443924,-0.007920005624348898,-0.028415166536780397,0.00030496545022315534,0.0002266268487542743,0.00017509476328945783,0.00012647200317620607,9.683766957192588e-05,0.00021017968326380508,0.00013846038814043947,0.00019352193607004596,0.0003403978613030899,0.00023088252960688188,0.0001659358716865335,0.0001289143388981327,0.00010071120166221867,0.00021242759930569096,0.00015245005498424116,0.00017664812702874108
2022-09-13,-0.010158466793595047,-0.00018874478156372224,-0.007447392119974521,0.004074410366567056,-0.00021975791409743447,-0.01306419924459008,0.013602759040814394,0.009023518402767033,0.00030602263958951967,0.0003612403591950977,0.0001993747268748745,0.00013375876189085687,0.00010972723963823223,0.00021584564566789403,0.00013573792881160516,0.0002937228310626783,0.00032913268083745883,0.00034858944508535486,0.0001939575209874938,0.00012453122698307282,0.00011518582784056701,0.00020583575508671906,0.00013528483763550114,0.0002922789796402568
2022-09-14,0.009437154414564476,0.006012401895799393,-0.0009066879033188902,-0.004260911229340113,-0.00784806583297459,-0.01335325083037068,-0.007428335035181237,-0.008592207002044518,0.00026671718620593454,0.00027047132604957074,0.00019274403592748634,0.00013957835943684055,0.00010526531371397987,0.0002519755500701756,0.00013707777021239366,0.0002904952895205455,0.0002951183552429203,0.0002587730093311749,0.000178700140295387,0.000150239835508643,0.00010514961328773016,0.00020395225300198566,0.00013234197875126256,0.00026738276719798877
2022-09-15,0.012751653694404449,0.00976919405595711,0.006197818470419412,-0.009138138369246556,0.006107540888737815,0.006265107320266258,0.006174464260375907,0.0030029014347580187,0.0002504033770473474,0.0002492211658592574,0.0001481604357196411,0.0001356082838443076,8.347633621364994e-05,0.0001727957937622378,0.00013139488542455796,0.00019957509117169537,0.0002744976286119396,0.0002871667249205577,0.00014244983095555388,0.00010347850077849638,9.410802715822656e-05,0.00016741081699359688,0.0001307906064280787,0.00019817575112219442
2022-09-16,0.013652801687361119,0.011665148306256076,0.006445981059844191,0.0011263229655874372,0.0002811366831408173,0.010127971123434793,-0.011946939502602533,-0.0009633744794364033,0.0003298124959752783,0.00023644821412601878,0.00016254695152338896,0.0001652226293858008,0.00012115294854601179,0.0002471984273629081,0.0001274053257371411,0.0002028666907159352,0.0003217488115832311,0.0002534917129736166,0.00018195219293590234,0.00016815266520517013,0.0001210060416595516,0.00024914310510724676,0.00011122206848309048,0.0002005550825198866
2022-09-19,-0.005471453124630313,-0.0004579342287450036,-0.0068522608329324225,-0.0012503514674670037,0.0010141444497160238,0.0013440461951532388,-4.197693201089879e-05,0.002815666401365998,0.00027189160016053197,0.00020575093508820884,0.00019229886207307239,0.00011004030212883163,8.365792892663558e-05,0.00023346613766248787,0.00012077690681749102,0.0002078822038632909,0.00029995906215932915,0.00020338443573108427,0.00017381870423352028,0.00011064392635696139,8.871198425362753e-05,0.00024751078254290937,0.00011109480875595156,0.00018290637713503356
2022-09-20,0.016689991800075955,0.002083821830442666,0.01630411994325283,0.006362008383494065,0.018493354702743107,0.0228191449557066,0.019699508772836834,0.010393341362561086,0.00027323810121138224,0.00018145911875676863,0.00014160660473752165,0.0001243611727205382,9.760299319255247e-05,0.00019515859985463554,0.00010198527526201992,0.0001881005947269207,0.00027023324172031936,0.00015100965184819051,0.00013823969292136852,0.00012242213037703457,9.487078714534449e-05,0.00017034333491399407,8.726140266051767e-05,0.00016785960840947842
2022-09-21,-0.011265049735374061,-0.008012757198915135,-0.0037627423443291662,-0.0011077388104816376,-0.003992771616885844,-0.001053145789891823,-0.002788746372857099,-0.003644693917850742,0.00019945681780089057,0.00020299984909729238,0.00014888198425252203,9.889614169503107e-05,0.00010578345254230089,0.00025907089038400575,0.00014295934417553468,0.00020909181634368772,0.00020072334623201613,0.00019723944098335502,0.00016252627061611992,9.47431833590795e-05,0.0001126102017514278,0.00022007871565933772,0.00015611854411945269,0.00023129071833520343
2022-09-22,-0.00014324023923111126,-0.00470664724663466,-0.0013243731084024216,-0.006367584183987288,0.0023125524655483202,0.0037104245095581235,0.016543408304159558,0.012221007806655606,0.00017264186356664678,0.00017774737368799005,0.00015113197711465184,0.00011628657229011179,0.00010435429268940808,0.0002056267173522625,0.00012614094396742656,0.00014432929511599805,0.00017132353170655647,0.00015256693449861174,0.00016127770009018454,0.00013108318973994526,0.00011452288486030205,0.00018020858700345393,0.00011977631299379391,0.00013389988172089187
2022-09-23,0.017346322996762198,-0.007008025754053651,-0.00454363309529634,-0.016449342625837714,-0.007728475194677824,0.006351436275129585,-0.029036557865515643,-0.02993115689985889,0.00017879453943760664,0.00014472732677645768,0.00015227032217799856,0.0001070307604701804,7.923681938921308e-05,0.00021200179768804235,0.00010784342926093103,0.000197032625015034,0.0002160269397921575,0.00015454762961349954,0.00014526990503624084,0.00010413341678169036,7.191685876513983e-05,0.00020089293302977967,0.00010790165269202366,0.00020964520682107532
2022-09-26,0.023093801918301734,-7.916462163509215e-05,0.01926023525217085,0.0019693690515316773,0.006844258122873936,0.006340896453207073,-0.002019325756099651,-0.00961660826472649,0.00020759070434767573,0.00026817434050710974,0.00015559502196612666,9.72503403005485e-05,0.00012138994110736654,0.00021810488231055862,0.00020162248300887103,0.00021894924535915212,0.00020864437840684507,0.0002712197643647361,0.00013501857791022224,9.527133122350373e-05,0.00011181074518985759,0.0001903600485308577,0.00020777162601869816,0.00021396694103090655
2022-09-27,0.003781044820025281,0.045413915836902755,-0.03408355456614848,-0.02102464302817824,0.01824288818655915,0.014028058218139482,0.0014142823180615487,-0.0038596003037384926,0.00032808363527251695,0.00016469085339550167,0.00014202992401240354,7.657661219196876e-05,0.00010735946661012411,0.000225342951314093,0.00022660521502944575,0.00021021754193232384,0.00037636946395479156,0.00015923641917918368,0.00013223248404241038,6.866603431514794e-05,0.00010423927451950273,0.0002060097003126697,0.00021137014628870308,0.0002046458241307806
2022-09-28,0.020392390239073212,0.009887319932799543,0.020866525975461375,0.021400828046539762,0.011438850452965157,0.003333914898222731,0.017560426553961932,0.019580392009967897,0.00019548767175658302,0.00034534076657366254,0.00025927325359777925,0.00017452285980051088,0.0001286816850110308,0.00021963182548467795,0.00020844292047695825,0.00018540031590414392,0.00022077809329321176,0.0003668719436120125,0.0002721833443020836,0.00016983069170457566,0.00012872052540768175,0.00020729571372324468,0.00022193331186318158,0.00017898410862856394
2022-09-29,0.010039038234020976,2.7242511776596437e-05,0.005964344296336253,0.009643213735668382,0.004389956070968718,0.013915886748184184,-0.0012583392868133869,0.014624271335869644,0.0002434732347681105,0.0003292997775801621,0.00024899958810684905,0.00014520321191379955,0.00013160485705072822,0.0001682103683303886,0.00012264533208859466,0.00023877808428362629,0.0002505996528065978,0.0003363716534018547,0.00023247274397230795,0.00015131643729644818,0.00014419035247370012,0.0001725275210145903,0.00012182320029591743,0.00021590177893937245
2022-09-30,0.01501064888267465,0.013399243642612238,0.008258560509512874,0.006955689863747081,0.002350499997382801,0.010524866765888704,0.004895204913145706,0.012192474746275396,0.00024485589794592203,0.00033301398506667857,0.0002896327590596523,0.00011550393469549835,0.00011187109826641551,0.000170547494115378,0.00020273259767031464,0.000229176809043516,0.00023493487750161188,0.0003255369628671064,0.0003266734681162365,0.00012472229955350634,0.00010895194415633601,0.00016204026605204933,0.00019645068773583584,0.00022653752915014616
2022-10-03,-0.02060679677703401,-0.02106270792762588,-0.0035589005832591452,0.001023329647393757,-0.004420087899723627,-0.004223085054714967,-0.003863548123307494,-0.01781741639315697,0.0003145981425653464,0.00028147565609377176,0.00017741907741843554,0.00014346517154094297,8.524883786879059e-05,0.00017105055829282995,0.00016885064636857386,0.00019603208022381827,0.00034347389674137073,0.0003016009691194903,0.00018222107488099348,0.0001268001156739014,9.031958865171273e-05,0.00016267544045995744,0.00017797388833857883,0.0001897026374944139
2022-10-04,-0.006052534532268394,-0.0005576958781839457,-0.00019799627752339666,0.006627131040954926,0.0017773269035222972,0.01570376827329701,0.01392315330316876,0.040878224287317556,0.0002444622093019115,0.00020982649070630245,0.0002518088880442437,0.00014131319376683266,0.00010801323971407198,0.00015226042878562423,0.00016570266724645613,0.00023002038501215757,0.00023046884457079704,0.0002046976311684669,0.0002357501968160924,0.00013834357517415874,0.00010373995264105226,0.0001572985087192167,0.0001742758840224424,0.00022055778391235324
2022-10-05,-0.027446618026633358,-0.02274742727822342,-0.006509446651567334,-0.004871865053486011,-0.02691760187570098,-0.023741634063867735,-0.00517159415300272,-0.0009168474260361694,0.00023621561195589559,0.0002503152115590088,0.00023634105913714718,0.00014015973152836373,0.0001022805360686195,0.0001895261105789027,0.00016554360292816533,0.0002603695011674344,0.00022301563983559392,0.00024441009328363627,0.0002583146804333594,0.00013888042021796763,9.856657555631224e-05,0.0001592541186776091,0.00017133862468737804,0.00025201252122168606
2022-10-06,-0.016965383882136847,-0.014885739375800561,-0.015491534862588243,-0.010208550159908653,-0.0072919514534739915,-0.013281549197639493,-0.014097828723804946,-0.00917383002062674,0.00040494299110534454,0.00025628864657693253,0.00024226495534352373,0.00013263335319743308,0.00014832732516236312,0.00022242799642031743,0.00016727635620269608,0.0002092022688364173,0.00041102022776375117,0.00021611136932927013,0.00021880656670673465,0.00010792839800112675,0.00012639943792827225,0.0002212907517240235,0.0001739742916550531,0.00021841734731336364
2022-10-07,-0.014377488310450518,-0.011260204403378089,-0.009492875529309195,-0.012995241612335328,-0.012509803098597767,-0.010840302111563943,-0.008354592933809791,-0.015368309124935687,0.00034939110435541423,0.0001992045911255018,0.0002055246013111511,0.00010349001649839255,0.00013866189875839477,0.00017347491488292364,0.00017971745069810457,0.00028745383830524083,0.0003038171940339056,0.00020406414635375914,0.000200294047588083,0.00010038462333373225,0.0001421743703002865,0.0001775947685074167,0.00018596034914330722,0.00027067984796664234
2022-10-10,-0.003240672075993775,-0.007198034650240306,0.006086760044993455,0.0017524041216583257,0.0005601757882166002,0.0075269272543027005,0.004722638690444567,-0.0010926867958708376,0.00029234281182057497,0.00022186615767579072,0.0001651652545181035,0.00020681592368281706,0.00013984021171457324,0.0002669323033565363,0.0001269715171449482,0.00022545281989393525,0.00030502895513239797,0.00023958006943689092,0.0001507999299408439,0.00017340875145961592,0.00012570268336694517,0.0002337760967041523,0.0001331179109185699,0.00025775454807961475
2022-10-11,0.01930129274897178,0.0027805292160601354,0.03655892645977221,0.014567600320240215,-0.002223305507332794,0.002720811955547389,0.0166753091264119,0.015772628594421044,0.00022587011237811184,0.0002677072913457072,0.00016193847903147847,0.00010057128526104137,0.00013900642741251947,0.00020419396809631115,0.00011814617266875446,0.00028971067584815705,0.00024208266357148784,0.00027517942091733486,0.00017694018373729995,9.62202138318567e-05,0.00014396270074933955,0.00021310828173522556,0.00010740662074206487,0.0003224691595345966
2022-10-12,0.004742596018079091,0.00523978214843291,0.01578242218788256,0.007728651998046502,0.0038769295409538515,0.0008186555314305933,0.002496166473615086,0.0027457843047992403,0.0002138460172619363,0.00021514516277218156,0.00026989492221956847,0.00014856185522158175,0.0001300191315020327,0.00018959962300658126,0.00017138482512655688,0.0002823674115889914,0.0001891125783854048,0.00018821256029450284,0.00024523418399346927,0.00017128717064988864,0.00011643406484512844,0.00020016430867525722,0.00017937918362825197,0.00026020148315504944
2022-10-13,0.02106513728568475,0.011387006448938964,0.007255332075448308,0.0019332851449189968,0.00011781063565869819,0.004351821804133496,0.016280053134020377,0.011023397924979009,0.00025751410662688476,0.00020252636863097226,0.00023265434321832174,0.0001325744745607595,0.0001599480902475194,0.00013248186413245664,0.00015557141117095332,0.00027767278536673743,0.00026769791916255494,0.00021835420921911299,0.00024199611158774197,0.0001457832824680636,0.0001570079608015614,0.00011889642580924063,0.0001374680531688741,0.00028588526436331676
2022-10-14,0.0010047510534747532,0.009200245006389917,0.0006916301755073231,-0.009166492893343573,-0.004942335044909706,-0.013209456264170777,-0.005284837074195946,0.0067257195933763435,0.000277520578797528,0.00022773413308414033,0.00021235647957783537,0.000144500772532306,0.00012681060440187,0.00017362495481897892,0.00013657944094911967,0.00031648640905217103,0.0002561903925593316,0.0002463212217626722,0.0002522785073476493,0.00015294822826490448,0.00012988358641205313,0.0001696020070459291,0.0001355377545005988,0.0002508276167095705
2022-10-17,-0.000995662832634925,-0.018974878509596952,0.0239162649381878,0.0032449002368021202,-0.0041637680300529,-0.003469574591088328,-0.007622356508605412,0.0016954535530420937,0.00020709841206744938,0.00016746868292588312,0.00023113166760115915,9.666787110088557e-05,0.00013400469130715186,0.00018018486006763778,0.00011427753298248661,0.0002853295591048757,0.00017298129794626665,0.00014183344926614795,0.00019576703611687139,0.00010266912517781659,0.0001348935825417433,0.00017448054798596774,0.0001284809830473202,0.000287716918011785
2022-10-18,-0.04353328603541809,-0.03582824789907824,-0.03618696285052172,-0.014907783706925836,-0.04384574162428974,-0.025037794219600774,-0.025973318197672825,0.009867436997032925,0.00024792001807077523,0.00020134355074293359,0.00032999363415399494,0.00012523964747364685,0.00010167885540546411,0.0001984370365112408,0.00013201853626092122,0.00022854941296236126,0.00022769690022373976,0.00021440849185140414,0.0003472108026140345,0.00012501313582466376,0.00011362388113906305,0.000214278740080276,0.00011416972355561595,0.00022690865131913464
2022-10-19,0.002558186217308955,0.004112918669161025,0.002230594779393018,0.00294725575400406,0.008636651493865643,2.3340169688097073e-06,0.0012012548206813776,-0.002967037688380601,0.00037980122416469525,0.0002944767323687102,0.0003921934067453884,0.00012457320184559536,0.00027871947143932196,0.0001772516328701246,0.00017180603694321142,0.00021591452703413744,0.0004056590246167583,0.0002751445377043613,0.00043389128501538065,0.0001175171132674393,0.00025301901123528375,0.00016606859333161855,0.0001630392588881861,0.00023119487988784428
2022-10-20,0.018142826476599903,0.01244230807631322,0.01852671141741646,0.011957559907294687,0.0018342912836290294,-0.0037197039184412193,0.01136390278342835,0.01146184100578788,0.00038738504538401563,0.00026918332513927747,0.0003562680972922181,0.00010987994144103628,0.00025274211357885745,0.0001747575927204053,0.00018922408311777857,0.00013415216253970984,0.00037792705846765163,0.00028186410074983366,0.00035811954740401817,0.00012005797197183276,0.0002706853833784341,0.00016453289999504247,0.0001660518769422701,0.00013550863095010236
2022-10-21,0.002738774420353186,-0.005290532120804072,0.006095437646244269,2.1119203011855372e-05,-0.006532117773232558,-0.006988685823824368,-0.0044217423562052036,-0.013083034377230945,0.00036197262734421267,0.00028833892740390797,0.0003131851590664426,0.00010792482157438434,0.0002070839972038002,0.00016674647525874203,0.00011101950345729457,0.00015581193590816553,0.0003581556538762564,0.0002633441904765216,0.0002938833171396775,0.00010610589285451323,0.0002174201511831028,0.00015244700642101647,0.0001186574993738909,0.00014986232196702111
2022-10-24,0.011841433309971129,0.019719562716036858,4.4350772385555654e-06,0.005405713492580939,0.0010408744114217864,-0.0020262069254622845,0.0025905949046389556,0.016704595532399495,0.0002967731084974265,0.00031455679959154994,0.00028699136956511387,0.00010728479955333994,0.00013977874134036837,0.00019625524908345305,0.000134987931237922,0.0002218240427812389,0.0002857634242207441,0.0003596580170524474,0.0002173500222873037,9.767067769433812e-05,0.00015337862297819442,0.00019838538659052032,0.00014947613275720484,0.000219303745518375
2022-10-25,-0.0192009866218799,-0.018531269494640283,-0.0100527222900229,-0.004943721182043393,-0.01020225785597925,0.004262533296423879,-0.00796104939817497,-0.008640918718357662,0.0002642069840846111,0.00032425117111041805,0.00036658130851536163,0.00011992441113004692,0.00018919745655356625,0.00012748685869217865,0.0001306397249290454,0.00014575577975870483,0.00023877848200217527,0.0003681555714377882,0.00034193715853035513,0.00012705849317505864,0.00020706541298937117,0.0001235518235808828,0.00011475888959923609,0.00015646452368211212
2022-10-26,-0.0022872987784705555,0.0019051265105481747,-0.0046151813252651545,0.0002184099699830421,-0.004257266353226302,-0.0010339266631838855,-0.003833592716611444,0.003880705870306081,0.00029347590544375086,0.00026059564850291274,0.00021875944576316115,9.893740338325885e-05,0.00013533412175169898,0.0002094199127681691,0.00012132892129058218,0.00018393839474752492,0.0002686292723504792,0.0003065295710331031,0.00021433896421133898,0.00010021781589945801,0.00011240239041996639,0.00022636891521806855,0.00012542743362417046,0.00014209796147476067
2022-10-27,-0.008651427525271354,-0.008784673876503606,-0.0033790407272360668,0.0013970181582122028,-0.0004011217761666538,0.009373509413032359,0.005009647427024356,-0.004380583055175316,0.00032063293923679083,0.00025548392324462906,0.00022380484182550658,7.645381582349549e-05,0.00023190067625272908,0.00015374980932795603,0.00016280630273754745,0.00017211348946264733,0.00035226850195762985,0.00028580316396170115,0.00021352839974145044,7.696334846640999e-05,0.000211950952743502,0.00014938530449342305,0.00017332506493596375,0.00017521135705206835
2022-10-28,-0.021962417003065362,-0.015458076290292534,-0.005414919896341857,0.009256487475336084,0.002238525157532454,-0.010683531176151846,-0.00501273059141735,0.0010092127503679772,0.0002886667045141067,0.00022101656856380296,0.0002189360367422144,0.00010750917610594885,0.00021528623605145426,0.00013406741167533743,0.00013265457545773854,0.0001787632460484717,0.0002512195496890165,0.0002291019484960858,0.00024711231275142666,0.00011743712096514049,0.00019041715087528507,0.00012319282809368227,0.00012116687892304045,0.0001803941968539618
2022-10-31,-0.009411624950295218,-0.002765075770245855,0.008238395996900358,0.00677528081969393,-0.0015780012936128104,0.0018999479902221351,-0.008320558733570313,0.0048315085807085515,0.00026515538311578534,0.000309688402354334,0.00020164793364700384,0.00010724186229761096,0.00023797566664799882,0.00013561669683561997,0.00010477015160767101,0.00017009231728710932,0.00027252661684396023,0.000307371913561782,0.00017106171093731048,8.572394884258648e-05,0.0002534682450326811,0.0001489220857873695,9.689218947087038e-05,0.0001533451353118798
2022-11-01,0.0058220052552169325,0.007572590489096681,-0.00589754923541266,-0.001530772619197967,-0.005709182907576039,-0.013957334309025848,0.007391852925958771,0.009281105623857673,0.0003245727402433929,0.00022270811763769744,0.00019489494083365126,9.874953814665068e-05,0.0001403197771291258,0.00013491931819933716,0.00013532384778640503,0.00012152504572039908,0.0002855503988362548,0.00020269032727105048,0.00017064248098031808,8.951741610065932e-05,0.00015024348562558333,0.00014429910718269324,0.00013710046911967507,0.00010812602656535625
2022-11-02,0.0326571249614951,0.023834613541459625,0.01640975044132777,-0.0004884221293057504,0.014042616129595112,0.002038841617040182,0.012874910682311131,-0.005496010852861928,0.0002285273997432026,0.00020995529053901698,0.00020939402451143006,7.984995458790555e-05,0.00013331153081891156,0.00015487145301717765,0.0001041949318791191,0.00013115643502066478,0.00024076842210630223,0.00022249802362526622,0.00019716817283051797,7.505462032042945e-05,0.00014950784009613258,0.000146544173743308,0.00010550678798646859,0.0001274853293712791
2022-11-03,-0.015726202652421858,-0.005879680849339254,-0.008010296007246185,0.004523810159670563,-0.02016836463342096,-4.696865260250008e-05,-0.014636079779811777,0.00336401879128189,0.0003409411351773387,0.0001493913039093427,0.0002487356596212938,8.739136084269072e-05,0.00012919060571722313,0.00015099470403432457,0.00010723411651194377,0.00015213808703280876,0.0003179077123629654,0.00015110503702369142,0.00023304640559344708,8.174258955910818e-05,0.00012532396284016626,0.00017485925337777097,0.00011603467439317602,0.00015572078078177613
2022-11-04,-0.011375957370120593,-0.004774314568974135,-0.008083460267230495,-0.0003312266978712237,-0.00789525040350694,-0.00915105735833868,0.0010845078930327592,-0.010272917931375494,0.0003469865784376711,0.00020172893170771638,0.00016946717526841317,0.00012448792467285147,0.00015717295488393006,0.00012713033994309812,0.00012724662780220366,0.000142017445791139,0.00029948684010676954,0.00019242560337932662,0.000159758744307142,0.00011741644326212403,0.0001650314795994895,0.00012709611942416857,0.000139845335704737,0.0001342319697846415
2022-11-07,-0.003689838618625828,0.015552577595191961,-0.006691902328833811,0.00693676736792797,0.005802368020610711,0.0014258785919506614,0.008444894491326583,0.03307210083929856,0.0002646822983498318,0.00023330956959278322,0.00016089547695200495,6.83573202599347e-05,0.00023199025169122126,0.00020366163777848427,0.00016444381677365298,0.00013590109762311398,0.0002704430834104934,0.00022877887322690957,0.0001494402430388427,5.970609194919258e-05,0.0002486763794415117,0.00020082879966302957,0.00015582572858622616,0.00012945437150714017
2022-11-08,-0.0010719312538837568,-0.0010190213119501829,0.010809637118085653,0.009181480747079212,0.0018281888965190564,0.010401234534882068,-4.488347084864676e-05,0.015028637663426457,0.00035445210652682995,0.0002709278719229267,0.00018385265506591175,8.710418669287805e-05,0.00024068937475561734,0.00015005979100110145,0.0001560421841487619,0.00020809752336024994,0.0003140499516136863,0.0002802449765469504,0.0001774859528864442,8.081556674031054e-05,0.00024629383121799284,0.00014916927784775242,0.00015167990900368205,0.00023155114032991761
2022-11-09,-0.025084836973314335,-0.03723284170102811,-0.0023492953520459206,0.003532762192997197,-0.014178931514995975,-0.002828367931171857,-0.01335215836189354,-0.02008147956954256,0.00030414740618918965,0.00021142633783960687,0.00014950196132769382,9.300684940305536e-05,0.00015964001832302637,0.00016042980668112586,0.00012444499483050094,0.0001445553323339783,0.00028702276759345354,0.00020993096608834744,0.00012018513517337098,8.177387831306921e-05,0.0001847429487856338,0.0001555650048029213,0.00013420622141704694,0.00013691143982092087
2022-11-10,0.030725512098652104,0.014565247575448602,0.008607417229350874,-0.013626723259254481,0.008538660382614163,-0.016037855948924803,-0.0012760343477370747,-0.003382371915177217,0.00033017236848606604,0.0002932136142306774,0.00016764011338397665,9.01006540107444e-05,0.00012047519962663968,0.00010796479365272691,7.653788464749999e-05,0.0002502052233296052,0.0003272381018832339,0.0002885715791900894,0.00015459666092369387,7.940953460784998e-05,0.00010810902135381626,0.00011723970722304862,8.490128119877112e-05,0.0002562157747030509
2022-11-11,-0.010381542677774013,-0.02288578075393619,-0.009034768159304311,-0.007831341399265241,-0.007343740834206928,0.003324327363369461,-0.01075087704670149,-0.016065387260306988,0.00046780934872868554,0.0003340327590344788,0.0001620537548187256,9.0008633626982e-05,0.00020010085295756565,0.00013982404214772442,0.00011400731046346083,0.00025660080177936925,0.000411263637529568,0.0003598288056063044,0.00016010655060992227,7.646240515967015e-05,0.000193466497087048,0.00011177552251551574,0.00012225657327438044,0.00024801157688030586
2022-11-14,-0.018618642238952026,-0.00778403876223271,-0.013283402143192992,0.002416277892280987,-0.004557222174765616,0.001009932062491386,-0.0013894061389052223,0.008226830836681432,0.0003276124523611474,0.0002970639582422991,0.000163410625889157,9.41156787281856e-05,0.00024715355934251866,0.00011554434878971974,0.00011072776465381215,0.00016556723858616277,0.0003272557684055639,0.000261140258667904,0.00017046630994676528,8.784396323023617e-05,0.00023860495243096608,0.00012415159356058482,0.00010932474058143531,0.00017281510679847178
2022-11-15,-0.014389812719977533,-0.007555027952482086,-0.0017555858707388118,-0.003523754715470862,-0.012843942010801784,-0.002427743873914903,0.0022016431462783823,0.014019121219279895,0.00031295975319655214,0.0002856398032478613,0.00019492499889490705,9.461514037198567e-05,0.00014177046169928885,0.00016078291629539003,0.0001512817641087212,0.00018992666970566236,0.0003019920186193963,0.00030242911334407024,0.00018612771233464268,9.862788987195504e-05,0.00013668092493627557,0.00015823272590125134,0.00015279846907974957,0.00021067805129848426
2022-11-16,0.0014685999476455156,0.00554133454066764,0.010334850487577126,0.0057135481839539854,0.010819343123054383,-0.00032169888313416967,-0.002008545916063408,0.010577293075638022,0.0002961444879387476,0.00024098820853590993,0.0001518517312159444,0.00012817926936732656,0.00018785715515135245,0.00011676844942315293,0.00010882208070502279,0.00015558737076178678,0.000298457293389068,0.00023004662115212819,0.00015942472897879733,0.00013647135528861273,0.00018134063021073955,0.0001174464001850972,0.00010829524552135297,0.00013310923979245414
2022-11-17,0.009167291933562256,0.006305255194400495,0.00030576754073239265,-0.0011088475627564925,0.006192334711859003,0.003261960883802708,0.0038384628317291477,-0.0028170680309795295,0.00023350077297663846,0.00029887617583215103,0.00015311066807098875,8.825942192023766e-05,0.00014238498956567865,0.00012604637248371178,9.166342811037554e-05,0.00026021259115139943,0.0002585039742288392,0.00030643784462455,0.00017320629058838354,9.274876409856284e-05,0.00014030694653969822,0.00010896881192236219,0.00010454257620131624,0.00025989466113207946
2022-11-18,-0.008994278515027387,-0.0076484678545475455,-0.002450654244646227,-0.006049899345728638,-0.007973396304559288,-0.002378263531550833,-0.0027501150105574933,0.0025585330149341646,0.00031037688673315425,0.00020668388812326727,0.00014943367610182186,0.000100903925884516,0.00015184190657312568,0.00010685072241741137,7.11729212825683e-05,0.000157042265386021,0.00034750974069928893,0.00021543315911271292,0.00012301852626239214,0.0001032785863384803,0.00016578129989093217,9.66740064288523e-05,6.820964528188298e-05,0.00016505959887566925
2022-11-21,0.0071783136154168065,0.0028651090143207917,0.00777372796907754,0.007524035293803193,-0.0019774024725962777,-0.006613864226516426,0.006345252448423009,-0.00071926877245175,0.0002625740396448454,0.0001743344157160414,0.00012166373724933698,6.105094388303981e-05,0.000136059903145203,0.00010948503505861577,8.992360969591462e-05,0.00014636982185671523,0.0002750770541443608,0.00014914952419163542,0.00011772708173521943,5.714113355532511e-05,0.0001306781005938569,0.0001010725267107347,9.17644822521474e-05,0.00013848109995912323
2022-11-22,-0.0015890133776427094,-0.00714830728530604,0.002053397343242239,-0.00666703619519644,-0.008165857736707749,0.004750444860584949,-0.003914834364932755,-0.0005894730352228156,0.00019734069904851897,0.0002806501125647987,0.00013137689626919745,9.472477849920406e-05,0.00012731572685090772,0.00010187203708857953,9.627688843779744e-05,0.00017592579384167312,0.00021189150706642926,0.0002518360804324897,0.00011832875698356511,9.770008999350953e-05,0.0001339187754837071,0.00010467727448953271,8.988903426645876e-05,0.00016137053120188305
2022-11-23,0.002598076909088961,-0.003906375780706672,4.942338045102934e-05,-0.0006310057274763631,-0.008293353043006975,-0.00471200826985209,-0.00952774133974902,-0.005719180611652717,0.00022287635260786578,0.00016018942552629284,0.00011027882252633009,6.47475680877097e-05,0.00015413409754393178,8.953111117082951e-05,9.120645959746807e-05,0.00017295368295080653,0.0002158112331499099,0.00018306245700795438,0.00010635102808440539,5.28044664293879e-05,0.00014922650674789023,8.881330170841353e-05,9.186633018435697e-05,0.00015465121712511127
2022-11-24,0.005699693325785402,0.0016114535010112259,0.002914631991845404,-0.001010364902190562,-0.006577076439469033,0.002343548274096109,-0.006572392214485645,-0.013386534383555195,0.0002859304233633328,0.000186527893918895,0.0001104508115064334,7.166164194345219e-05,0.00014386968932133653,0.0001225302614462826,0.00012017228107657994,0.00017434561858808054,0.00028448607995985306,0.0001894507762162098,0.00010053479961664564,8.119501749522461e-05,0.00015193455162487433,0.00010883833112681411,0.00011238606129881351,0.000168969086608537
2022-11-25,0.007234510979958038,0.0037177561532096477,0.0012736205962625658,-0.010180066935666246,0.0010025145410059247,-0.0021041054211425013,-0.0013720809190225795,-0.007073701697392815,0.00019474095086639246,0.0001634460322829147,0.0001258313518214413,8.99900643533248e-05,0.00016793683331102293,7.937582461273329e-05,7.75219578761088e-05,0.00020367952239272786,0.00020236805688277415,0.0001403158625065714,0.0001273426956565751,8.428654239790027e-05,0.00017144634477620982,7.654636199912383e-05,7.484370363580762e-05,0.00019622759200291714
2022-11-28,0.0003341202289850912,0.0011329465741033576,0.0032652274933172164,0.008119359111030157,0.0037499796826815915,0.00912176280488031,0.004919106297823436,0.009414586860527588,0.0001346290806610183,0.00016651836966766984,9.769419767769204e-05,8.615047221607464e-05,0.00011051097455508263,0.00010763293274664109,0.00012883756949410706,0.0001228746995473263,0.00012127197947785985,0.00015503851208649154,9.782498049853251e-05,7.593490994261763e-05,0.00011704150573993107,9.321152912302943e-05,0.00011943859036617372,0.00012335126866433742
2022-11-29,0.011666064632237568,0.02292666458496504,-0.005114423955588136,-0.001692810068686555,0.03017328750489323,0.007762243351597839,0.010500677526253336,-0.0015056100414964338,0.0001418364295818001,0.00014817768770549418,8.89401010270001e-05,7.07451154947127e-05,0.00011565744129671168,0.00010839263743790922,9.067387535586043e-05,0.00014918661081257873,0.0001201227005025553,0.00013577687409978766,9.91955112375912e-05,7.076525191543142e-05,0.00011225562691833639,9.64290787881482e-05,8.248609113572399e-05,0.00014905775228718932
2022-11-30,-0.006793636453024013,-0.006198493335600446,-0.00631993831496845,-0.009578806033112385,0.009215025026218246,0.020174191219361245,-0.00414488384641813,-0.017874219910489483,0.00013562009382877145,0.0001815636502874219,9.392550508876832e-05,6.886445198421738e-05,0.00019493811113356348,0.00010474088801263484,0.0001038362269480322,0.00010203319483534091,0.00014306451377013867,0.00014204429464539638,8.717225138198435e-05,6.891212352766484e-05,0.0002091612380616318,0.00011047888078781757,9.168334704452578e-05,0.00011121072357718001
2022-12-01,-0.024302240274400793,-0.020932440820145285,-0.0128610104191117,-0.013940763943064254,-0.024448269972164184,-0.0130362795034617,-0.012747483124043075,-0.010962469383626876,0.00015052685857939617,0.0001771136560966821,7.0220943118497e-05,7.701283517876692e-05,0.00015027584045647528,9.734561530359949e-05,0.0001032268571412722,9.394490308958862e-05,0.00013293307486483843,0.00018505007424490544,7.280328865553003e-05,7.01533997204149e-05,0.00014071367720881105,8.131082845846302e-05,0.00010705718508691098,8.807854551115362e-05
2022-12-02,-0.01646886256685529,-0.004981536502345825,-0.009494352694655952,-0.0019959528350179958,-0.006377811594342342,0.006548613537950212,-0.006692551440552945,0.004985623941019921,0.00020911679522982244,0.00026380678382490966,0.00010581365483243337,9.907307011806614e-05,0.00020160511568937837,0.0001464383458118504,0.00013313768325781529,0.00011036696802114681,0.0002207550772224765,0.0002706027061414199,0.00010327960515456113,0.00010901129304915047,0.0001872208775940505,0.0001298507397113999,0.0001426313848699646,9.332448810613415e-05
2022-12-05,-0.017724687993730007,-0.017003082455795387,-0.01624227997792285,-0.020234982193638628,-0.008478207270108104,-0.007032845352833807,0.004077255186809268,-0.010483038607470659,0.000229626026829125,0.00021509460001979878,0.00010868123336106876,7.187659821803747e-05,0.000207041754037254,0.00011452116717291394,7.209854495450973e-05,0.00016629482986859273,0.00020672080881137446,0.00020791122377729907,0.00011144997649951144,7.1856410676643e-05,0.00022146380907585292,8.982330192924927e-05,7.621519047292332e-05,0.00016864667780627318
2022-12-06,-0.011573953654301186,-0.01362782580486527,0.003536841359152948,0.0019256480458943984,-0.005759881948137774,0.0023694116828514677,-0.008955771034480236,0.0070016498189606775,0.00028544205193762923,0.00020029032764470994,0.00012971346612684545,0.00010116491772929475,0.00017653917960848566,0.00014294197627377837,9.931137477179092e-05,0.00015777915465159346,0.0002999287772079475,0.0001665986587958722,0.00013717839130115075,9.887235195555469e-05,0.0001779683257476877,0.0001272173502875153,0.00010153065237145151,0.0001883459210246801
2022-12-07,-0.03402478766706487,-0.01898705372923887,-0.03007438421859745,-0.017680393900529785,0.002832665011121632,-0.006477193379208657,-0.004392646655705985,-0.0176198921602459,0.0002612426357508816,0.0002060842736653183,0.0001083166653253561,9.827203066339742e-05,0.00021974671250298998,0.00012078855254150952,8.905044922285008e-05,0.00019583364248135883,0.00028427477710649184,0.0001531657579499957,0.0001174922108358591,0.00010398361242428137,0.0001990977026577344,0.00012354628460009155,8.937667748940594e-05,0.00019121447567137898
2022-12-08,-0.0023610340854012726,0.0031156196163348196,0.003381478412940482,0.0022688224873197494,0.001213098242347243,0.003167372425757161,0.0008562819770803812,0.008399038233588188,0.0003005153534302555,0.00019234294867494648,0.00019899679922056988,0.0001381285773955153,0.00015995627812341725,0.00013089617200823781,9.487030946399058e-05,0.00014499050869414714,0.0003206338184210806,0.00020471629923429785,0.00018710526989442608,0.00014148509579210922,0.0001515621330212102,0.00013946132397987915,9.874049882982203e-05,0.00013981277039736047
2022-12-09,0.00020335590201586966,0.002846424208038178,0.008410231804094215,0.01154679365495583,-0.015895008558536136,-0.015770433647098188,0.010285370346767297,0.011082847818161438,0.0002660072654925517,0.00020726496940993096,0.00021164347207119257,0.00011964262683585948,0.00016244140575705744,0.00013045337578192732,7.769537359750735e-05,0.00016725322794985514,0.00023303490480465494,0.00019804426516561107,0.00023875565101209745,0.00011822791775502828,0.00015462451162962028,0.0001285820735806474,7.919802562161995e-05,0.00018357192075500465
2022-12-12,0.0037823568972063914,-0.015992064981511536,0.001806623583804118,-0.005828044968467213,-0.024464003571941142,-0.005952977503475362,-0.008811130630078148,-0.009637934453544774,0.00024009568794456233,0.0002228266167956499,0.00011770929003476504,0.00010741111108692258,0.00014372130820159286,0.00014064984450251088,8.371751956198717e-05,0.0001269049357846649,0.00024381647288789125,0.00023783649812683216,0.00011371898806986281,9.420536959068508e-05,0.0001603589761723705,0.00012534124910959832,8.342383365179678e-05,0.00015221365653700388
2022-12-13,-7.062223122345239e-05,0.008206119721033548,-0.004406763303908555,0.008894648926068885,-0.007900376075239307,0.006375453973737605,-0.0013602334010161725,0.00528015475043966,0.0002800051130019079,0.00015557461214761047,0.0001629508301580229,0.00013442167891488811,0.00019364088164338465,0.0001453281399260045,8.919697365006955e-05,0.0001299486774468447,0.00024159304279985789,0.0001765787642383675,0.00015162927125862894,0.00012867472692402185,0.00020031750901188422,0.0001576786776064124,8.856809095484836e-05,0.00012669945968919096
2022-12-14,0.01277043821054152,0.017429403882854275,0.00040603564932869374,0.0040733601654612765,0.0017183333354523626,0.009897524312348931,-0.01682352043542961,0.0007409793384543471,0.0002276353466727146,0.00016268827820039984,0.0001614505165909892,0.00010235328196920326,0.00024084392059992254,0.00013887880868322693,8.5298101696286e-05,0.00010153249153558608,0.00022791921885220823,0.00017927894599580022,0.00016617089217585564,0.00010701580233226718,0.00023806975101243346,0.00014168456624819403,9.317747683954191e-05,9.386109268260851e-05
2022-12-15,-0.006049395853002102,0.0037155779236957473,-0.009281814746147393,-0.006709504138604989,0.024260097995796648,0.01780486089087222,0.020103104018963102,0.005601827975151676,0.00017860984391888043,0.00018751145290819057,0.00014901370647740878,0.00010320575421407924,0.00012237404670181016,0.00012171777995626864,0.000135527967383916,0.00011002075359318347,0.00015272064594463398,0.00018945580744709876,0.00013147512317380764,9.887824414230408e-05,0.00014507610027390656,0.00012529732663271484,0.00013441246853465353,9.170238902962955e-05
2022-12-16,0.01900376305698831,0.01456324840523886,0.019454324678689464,0.01086572062955678,0.006099607550381739,0.004542460404329808,0.010445296055943616,0.014528590765616044,0.00022032764145380254,0.0001618077756718526,0.00016761667925541354,0.00010290410223824747,0.00018899863078826286,0.00012663897642693122,0.0001175845827324545,0.00014869581222225886,0.0002017277936835338,0.00015993808555034715,0.0001846000134736262,8.588761307869188e-05,0.00017537539567648604,0.00012572036646398994,0.0001077760615723361,0.0001348323380788776
2022-12-19,0.025523178065666854,0.020664148434485205,0.01488739037882512,-0.0011834339065671193,0.03373333586039103,0.021583546411081615,-0.021804799717298894,-0.010439404196214929,0.0002639795397891168,0.00018849818919078687,0.00017228330902446925,0.00010249553985468794,0.0001684998513167948,0.000125736075344877,0.00011922513093883002,0.00012353237527445087,0.00025752874471032285,0.0001684546811114378,0.00019259317721548634,8.950407753253252e-05,0.00016921378930833167,0.00010724841546504397,0.00011874760922584289,0.0001225794821547219
2022-12-20,-0.019286250479319218,-0.011570662486625385,-0.017801761389706804,-0.0023544530126094346,0.009544759084567618,0.00434095353067308,0.003875205393986822,1.1565088902918557e-05,0.00028773401537773407,0.0001724076124962845,0.0001297772521891564,6.865299462653163e-05,0.0002326002072915763,0.00017049618624481692,0.0001992151156245235,0.00015647808862208248,0.0003148926290986784,0.00017964773979585867,0.0001159062721426354,6.358470639377692e-05,0.00023840819923148622,0.0001697333208208323,0.0001866231219030762,0.0001453861940523755
2022-12-21,-0.010543177566473372,-0.0027324785843086423,-0.007083529832243957,0.010321494526020943,-0.011656927451314136,0.006822459497652244,0.009554788470095648,0.0005059789348266277,0.0002979054960573674,0.00015523078336330688,0.00017862155243555226,9.96683348957327e-05,0.00026767142795312366,0.00014543560587589998,0.00016771405133347216,0.00014023192749778782,0.0002716426688540064,0.00016963213358069226,0.0001949788087214872,0.0001016442009987087,0.00028033057179195034,0.0001532298984577939,0.00016907144049191388,0.0001325592243842227
2022-12-22,-0.006770153150223508,-0.015455946536073632,-0.0024305627372284613,-0.008026646998639071,-0.013102965315074865,-0.013475896582536557,0.0014393490102009797,-0.0001765409220577132,0.00024720340915111374,0.00015109879825441118,0.0001636224503538044,7.59756618127536e-05,0.0002159343519760087,0.000145571017652758,0.00011966187819917562,0.0001167457813571968,0.0002775506112803703,0.00016112556553097968,0.00016896614837454713,8.105720917707679e-05,0.0002466468567806964,0.0001448773927479027,0.00011991263986713241,9.581152121685705e-05
2022-12-23,-0.011535066019490723,-0.017413399039218236,-0.005531409879309959,-0.009797885725599998,-0.01083575663831469,-0.0035409851357278786,-0.02343513877179362,-0.01586891457176728,0.0002894656890313528,0.00018671528101266757,0.00017840931380537384,7.36572804675459e-05,0.00017630360151796345,0.00020025198118270044,0.00013007172424602716,0.000112082569897084,0.00028977730939508574,0.0001485423568131398,0.00016622201682638506,7.171866904268096e-05,0.00018138006914530247,0.0001983557238410748,0.000141352797412862,0.00010816740819602633
2022-12-26,-0.026482690615478893,-0.021485860439885318,-0.02161153529525833,-0.001995288383087886,-0.014883753458464441,0.008940160503005766,0.0014124924098640997,-0.00908716704185583,0.0002825270959889289,0.0001926552181361686,0.00010491250918333935,7.768739098423813e-05,0.00016659150826282482,0.00017859989386721315,0.00017318286741373003,9.857717874615923e-05,0.00027335609174100427,0.00018944077133158118,0.00010383254314001772,7.370050913275342e-05,0.00017040855882120262,0.0001737518751679894,0.00020011606853682982,9.20047075005866e-05
2022-12-27,-0.022439586355348394,-0.0198358311862067,-0.009562824917333998,-0.012748841117764908,-0.006723483890437072,-0.008377590639931815,-0.010719965511340974,-0.013232926701637279,0.00023970850622712333,0.0002346081269163371,0.00014912346021958602,9.068111998487935e-05,0.0002355574396460255,9.91530860105343e-05,0.00017282502040548195,8.694013357300481e-05,0.00025005875135819295,0.0002609252428942406,0.0001683826497252093,9.212551262305313e-05,0.00022543165768867121,9.733026521040146e-05,0.00016442083111968168,7.503255960621351e-05
2022-12-28,-0.0105690298706656,-0.013282384985415547,-0.012096193560963928,-0.02056614845111882,-0.015322194436668485,-0.01177520971121268,-0.0016724137344275697,-0.009062369453007027,0.0003234435549129231,0.00017523974727607839,0.00018881787591337298,9.029357804947174e-05,0.00021369790488847418,0.0001342889912256656,0.0001443738116545724,0.000132430865043177,0.0002747958416585236,0.00016634966504514844,0.0001930532719638445,7.69377529222518e-05,0.00020984199627255181,0.00013478148604566213,0.00015291213972652522,0.00014992617308202296
2022-12-29,-0.0026435839714579923,0.0025794778509130745,-0.0022264268904722585,0.006677760821492873,0.0013775110145388425,-0.006982828748329139,0.006471993604755932,0.006449830041855704,0.00021029282306513295,0.00025354136833472793,0.00020495632598622037,0.00016883214952912161,0.00030381728505701294,0.000126996815082887,0.00010607463761605756,0.000148302227779534,0.0002035314628318044,0.0002787408870126099,0.00020416391669980126,0.00014558987649021567,0.0003415122720897786,0.00012354517331428043,0.00010470374457121716,0.00013561687624169235
2022-12-30,0.02793232855362259,0.021822001943618916,0.023341682781997747,0.01928404124428928,0.005015191579146924,0.009951209627163941,0.010487912803908735,0.014680128518977245,0.00032677466235687773,0.0002422506865553745,0.0001540009370220484,0.00010960480416754525,0.00021814446618544466,0.00012851038141497217,0.00012705404680677418,0.00014503425822342278,0.0003336194618518799,0.0002238387445952389,0.00015510948286355408,0.00010784915634487883,0.00021784928499695306,0.00014428816833110566,0.00012880504908782534,0.00013895254093276166
2023-01-02,-0.0017117565624567028,0.0033077926939033405,-0.01341601754969099,-0.011389452988940627,0.006380809325799755,-0.0016259387647084085,-0.008420491598104672,-0.007693168916032999,0.0002903585569964466,0.00021997307767256628,0.00025448805039179976,0.0001299086547688865,0.00016392613778423018,0.00017281189142990898,0.000123119370248346,0.0001066300703464866,0.0003413534841345472,0.0002474542169374504,0.00022964119908998638,0.00013493599312874315,0.00018265641228640297,0.0001870685070550069,0.0001115630424677368,0.00011239226510706506
2023-01-03,0.03213252750704402,0.018962102573778478,0.03873940973772023,0.012590899822991468,0.001839897440693174,-0.01093572018542226,-0.023954301865654594,-0.0012735337941827166,0.00031667394873262063,0.00018047053305744604,0.00016928181857892992,0.00010058373899747306,0.00020162546698374988,0.00017233762883703493,0.00020052565020869394,0.00011801062656659225,0.0003135405486542671,0.00018326660368802136,0.00016586772966855178,0.00010721451399165239,0.00021325497316900885,0.00017476325299529657,0.00018009323908642447,0.0001269010386786475
2023-01-04,0.009544030732936644,0.02043269525557676,0.005463405587266123,0.0052682278095819105,0.012978647210759107,0.006882389279062757,0.026631196285957615,0.01516408150991306,0.00040800246424490996,0.00024296116018320587,0.00035076516654135065,0.0001546236029077771,0.0001793293346222046,0.00014323934726324385,0.00017747190319666574,0.00014399584672504718,0.00042694659934455124,0.00024021574665168748,0.00038244537042870786,0.00015781098896950577,0.00018492915265932102,0.00012371302518431355,0.0001757487269020476,0.00015518819548885092
2023-01-05,-0.006555431148340066,-0.006600210771461479,0.010214992979141304,0.012279933059029004,0.01039130855513555,0.01572043001153884,0.005362303877213461,-0.004628894287690822,0.00036942281734754766,0.00022520419109712224,0.0003029224386814881,0.00012518849969915657,0.00019460926610998926,0.00015281156500490003,0.0002298705901939515,0.00011334490096507725,0.00036893749305218595,0.0002010024428895075,0.0003035628713973582,0.00011620143562481131,0.00018345713823218705,0.00015927934163852307,0.00025872220061467013,0.00010571645959681848
2023-01-06,0.001967703789773382,-0.00041223374217203387,0.00393092570064414,-0.0031093830058474114,-0.004239549382446379,-0.0009907517119822386,-0.009054155848647659,0.001350363080503645,0.00034903584839580997,0.00021991131596817428,0.00023034838259222384,0.00013066420465317365,0.00015693364236125257,0.0001361218330723771,0.00014035488755320382,0.00010557244423437033,0.0003581456716286761,0.00019670846659798348,0.00023245818455794735,0.00014341053608052222,0.00016456972268031852,0.00013200758541509638,0.0001459837350640146,9.481796269975098e-05
2023-01-09,0.0072181013992399295,0.004982796333783128,0.0037580679950365457,0.004704055753269726,0.0043612228015687884,0.004955735959497435,-0.005655245503120142,0.000129240964782434,0.00024700941830881984,0.0001484609825679567,0.0002711865297004906,0.00014754510643438738,0.00019066828635857453,0.00016657711744078504,0.00019939839731255424,0.00012817113895204272,0.0002741803891115178,0.00012768268707697515,0.0002805206693276706,0.00015915919832805398,0.00017303437927089529,0.00014742568644303403,0.00019296779729917,0.000138444751777618
2023-01-10,0.002821216988582617,0.008715309533846466,-0.0016600779967191523,0.004427780491611038,0.007859222733857606,0.005119028133434658,0.005620449061412316,0.0036943684944296023,0.0002658679057878595,0.00018694437363568977,0.00022453743602794302,0.0001436972754407931,0.00017213733259946164,0.00014508304199718192,0.0001653151950427715,0.00013036935138524086,0.00026066657028636685,0.00017914739073744403,0.0002557336412387693,0.00015208683302868266,0.00017138981554255925,0.00013527752450581107,0.0001692961401487986,0.00013743127544140808
2023-01-11,0.005556044460987521,0.00295400665421744,0.0029932933690160705,-0.0064798090239662764,0.004919508311459966,-0.0011895017509075765,-0.0020594743583741662,0.0016401219656066567,0.00025573258191543684,0.00016342967138927258,0.00018592357441876898,8.509510582372643e-05,0.00021055709330305479,0.0001737554220100674,0.0001278917525407868,0.0001293259496953442,0.00020963774448940658,0.0001721873320888906,0.00016058341854411598,9.512241117170916e-05,0.00023311550132641063,0.00017218942460679902,0.00012704799952836194,0.00011254714031567326
2023-01-12,0.006535838316060746,0.005142191327673569,0.0038425899169390004,0.007238029499282627,-0.0075708810793746984,-0.0057022849921794655,-0.008906311346771747,-0.00034735695797074483,0.00024399575500512873,0.00016936168025068267,0.00021181837158461153,0.00014878441820741526,0.0001464363572086257,0.0001668895969575299,0.00019730840676062626,9.72910472574778e-05,0.00027205352590489094,0.00017203376381322907,0.00018054575835954319,0.00013073202442825818,0.00014514616644949714,0.00016448630947762615,0.00020393253173656226,9.546450440090335e-05
2023-01-13,0.001040972903588064,0.001093829885000798,0.018416797046656108,0.013445122687191459,0.025918026707342806,0.011510979566224523,0.009314719126458171,0.006437140850560073,0.00030416049976105707,0.00021526267333672158,0.00017734018028489195,0.00015135242848593334,0.0001469882177368408,0.0001372188079806764,0.00014186120194526513,0.00012186733054130183,0.00028831506829528174,0.00024183028160814173,0.00015204203867633613,0.00017224276584241484,0.00012515319141269128,0.00013718254701989953,0.00012149669174747154,0.0001232753222392358
2023-01-16,0.00031955051832135994,0.0030452191805441483,-0.0045837418581312584,-0.003782267594556154,0.010553409463504478,0.006359465765057962,0.001838918500527733,-0.003836863768714473,0.00016991355885949988,0.00013958306355171484,0.0002262815862543617,0.00011110359135799885,0.00022882990253624791,0.00010882688388353264,0.00019268642353197793,0.00010804679226648675,0.0001743003471485003,0.0001425126054901354,0.000227190836380556,0.00010060088221743072,0.00023399148876518058,0.00012292239574230828,0.00015488455676884906,0.00011399072347057877
2023-01-17,0.009577442103959149,0.006180018548009554,0.01700390300268111,0.023793202686704932,-0.02291099788086781,-0.010882453392517649,0.014372405316187413,0.02757196024921074,0.0001928540200579133,0.00013080522287878596,0.00017406280543563036,0.00013306374049948147,0.00022490104648357397,0.00011786534435699269,0.00012898141067269097,7.949185169034321e-05,0.00018831829828289896,0.0001349857152471343,0.00017623152880275942,0.0001481260131604135,0.0002057563131599888,0.00011936392070201936,0.00011239429267318084,7.15996487435418e-05
2023-01-18,0.010473824120945847,0.00925364933349619,0.011531188821550306,0.009214846393187124,0.00928564698440359,0.0022504017427770113,0.01683775259517797,0.021441606384138737,0.0002445015096933881,0.00014117103924012774,0.00023908893199519585,0.00012365026763714196,0.00016198851121324674,0.00012337187886640895,0.00015894556721993375,0.0001253283963338337,0.00023617747384771835,0.00015082293264682067,0.0002086958101836191,0.00013311959303918475,0.00017350685986690124,0.00013477760399341338,0.00015184942402403736,0.00014126575923185014
2023-01-19,0.022675963602534512,0.02658950721802951,0.014731957784646964,0.020359372126491453,0.0253890952392263,0.022072629562362195,0.010519397192738512,0.016641941732668298,0.00012673462967028215,0.00011804180179094567,0.00015511050117064003,0.00013956594655083565,0.00018048038621828455,0.00011587434427065552,0.00012887167167005981,0.0001412281887033916,0.0001174847289886602,0.00011941702391537082,0.0001674866033885752,0.00015354239531979592,0.00017585691551939346,0.00010936852668802624,0.00013018120249265076,0.0001353170451915224
2023-01-20,0.014566552978063653,0.020326561274702826,-0.0012844763482957745,0.012416121198629929,0.015936264223176223,0.019246742268569907,0.01662517033289097,0.004445366595964219,0.00017429649007343471,0.00014851449334923463,0.00019918758779267117,0.00016624397477764784,0.0001949317116486029,0.00015032989252738557,0.00015724784230141875,0.00017079238032195854,0.00020472832278763556,0.00013831085494870598,0.0002024166125708507,0.00017544160840958308,0.00018507134043605823,0.0001591290831163846,0.0001580563911790957,0.00016539045542643378
2023-01-23,0.01205508129183705,0.010647851686356742,0.013461807700088688,0.007952188765046735,-0.026103331080198945,-0.017985944120406435,-0.011290327357262257,0.00885894314775562,0.00024390859825782385,0.000167069649321168,0.00023446002255652647,0.00010840572229369861,0.00017903513070681565,0.00020330178712890413,0.00014804291204106664,0.000178640862534271,0.00025339336296808417,0.0001566073228552725,0.00024579603455723734,0.00010513120027670897,0.00016589059562272426,0.00018425536423985112,0.00012621157156757085,0.0001890479869849938
2023-01-24,0.000360026952686139,-0.0038377896629518448,0.007052125039546002,0.003931462091666495,-6.351538437091914e-05,-0.0035281444430906713,0.0007711363216291222,0.008396936893588582,0.0002133024636937919,0.00020184003609983995,0.00019495640790073013,0.00013435605295766066,0.00027247013098301157,0.0001882696067422202,0.0001888319574586559,0.0001835067875936342,0.00020142980562944655,0.00020448385503810755,0.00020097391974426552,0.00013766244137230983,0.00024974270402926507,0.0001699745508357864,0.000182008155587003,0.00018202722422133185
2023-01-25,-0.015718722456375043,-0.015201493037816262,-0.017129228747218492,-0.006313290997373422,-0.023135702065968468,-0.010266735320389153,-0.0036082804803985796,-0.010399901819997814,0.00021028890831806206,0.00013419368802670634,0.00021908326776553947,0.00014550360927439976,0.000265746248198906,0.0001495538294134807,0.00019862065118203616,0.00014054119683256324,0.00022579258620618027,0.00014326131559254022,0.00019674690943111443,0.00012042983268126547,0.00025468640497198873,0.00015311127002888664,0.00018813761336116614,0.00014063925392576731
2023-01-26,-0.0034788507409492958,0.0013916912938069686,0.004772034396408432,0.010990114831845036,-0.01685598986189697,-0.008890771088273868,0.012541281736801656,0.01766227250932252,0.00017232543897940334,0.00024159225265990718,0.0001868150828949071,0.00011048962987481607,0.00019978264573754782,0.0001759367893197462,0.00016526169287814946,0.00015624585903526914,0.00014481942842197736,0.000246939176330482,0.00018664210697498363,0.00010770393758748662,0.000175588429901948,0.00018663282571185026,0.00015912573419096207,0.00014171731144897493
2023-01-27,-0.004885065691239977,0.0031377534679668537,-0.0015808922207847956,0.014180471148316954,-0.010584983265799259,-0.0045350348206172324,0.01570863951132409,0.02071516345710048,0.00017793982243563035,0.00020153583817203726,0.00017108022218971633,0.00015574646060616905,0.0002947070284659028,0.00012790975947037857,0.00013639374981683493,0.0001570167193827092,0.00016247396733524958,0.0002031175397330874,0.00014487158176968676,0.00015147930675858023,0.00034520278284136093,0.00014709843944028296,0.00011124219228179371,0.00014919401860849304
2023-01-30,0.006373505464747142,-0.0008667139865249334,-0.004838896853197836,-0.01605878336980953,-0.006603916834930263,-0.0172662190228348,-0.00425510654877181,-0.003950655669065751,0.00017817184586547952,0.00015936059339013048,0.00017153354993629447,0.00013997192389978637,0.0003320904558036815,0.00013535581280940695,0.00018110642890378786,0.00012654226736941935,0.00020928561095505033,0.00016227294267929485,0.00016086413058131446,0.00013556047624896288,0.0003098635373967876,0.00013823175033491022,0.00016878033851975926,0.0001220932293576861
2023-01-31,0.005483454337395191,0.01066008944665524,0.012033184087144069,0.0054736399106448735,0.003178471622291794,-0.006625886305763565,0.015716306317148085,0.024573192948344945,0.00015503015524368475,0.00015772523759973367,0.00014641815419976853,0.00014887257024660415,0.00022853162384257466,0.00019343403277431717,0.00013106538415415226,0.000155136808439732,0.00014215000997206163,0.0001504071798844286,0.00014474677594854496,0.00014823793920034132,0.0002334897843828817,0.0001633112202084758,0.00014105482971691144,0.00013389257723388814
2023-02-01,-0.004434460086287202,-0.009417697936875915,0.0016895798096312655,-0.003706272108085641,-0.003754768240225509,-0.005922384257524275,-0.00010296247503680981,-0.005567756766729265,0.00018171630291364388,0.00015005613626413266,0.00015589376097888133,0.00010748611750726688,0.00019560319016193495,0.00013168587725661632,0.0001564933436566695,0.00020738424858855048,0.00017409330457869015,0.00014245671772106837,0.0001581679274020136,0.00011142600610169368,0.00021930317047078542,0.00013777302734269354,0.00015369678631572424,0.00021149225738610633
2023-02-02,0.014725805722771849,0.01555792258127102,-0.0013241546532524614,-0.0060541498555624846,-0.0003305092741030288,0.005748969254194078,0.0005277577720014322,0.0017368086443605452,0.0001476544747553369,0.00012953666481941678,0.00015334681200261904,0.00012032415887668929,0.0002372509220871613,0.00018755660086737625,0.00017070590272345163,0.00019836524452960426,0.00014592735387822795,0.0001465649829219167,0.00014237349682296,0.0001361842281572212,0.0002366957554728784,0.00019621511232316413,0.0001637473004050647,0.00016867956476534381
2023-02-03,-0.04089649789781382,-0.04897261951070001,-0.03618368546321827,-0.025680533793874135,0.0153172936927166,-0.0007928921425189665,0.00992934836587324,-0.03886251322105128,0.00015893708971108272,0.00016811171816155304,0.00014203355640275426,0.00013895666950828716,0.00017771993160675312,0.00017971501745826175,0.00013139651862594556,0.00020665890885345276,0.00016332848496598655,0.0001771779703191904,0.00014782316841874463,0.0001269313153206068,0.0001707560616101234,0.0001577908594118553,0.00013633314688686656,0.00019408617036319545
2023-02-06,0.005521975125962986,-0.005747546177933927,0.010764354479448669,0.0014192939670539706,-0.022176464865208394,-0.018813321861089003,-0.011739640460742102,-0.002248947466636957,0.00032752967874163897,0.00024812246140411314,0.00020965739282262044,0.0001287924653345066,0.0001453782321621476,0.0001439360508929237,0.00014696385257366107,0.00024144340911940373,0.0003261780687954881,0.0002383937238234901,0.00019879476292525077,0.0001354621866327175,0.00013659925357096156,0.0001351101029589338,0.00013335640526838214,0.00020093883952237995
2023-02-07,0.029032029149350765,0.024856254824651116,0.030451265725134676,0.0189576486810598,0.015751385659160587,0.01252449269230254,9.18480954869055e-05,0.021417796957898354,0.0002192579604368285,0.00031679347653593886,0.00025736534978579024,0.00013155533309880467,0.0002513440603516398,0.0001911806847187042,0.00010635363508212892,0.00025162525906124354,0.00023222029308670236,0.0002820237216824791,0.0002628183278959441,0.00013374815174216668,0.0002837324364677041,0.00017548075087379675,0.00010522161714993263,0.0002385723398418937
2023-02-08,0.005319925375631502,-0.0036581662058363055,-0.006026357868104632,-0.01227102645570334,-0.006739685275124144,0.004430924338085664,-0.012670193482549675,-0.007905889766937018,0.0002601323848719999,0.00023463589754231732,0.00025940950854674567,0.00015303536919214383,0.00017562088587840807,0.00017427770302509357,0.0001392808507823333,0.00023719773922386997,0.0002228841435005795,0.00022567425742407076,0.0002719445437042198,0.00012872015999158248,0.0002007243746445297,0.00018513635943025994,0.0001414616915615975,0.0002381224738821639
2023-02-09,-0.0030851065865706876,-0.0012352404569331075,-0.002719478302974938,-0.0005418216076980109,0.007719322439291326,0.004547491181894389,0.003463597283723094,0.0008857119414924287,0.0002574743583919114,0.00035820163975604756,0.0002754766968441275,0.00012716833616291214,0.00023191328450273443,0.0001857399826015389,0.00011955919525323747,0.00021256637316117373,0.00023353364105930442,0.000345697201076941,0.00029110311712511334,0.00013022579715030343,0.00021417358568307933,0.0002092893050239518,0.00012908820043607623,0.0002247046363561446
2023-02-10,0.01808470407050611,0.01175290009477636,0.03304035466279641,0.02130441290033389,-0.015595730710745511,0.005987178841644214,0.024273160109388528,0.02201889183634226,0.00033978372890513137,0.0002944851259619113,0.0001923936734150062,0.00012763063401878414,0.0002054514116586214,0.0001489215492425586,0.00010808791960878375,0.00021183034004988241,0.0004017751104608806,0.00031437858267661874,0.0001888468740813147,0.00012514509197343384,0.00021794311273265113,0.0001607547002711697,0.00010485337516297056,0.00021287146500023399
2023-02-13,0.02100186511507395,0.01393772696234938,0.015463479466169149,-0.0024592785814794224,0.01300784621979572,0.0019044643265658137,0.02122578417076959,0.0105087980566563,0.00025614811906933137,0.00025171696343853503,0.00030972940005667075,0.00014504571169574043,0.00028934271751073827,0.00016654499453648265,0.00020582276418089481,0.0003101860936614136,0.000265392641574858,0.0002814389796621317,0.0003156962437836133,0.000133117317813384,0.0002790709761137744,0.00016953537619374543,0.00021276630517218004,0.00030661945041820685
2023-02-14,0.012438144910553705,0.012520991687119698,0.006418040678470812,0.006742066960466095,-7.37988656954368e-05,0.0023035210464999872,-0.004435488247119175,0.0024518450580712247,0.00032861436429346044,0.00025577123371381963,0.00028144503496597165,0.00014223434369133698,0.0002720066706829624,0.00018829500813888507,0.00018943173840669852,0.0002320586697675865,0.000305112535970474,0.0002292019620998585,0.00027322994241638305,0.00013715886042329063,0.00029544251597467074,0.00018109074296258868,0.00017461936748524703,0.00023330421813381463
2023-02-15,-0.0029035787755690387,0.0008962840219329039,0.019375456327899897,0.029114030938026364,0.00043455306021826035,-0.0032316247315722227,0.03297142862806383,0.013577891422731471,0.00034885495698715603,0.00020900451093461275,0.00026571254816115284,0.00015778221312189844,0.00016413696396064907,0.00018633250747895352,0.00017122368932505054,0.00025786461692692535,0.0003503915958022243,0.0002200433484441238,0.00024626791951437945,0.0001755404105715894,0.00017721170669688377,0.0002053925945993749,0.00016657905354417284,0.00025197096889601606
2023-02-16,0.005633920807883207,0.004571685020585493,-0.005331627236846276,-0.0004934768589912407,-0.010738747322216708,-0.000711198572089138,-0.0013081895860060251,0.0028031532568520636,0.0002155300936834654,0.0002479657949872195,0.00033243540057071983,0.0002142818826040032,0.00016609514477392945,0.00018528693731571067,0.0002563824886408447,0.00022373783735032274,0.00020264067652101298,0.0002343960037903208,0.0003504312770940062,0.00023735814833331258,0.0001634144522657922,0.0001775216708712592,0.0002418540922144619,0.00020787781287310612
2023-02-17,-0.013160972004921749,-0.002228074369891299,-0.005204921532818497,-0.009215198000805665,-0.0039061119638996956,-0.0012165836922385194,0.013138197641465163,0.006025036921163795,0.00023428675164405944,0.000236108103013474,0.0002758835064328079,0.00023978350252175536,0.00018084115278809684,0.00014648109294698936,0.00024994986542428417,0.00021184150868711472,0.00022953923188509182,0.0002725578296907867,0.0002714031711865958,0.0002495435251147784,0.0002025204655051733,0.00014640448051360519,0.00026129063996529144,0.00020176493114978746
2023-02-20,-0.01291883972275674,-0.011186643448191008,-0.017290623927449095,-0.015415302300198237,0.006543594842231571,0.0043488148812199515,0.00016692211529744793,-0.008210115590241977,0.0003020185057952313,0.00024829440499008544,0.00026110570104723743,0.00015629380063304714,0.00023424312543988637,9.592307328150685e-05,0.00021566783198973582,0.00023172816150266655,0.00032847388612082415,0.0002314792516161305,0.000254739139494618,0.0001694994271235367,0.00024509485551685073,9.397333909608422e-05,0.00019949634616003777,0.00022723269601756328
2023-02-21,0.002712890714600867,0.004626680266678299,0.0007301815135903999,0.004157044573136779,0.010171465679363442,0.01227885293678931,0.01684205330705569,0.0016935077122850939,0.0002549143023668978,0.0002155838262418901,0.00026053669906352393,0.00021189425840746788,0.00013397433713708838,0.00010008965778626142,0.00018743335577084248,0.00018489083711101657,0.00023742956160759316,0.00023063286881906634,0.00029047054646401236,0.00022591138935226842,0.00012660744330581379,9.650677760744123e-05,0.0001679308220708782,0.0002003341765991466
2023-02-22,0.019245062594724808,0.012157782406578672,0.03939830818594106,0.029324166804658235,-0.007866519408223686,0.01567375810257551,0.029182265492742977,0.03277361058785722,0.00025242067467768584,0.00015106398278525495,0.0002604476693818006,0.00017886181721625966,0.00018627412099970342,0.00013689681619723882,0.0001604684619898374,0.00018152359921819915,0.00025116767539842545,0.00014326876469736137,0.00025691473764035273,0.00017832864880300197,0.00018048521232775477,0.0001444268769744622,0.00014798238491054233,0.00019059166890673967
2023-02-23,0.016681849998795927,0.003613048787422671,0.028473918519874887,0.008075020906284782,0.008712657765655479,0.0034549487266959124,0.005210282319263089,0.0015950731649729067,0.00022467920773149515,0.00016851890796402728,0.0003170385865929788,0.00019993790868486004,0.00019725364748323913,0.00014899241678964953,0.0002351205765081009,0.000280609798066012,0.00025075442530328305,0.00018309196127046294,0.00034945462722264456,0.00021712894951276027,0.0001683772925684937,0.0001475761085840761,0.0002264668453931836,0.00027598116117783617
2023-02-24,0.0006088587775957279,-0.0039621648953882364,0.016934453136824082,0.00875034375627765,0.0031362940746609246,0.008744041425912901,0.004764116899346759,0.008968629891537381,0.00025958625231046437,0.0002073274153075179,0.0003523708232949124,0.00020917674067820916,0.00016482325446060054,0.00013542438064459398,0.0002357167530483694,0.00019063646893220375,0.0002613698840115003,0.00023135165224047135,0.00037829386969866517,0.00019694256824130977,0.00014455807871944932,0.00011654976242272765,0.0002365522316914024,0.00017171508488062598
2023-02-27,-0.0060074578953911335,-0.0014652228423621247,0.015652011759154805,0.012159338716430605,-0.016883145444724686,-0.006501088531828656,-0.0013767793900240106,0.014633115543629817,0.00021912164496592162,0.00015209871580212526,0.0003801693484527006,0.0001842476570498204,0.0001381671196306679,0.00012970397653335876,0.00022647491356687073,0.00021378785386359295,0.0002345376107848262,0.00016128223582067628,0.0003885226542702785,0.00018553956550386016,0.00013376542299900162,9.828061230986225e-05,0.00023212403248043956,0.00018554035451380185
2023-02-28,-0.004404193329395287,0.00022659265920091961,0.0038785046290052885,0.009258025483615007,0.008635354901803737,0.010439687143788864,-0.005069201121285519,0.0030787061803215455,0.0002652691734590191,0.00016948445059911986,0.0003665689775786912,0.00018837018727322857,0.0001376801420249789,0.00011912395040724558,0.00017342321432522475,0.00021699479603703645,0.00026368976205109513,0.0001641720800640045,0.00035881341623376315,0.00019441639470021765,0.00013484355584059376,9.587572750784963e-05,0.00016145426490161776,0.00025182642791627124
2023-03-01,-0.016792644270357777,-0.009612085111658626,-0.014255039972722967,0.002167854540753967,0.001939641263279745,0.0037299052097055437,-0.014013361304687492,-0.012090557631232932,0.00024256089835775273,0.00013842012700080966,0.0003492535377027289,0.0002165940404293337,0.0001703017618871422,0.0001392163707658775,0.00021943037675180573,0.00017737861488525643,0.0002220468462166136,0.00016028407770020688,0.00036124716247371735,0.00021521493128998328,0.00014818935119537417,0.00014523908824750462,0.00018254288005660986,0.0001454391338691718
2023-03-02,0.02435500177928012,0.012611723927698264,0.02889689945215775,0.010348044107485369,-0.00017275161538935217,-0.001655830575083935,0.02459799979412891,0.019682772023750263,0.00019302086787386733,0.00017466258942741268,0.00027651898294847816,0.0002087809174020239,0.0001658254952388293,0.000135781454283603,0.00022895966446553103,0.00024021169391886984,0.00019744071023453032,0.00016594635813103257,0.000272066492965268,0.00017984790586119954,0.00013144060751000002,0.00011470004213892578,0.00021670514650985685,0.00023806322245531537
2023-03-03,-0.00879007211466913,-0.012687740770092657,-0.004806055092717933,-0.003726549123668474,-0.004714391134639679,0.0038234939221284975,-0.007427048039094719,-0.014454212608462786,0.0003238189484891108,0.00015937321089519053,0.00042158756666337303,0.00016861450087846843,0.00019790484219045672,0.00010480420663392031,0.0002877828917639778,0.000200877801969577,0.00027490571223850264,0.00015341357989676258,0.00042404785745360447,0.00016700857425772014,0.0001933007681201002,9.879965481816105e-05,0.0002874795377615657,0.00019191246374615826
2023-03-06,-0.013231737173387857,-0.0035814570917519373,-0.003363898343837112,-0.008780041562801506,0.00259788792576767,0.002563933704065645,0.0003387841481040372,-0.0022259851019508204,0.00024479032564892806,0.00018724999040257767,0.00030624722987955544,0.000204942859696583,0.0001450325546173681,0.00010372275923294115,0.0002428948763180012,0.00024306699878192355,0.00022759216803271438,0.00020883056737420636,0.0002888587113628543,0.00020331470699782287,0.00013821153911163105,9.597929920649435e-05,0.00021437517420830785,0.0002147393894602945
2023-03-07,-0.005659660606148942,-0.00010583901337217792,-0.01100101580540247,-0.0013248080190712596,0.023951340086541956,0.0052775374502742065,0.02779259357105686,0.0027906440838951934,0.00027569524538873446,0.0001263613525140965,0.0003482278214821069,0.000127386580355337,0.000146080882576612,0.00011521219167867927,0.00023561428311801166,0.000166829066245873,0.00031385945894446234,0.00012228278093485872,0.0003601097614011551,0.0001212461442743551,0.00011763163518471266,9.061697267832408e-05,0.00019649465371653603,0.000157048672631787
2023-03-08,-0.010051479896266598,-0.0035959927594382234,0.018613245322396558,0.013993377008572937,-0.011218684565529938,-0.012728170260342486,-0.0012727538696517716,0.007380458142083246,0.00023425345750808827,0.00011553784459560857,0.0002606113874204282,0.00017262611986185774,0.00016398947477760733,0.00015628304589949515,0.0003211753693122462,0.0001925696523667471,0.0002192054453142258,0.00012960717713181638,0.00028527445412951814,0.00015438605914668498,0.00015164609758053558,0.00017838516425238614,0.0003521541771245753,0.00020621650790696337
2023-03-09,-0.00025642873426803586,0.0003303843953869715,0.009050766530285734,-0.0027140309902882968,-0.0010751891603994286,0.004845743493282132,-0.00957452017065877,-0.0020295567848268425,0.00027656533834145456,0.00011759682095171384,0.0003084594633964489,0.00019001955517561727,0.00019409331266923984,0.00012014035666708223,0.0001762811544707442,0.00022751334494494288,0.0002763527981497444,0.00011724482385674456,0.00033836483447463426,0.0002034488286023237,0.0002119856268860535,0.00012656125194021416,0.0002035951704151671,0.0001919659778626214
2023-03-10,0.012060345192813016,0.007088887713953611,0.006077933815648254,0.004866546886179696,0.0047246746484000445,-0.008878337080353595,-0.002534351238079397,-0.004671261139534036,0.00014711163278173544,0.0001280054027769489,0.00032565816420312234,0.0001515880334356974,0.00012744491926102767,0.00015110128997376397,0.0002635346852670057,0.0001894952001953968,0.0001237737670738919,0.0001493421851061114,0.000329792227323638,0.00015531197599189873,0.00012637902854480446,0.0001206238629676945,0.00024324953129576537,0.0001808397609739389
2023-03-13,0.011329481980515208,0.00911663490320982,0.0013416785277735467,0.0068297859838208986,-0.0035185913143936437,0.011275576670407744,0.0031360191407247997,0.008530560535280783,0.0002477006276556627,0.00013663379702399036,0.0003016772857700932,0.0001361499066228055,0.00012219973257324203,0.00010447993937137864,0.0001764472665109057,0.00015360376311165808,0.0002478434359358689,0.00014595913355489932,0.00028133350326974027,0.00012788205146013426,0.0001271492135866657,0.00010971055993275177,0.00015934610852348004,0.00014737230334657556
2023-03-14,0.011181321511527485,0.01097795753923309,0.012759649992442109,0.003456022838393502,0.007402357225452006,0.01740381413521901,0.0028698925616488825,0.011740081407629523,0.00017656712515335557,0.00012278469374227822,0.00025240389827821516,0.00011571264661550674,0.00012612181503348667,0.000140435095055729,0.00019179720990401453,0.00013666964232882475,0.00017113767456118843,0.0001091000786781947,0.0002640059823925403,0.00011568001230348662,0.00013748145998705719,0.00014962825714463361,0.00019810798437627084,0.00012453841362182903
2023-03-15,0.006379607380687044,0.002233683798968518,0.012865403493512525,0.006685979465665587,-0.013533907000447867,0.0027282753957348924,-0.004315233429649539,0.0006946863778983624,0.00014415315363694114,0.00010837120344703286,0.00024343822325647872,0.00013103000349508478,0.00011876551609710036,0.00011177273002351035,0.00016433469066024742,0.00016133017277812108,0.00013567668535297326,9.534864944582663e-05,0.00025872675587313283,0.00012456855448680516,0.00010756026736250932,0.00010123258734405173,0.00013710612434158205,0.00016075638377786717
2023-03-16,-0.028392977197184772,-0.01144145676575594,-0.02199136350533249,-0.0026338163168785683,-0.012231891400146973,-0.010590106313713052,-0.021339699368774827,-0.010189856693425465,0.00016849860824203402,0.00016059338946731406,0.00021915520352625042,0.0001233591916492219,0.00018361887733715115,0.00013529618949477992,0.00016887123836430138,0.00016725146936617601,0.00017208059475630187,0.00017699591489700947,0.00022889414872629606,0.00012190463465484642,0.00016730090241937087,0.00012731748384465797,0.00016625195049458353,0.00015733676896070338
2023-03-17,0.04691519406087673,0.029264394474188517,0.04771122625608864,0.022258714339842653,0.006817010070454719,0.031244152781762093,0.0043140966805279655,0.023036736590885103,0.0002210451801663906,0.00012499430539275263,0.0002771557047866321,0.00012162704425906101,0.000158744053357213,0.00013672543867725078,0.0001638315748934612,0.00015099285838865258,0.00025448387109574763,0.00011538807800717167,0.0002656389070980182,0.00010185000054955867,0.00015382019485154764,0.00014850318212639938,0.0001762347121704753,0.0001669625582665424
2023-03-20,0.0031923930563981097,0.0006717038976948938,0.011081551201114212,0.010209711681518074,0.0006432963981736646,0.0066955660761746204,-0.003498652030638527,0.003291592162444169,0.00035147253319386024,0.00015445198816342538,0.0003472716373215898,0.00012020568581560993,0.00016070561540318235,0.00021471371380750383,0.00017207756496777628,0.00019739297147851418,0.00031093318032895966,0.00012841620332751464,0.00032503714077394537,0.00012042780956285178,0.00018490564620720173,0.00020578884427726595,0.00018173267142818696,0.00019127700797273635
2023-03-21,0.005444998097452561,0.0035590065327574254,0.008509905533628823,0.02128931512173349,-0.007045387249344133,0.004112976885189614,-0.017967067188231333,-0.015346815449882992,0.00042562763225586294,0.0002426663936904243,0.0003282091037198324,0.00012470768700471738,0.000139256535153695,0.00020765040251607668,0.00021799279092054886,0.0001772820044363249,0.0004121181376618549,0.00022231426128377357,0.0003512818009259302,0.00012780230248579338,0.00014991219265775318,0.00020494739310549878,0.00021221539963538308,0.00018128256003574342
2023-03-22,-0.00044379480754297245,0.0017008537374416607,0.0035506275265347552,-0.003911506573286104,0.005278947103434207,0.007938382501831204,-0.008068694551660214,-0.006251416717201029,0.00037740304298496835,0.00011698617129083497,0.00032170431263491944,0.00018871681241797657,0.00016243686889403988,0.00015371582678215998,0.0002424841028558996,0.00013680450426541707,0.0004389416203102465,0.00011133920026469717,0.0002506449328289496,0.00021026210809446997,0.00014606230322041316,0.00016686656767504347,0.0002135706665603762,0.0001427929481135393
2023-03-23,-0.022579129000763518,-0.01690768557793143,-0.014244404356633452,-0.005141060597575195,-0.004799032817640247,-0.009779559953458541,-0.008626464569582494,-0.010222279688899287,0.00033475708733544485,0.00014921198691716938,0.00027427376312759124,0.00015848205379917927,0.00017663495192647417,0.00019288652638141342,0.00021251102393164792,0.00018572541898267408,0.000368547772737385,0.00016350883911364758,0.0002590346465330172,0.00016983984026520502,0.000186359752664027,0.00020836340620929546,0.00022644910853190117,0.00019891489851928156
2023-03-24,0.02939127022274343,0.017937743890773288,0.030093703639158628,0.018160670551528073,-0.017749247715704207,-0.0064373198301979915,0.004688856011288217,0.010092885410840996,0.00027506434378386064,0.00015757546151517115,0.0002959164898657285,0.00012791718460615763,9.758891499163641e-05,0.00015498684288523353,0.00016503556285961157,0.00012852801624354672,0.0002909885193896243,0.00015859349068685175,0.00029994304241862606,0.0001447870930014064,9.209268798097195e-05,0.00017356922724468535,0.00016930072067052222,0.00015447659934809336
2023-03-27,0.007898179007628953,0.0022288279574473303,0.024144578892098832,0.01587453031720691,-0.005347379835196141,0.00685751232660051,0.0006929622050700282,0.011499519734732396,0.00037689374236974743,0.00015141169832132303,0.00030185661037550993,0.0001497499775532628,0.0001600896731564331,0.00015475779826085433,0.00016305122887947144,0.00012409820031025523,0.0003597084633479351,0.0001466104736805092,0.00030189868062879246,0.00015503627560747044,0.00015168977750465714,0.00013951210817796206,0.00017006621831144964,0.00012789660384473502
2023-03-28,-0.02816281385384489,-0.019441223390244216,-0.0002869639915081144,-0.01192243114171283,0.0002502450999166489,-0.01958902131866932,-0.0021384774356496415,-0.021981195747599134,0.0003501025721152411,0.00014482893411268372,0.0002908383440283102,0.00012710154268382636,0.00012488786361992138,0.00016747342328198825,0.00016837632988583206,0.0001399878745072544,0.0003679138439471536,0.0001325858255903477,0.00029492052663204527,0.0001308838365953972,0.00012981579699829289,0.00016860809447015614,0.00017966830821750454,0.00013021715188514513
2023-03-29,-0.008150503574155008,0.001962181827225272,-0.013578647768687415,-0.009931460919315658,0.005936014930969756,-0.0025948004391488457,-0.004878310142343897,-0.004677356754774417,0.00036282245467202725,0.00014172288848038472,0.0003789661445383749,0.00018081240589027295,0.0001095793997260529,0.00015930353805337412,0.00017200228809437405,0.0001638980983265839,0.00033115579939471895,0.00013170519843891127,0.0003978387510386448,0.00018974922929214765,0.00010678239808986444,0.00018386931755658107,0.00018380804176039444,0.00016178512046823742
2023-03-30,0.007139699083188595,-0.0013930740458304568,0.00023232423321055518,0.000682722913014669,-0.008279615859038926,-0.018607981703631583,0.01497224396967439,-0.0022989219024713427,0.00036774347454642523,0.00017929128901575294,0.0004168780236727913,0.00015852102259124084,0.00016604789319209784,0.00017801337426832424,0.00011390702041567363,0.00020302252971500395,0.0003144288945532622,0.0001706117023270539,0.0004456923294679672,0.0001595178837090044,0.0001744592031697635,0.00014068097315330868,0.00011108173916164193,0.00019542218226451655
2023-03-31,0.006172707396438337,0.01291914696735811,-0.018983274288534645,-0.004229439422205659,-0.0025630820142065972,0.013404233109022114,-0.011036548320862366,0.005936906572489818,0.00041912252122108226,0.00017733749578234252,0.0002559815061074581,0.00020883131543067472,0.00011068604156817927,0.00020953092433010758,0.0001536228075675143,0.000132650423298635,0.0004522724390116389,0.00018405429793437214,0.0002308643491698604,0.00021628068239559777,0.00011065737883367516,0.00021114891513742136,0.00012829745616627523,0.00013215906823347038
2023-04-03,-0.005017076520330275,0.004670855870963583,-0.001075190817395802,-0.004491429705308998,0.014299494779193695,-0.0018573742902708718,-0.0031953392966038996,-0.00018165097487278249,0.0003819058043098081,0.000123016852941226,0.0002533753765950417,0.00013579722314678209,0.00011313848884440776,0.00017832762285401943,0.0001697453276419747,0.00012240394677990815,0.00034685460149400766,0.0001257846321252799,0.0002550311833758769,0.0001242422716890623,0.00012080480343123404,0.0001754906230137577,0.0001797239840405276,0.00012545211587629672
2023-04-04,-0.002015867922390755,-0.006275987492013996,-0.00528012154068454,0.010568912114207135,-0.021687281424756694,-0.009174554697868698,-0.006805069116354516,-0.011215851740845974,0.00025214004300462783,0.00013558216835128574,0.00022489849794985533,0.00016404961234273233,0.0001437573727105288,0.00017515488877328333,0.0001493283605165183,0.0002050353119608758,0.00024971638521612894,0.00012808123253977316,0.0001871207654331776,0.0001375723068086766,0.0001338713937183386,0.00017898315229312664,0.00014603761194248408,0.00021422178070683228
2023-04-05,0.011429391714409647,0.012122055017975399,0.013433687462050146,0.020507440577225197,0.014502842104979423,0.0061981696625848,0.0013235799729378105,0.00662413267392568,0.00029635614842536955,8.391524991426621e-05,0.00039574883932463916,0.00011086064972877591,0.0001402057799402032,0.0001765841610545748,0.00012106614197787349,0.00017594496238687276,0.0002543931440079958,7.95499642518235e-05,0.0003647802127948435,0.00011886143045945579,0.00012718922114548858,0.00017362056230725594,9.912976301069584e-05,0.00017382331157955313
2023-04-06,-0.013858416561505838,-0.0077240114253393265,-0.01635450710360026,-0.007657495967879409,0.001079997513889249,-0.010031975190907585,0.004516881398058813,-0.001864924697746636,0.00031656609126643777,0.00016950812426329626,0.0003170765180681997,0.00017123906802586576,0.00015354894587785406,0.0001680518436725794,0.0001243971093145584,0.00011516999044553958,0.0003210184087092637,0.00017796278717044432,0.0003329227271744234,0.00014695641163296462,0.00014686746358787397,0.0001570517125101065,0.00013070763652368804,0.00011288429990860766
2023-04-07,0.008346432426395921,0.007046041673100848,0.012505566396875717,0.007121232269772056,0.002461758607998631,0.0050702403441451735,0.010691405097815566,0.006908235810581222,0.00022963686908043308,0.0001509477798136947,0.00023708990392185388,0.00012272624798109595,0.00016307757984540872,0.00019774928452261908,0.00012824093638852608,0.0001454319550658917,0.00023349819313602075,0.0001359122906383314,0.00026793621042262147,0.00013268335284842623,0.00015677657749420804,0.0001672056022831614,0.0001365568167109059,0.00014206312278984047
2023-04-10,-0.026390053932619166,-0.015168192450897015,-0.015833186394898308,-0.014088066576341122,-0.013297188396403505,-0.013599113136497537,-0.010069102682386625,-0.012829276979937698,0.00024623817684219255,0.00012479482693095946,0.00024357323622711,0.0001768227121768913,0.000140863809382341,0.0001791427445556516,0.00012266929394367894,0.00018622235641165295,0.00024877604472404096,0.00012379574322238238,0.00022777731832192917,0.0001708800692102743,0.00013243418415722884,0.00019453483640794367,0.0001356154473052145,0.0001696032266118277
2023-04-11,0.01478914607326512,0.013336914593280486,0.006529902435647647,0.011357022443192602,0.014156156496424713,0.0099872572478714,0.00638087946675738,0.002332938877169644,0.0003363050843407591,0.00014312212318744145,0.0002285819571465443,0.0001228265245056679,9.761353620466615e-05,0.00019342058557530822,0.00015103427289879544,0.00013351352767394448,0.00035496189187745594,0.0001434984093883138,0.0002382057269249045,0.00013188426191130688,0.00010725166397842988,0.00015910338550340688,0.00015530437955461621,0.00014271927941064802
2023-04-12,0.02692050725353167,0.03457133347696715,0.01041281325109774,0.011356410462857734,-0.02223033674139449,0.005508780998127828,0.014128793836005939,0.028512764810067724,0.00032798636328552514,9.376504923929527e-05,0.0002305387532189947,0.00013556876493573699,0.000123199453525666,0.00018119673332724393,0.00010674246661853459,0.0001831814412101895,0.00031136942511024153,9.882877055776447e-05,0.0002477744397459517,0.00014100825968873964,0.00010573399239482783,0.00018338301987590595,0.00010793720836978693,0.0001701433659755098
2023-04-13,0.026692975143050184,0.010385873848524121,0.025992284027563182,0.008193015673163676,0.00467718212915849,0.005682152611085456,0.0012619762769057903,0.011458771730918185,0.00031190213766212017,0.00014637266926808363,0.0001649581607760273,0.00016114846359983152,0.000193413807796541,0.00016779588737956337,0.0001476198833677413,0.00019208109143868405,0.0003124777061779797,0.00014524077131191894,0.0001717455978051767,0.00017127941094966366,0.00020920703259792768,0.0001574006011396217,0.00015446844096298206,0.00018384430369153298
2023-04-14,-0.00346093067081556,0.003996442423513776,0.0022722387668087313,-0.003157525036643959,-0.010091106721304673,-0.009782267975738236,-0.012173126616456125,-0.0058288425253271055,0.0003427633241362513,0.00019798293501826787,0.00025126411864670575,0.0001396290247212875,0.00015290418215806404,0.00015547874748256387,0.00013762933254416688,0.00015926437854095097,0.00038144493971033715,0.00019747011779025578,0.00021769122063711318,0.00014180193001370138,0.00012446560874165076,0.0001560991052158859,0.00013011575195951306,0.00016463982820932264
2023-04-17,0.0009145342738098801,0.023072711704456017,-0.012302544988348561,-0.0031035190352676637,-0.006105447047618353,0.00040028932478586125,0.022833819739741516,0.01078948703398122,0.0003044217758867062,0.0002355495512378239,0.00023174812526236745,0.00018513084548937395,0.00017890528555045558,0.0001314777686894842,0.0001323285419986044,0.0001622193982511958,0.0003001234751529436,0.0002164476746553799,0.000263868289722865,0.0001902507717967705,0.00017127251931760458,0.00013810372098721323,0.00011872899439506279,0.00014018103267347543
2023-04-18,-0.033404819240532305,-0.021669269269584134,-0.025857249566517585,-0.017175710548217874,0.018988084859846325,-0.003725489598701606,0.005873136736821005,-0.010759366538642456,0.00030334412717762367,0.00020467878141908587,0.000234859156985244,0.0001332354441725269,0.00013213660573152905,0.00018208537418358179,0.00010412968999760038,0.00014041945649783205,0.0002978486041917215,0.0002115385939152699,0.00019490122572460934,0.00012084334350710744,0.00010562997427873186,0.00017496118063916908,0.00010539567439676761,0.00013141102459038995
2023-04-19,-0.01150412776082044,-0.024577196368385148,-0.007108833628801209,0.008057598792528063,0.0009187303339426906,0.007084723597591365,-0.011628016093074038,-0.015453469120389727,0.0003180253786999737,0.00022991955001544853,0.00019685778214248374,0.00015036573342121922,0.0001766611349973149,0.0001678584291594046,0.00013421284425407895,0.00014951363477513644,0.0003291695862430434,0.00023110383988772155,0.00017432297927384949,0.00016316783834406851,0.00015580536601873387,0.00016398637356153975,0.00013609289073036797,0.00014596725379128545
2023-04-20,-0.007240397993560773,-0.00860616688753773,0.0020342265188713197,-0.003634999631179894,0.0018772955383611679,0.0055424902812150545,-0.015380178283421718,-0.0073432591947631765,0.0004231512169337083,0.0002304566695567041,0.00025908472068467446,0.0001147916076291397,0.00013709475047312092,0.000165243137843063,0.00014824056196339192,0.0001339873020664829,0.0003925042446054035,0.00025153013381597146,0.00027989976259110475,0.00010979382093225304,0.00013253463396867794,0.0001621184298698311,0.0001275658461726241,0.00013258787050823788
2023-04-21,0.0057370388444609784,0.007542848444098576,0.010069180560696833,0.003833796094581191,-0.0016481980532874307,0.004152782732390791,0.0064065465432539105,0.008061674123296262,0.00043247655700985187,0.00020756682886811952,0.0002715337007910109,0.00011909935558488869,0.00012211551768244932,0.00012440749728245885,0.00015033699230998786,0.00015761380726266806,0.000446963877687977,0.0002386558923003576,0.00029112273243573294,0.00012974790457861589,0.0001207364074701193,0.00012221872150085432,0.00014847435801317217,0.0001714649578549612
2023-04-24,-0.011183532767810556,0.0007623454048663551,-0.005415752346646106,0.0015444295554139392,0.0011986866017083847,0.009474971907416667,0.0019231995671446175,0.002485761556567943,0.00029424469430029107,0.0003123746010184378,0.00026922135174462354,0.00011489390145633051,0.00013791640037026453,0.0001248402864175187,0.00012844314290128933,0.0001666812233604911,0.00033045693103153574,0.00032898371311413836,0.00027626411004884994,8.565049321820359e-05,0.00013328277697460594,0.00011661925953839956,0.00013852828541484346,0.00016824401155363921
2023-04-25,0.0008256607892874203,0.006310317651547818,-0.004081300752417937,0.010335055305647465,0.007517530046876137,0.00410845995111035,0.011354884546489965,0.0038831754382790593,0.0003295674308005365,0.0002193497331298462,0.00022941639225657802,0.00012924111829337408,0.00012652374518458355,0.00011518126761782685,0.00011205243028728122,0.00014254799568872017,0.00034458849965788316,0.00022266898328185476,0.00020364187974216885,0.00012639582845826308,0.00011715751618769109,0.00011059759020889694,0.00011656464009642799,0.00014475397740463934
2023-04-26,-0.02323604595631898,-0.023957795519491232,-0.033546453389098785,-0.011848376813333766,-0.001940632817726055,-0.0027458856217094886,-0.022370232819327172,-0.031121055533397033,0.0002459278974307414,0.0002231055637018017,0.00020624644457846022,0.00010688887552029444,0.00015588088638643146,0.00012746086866326884,0.0001638977994379072,0.0001235038351148133,0.00027471757685606867,0.000212450462811716,0.00020902509781069043,9.908677892907607e-05,0.00014955871183245045,0.0001246485144757807,0.0001442012000006164,0.00012475241467795655
2023-04-27,0.00405440055182479,0.0003824331545139251,0.0006154226244288229,-4.888091926979706e-05,-0.011707170784879161,0.000744472808118663,-0.0050641547764162746,-0.0002983653990227579,0.00029273855162031547,0.00020538373969469033,0.00029101867755949,0.00012707645676598357,0.00013474198448230223,0.00012282232627252267,0.0001428846858160331,0.00012926633473937753,0.0003050419811947398,0.0001861162142453455,0.00025309724184067355,0.00012712535059915354,0.00013259149986478576,0.00010666578737699501,0.00013775833391417333,0.00010797884653599654
2023-04-28,-0.04557445281931695,-0.021442661570660018,-0.035720603091555135,-0.02076458428350352,0.008964926969946689,0.0007142510506989584,-0.020867430210582193,-0.020966672882132893,0.00030313482752974394,0.00018127852033676393,0.0003217588098336732,0.00011836275639870364,0.00010216730755246276,9.52470162396286e-05,0.00013470311501656663,0.00018852188486533512,0.0003043570529045618,0.00017241855544433102,0.00032952928878186204,0.00011471366551327494,0.00010815248486517411,9.49562391809419e-05,0.00010548127087053194,0.00018816909750305486
2023-05-01,-0.009286991744747524,-0.0023109029699341695,0.008068996271737093,0.0014912596846861025,0.011322047855191126,-0.00060790391673866,0.02089197200057077,0.016398816242164035,0.0004231264877861282,0.0002622645855654693,0.00022302524820363637,0.00018077171724829015,0.00015023538726856897,0.00012583078883357009,0.0001463326832708944,0.00016256519358297808,0.0004364186851064056,0.00026466715603154695,0.00019582565421103913,0.0001878259596723813,0.00014591653597581763,0.00010884004732359656,0.00013891770408552346,0.00015377809519577499
2023-05-02,0.01052905673297154,0.010139427668799505,0.006044054631881247,0.004504957313055412,0.010048840321413255,7.063213817075733e-05,0.008814229324654267,0.0025579694754220496,0.0004071958697481551,0.00022969385898468094,0.0002640205101107264,0.00015144516759132452,0.00013242422484656882,0.00010112192041407807,0.0001902508440978103,0.0002260133661602789,0.0003652473444052248,0.0002509463563457854,0.00025088579112901376,0.0001281652360781698,0.00014100358804781444,0.00010054252731599426,0.00015908144845432805,0.00020374766863568206
2023-05-03,-0.0003129719214320488,-0.018347689037534642,-0.004403623482961417,-0.0014416796485577565,0.003591826130941737,-0.006529237295620639,-0.012285340248263003,-0.019350132961534774,0.00033783558145555377,0.00018007102905267383,0.0003395444974628889,0.0001391949284864094,0.00012959921938667,0.00010628445511215619,0.00021913151198727437,0.00012444931260076076,0.0003403727651269153,0.0001693741326611573,0.00038523547420627054,0.00012908643119910235,0.00011064467030091653,9.797638765501692e-05,0.0001932406215031955,0.00012218987352933438
2023-05-04,-0.046396785014148796,-0.04095509652840154,-0.05282698353551709,-0.034150353433431105,-0.014041722574593005,-0.021833101523030408,-0.027700476109756428,-0.04411503475056374,0.00030548394692486225,0.00021647723960020604,0.0002826147127318216,0.00011236459736413038,0.000143303451712855,0.00010967037219651829,0.00014924538382099845,0.00018346013901602114,0.000273563647231534,0.00024441267243381577,0.00026259404889569305,0.00011755375223855949,0.0001317892682277176,0.00010469853424697526,0.00016312734225133258,0.00021195839075100994
2023-05-05,0.01901776720998129,0.006794967538538867,0.020390444557532583,-0.001608359089113829,0.010256825120775368,0.004136952527851298,-6.219920561535583e-05,0.003178933118303544,0.0005793726561808871,0.0003715008471045976,0.0005116879657580626,0.00018954713281514322,9.523552048034213e-05,0.00013188306176312287,0.0001507110572873905,0.00031971988176816873,0.0006284019983879801,0.00035547517247633303,0.0005387706181700049,0.00019949118126902168,9.724731544562912e-05,0.00010960881610221972,0.00016241943990185772,0.0003085996316458792
2023-05-08,0.012091964495919438,0.012759867025071061,0.015633141435203467,0.008560411374126267,0.00999776025159609,0.007812387943610278,0.0061540655193071,0.012906240501692796,0.000438782216513821,0.00024048527458360805,0.0003878349915376779,0.0002431990307833581,0.00018363100634369534,0.00018541750710189298,0.00015987389894099897,0.00023572222578663158,0.0004427587795814429,0.0002344209846207084,0.0004257711654945504,0.00023709193213160257,0.0001822077563890055,0.00016153437731147751,0.00018094392411283232,0.0002509454501308759
2023-05-09,-0.006788357442316618,0.005109065049082086,-0.010943555858470334,-0.012950685245214567,0.00015087258147776584,-0.010022336758470198,-0.013259909171504417,-0.0004327737363050128,0.0005745316859452403,0.00023475857556127435,0.0005031551042917321,0.0001550572633554151,0.0001454141299377325,0.0001037399004482209,0.00024175806111750145,0.00030851644433507004,0.000565708734003081,0.000252375897713381,0.0005426519828988757,0.00013040403516755662,0.0001270904751069043,9.502287048248914e-05,0.00025142258421045416,0.0003237316526569057
2023-05-10,0.0130312864454659,0.016533901589004134,0.008710754543735363,0.015088691084431996,-0.0005022321560967298,0.00585497529424321,0.02629229472767523,0.013159301921210745,0.0004295318584455609,0.00025859135874279016,0.0004718457875493942,0.00011524205616998557,0.00013719446402687705,0.00010836739182678139,0.0001955502505244444,0.0002601885927841727,0.00044716899782699585,0.0002619060111299684,0.00045509041982534767,0.00012075875934143756,0.0001202701470656973,0.000101601015725418,0.00017597325485530838,0.0002734723334831993
2023-05-11,-0.00650226166052282,-0.011200873542332587,0.0016834888389544232,-0.007113046488645796,-0.0009152636043598214,-0.008265002005036201,-0.0003508786692705275,-0.002511378541153674,0.0005177814022284675,0.0003228698130355425,0.0003903970512233907,0.00017827958246661933,0.00013570432207222417,0.00011777441789564478,0.0002346999979031836,0.00021052521975949045,0.0005327477883331641,0.00032110328369087254,0.0004084116637106417,0.00020136547923234284,0.0001392703254851141,0.00010881659985128633,0.0002190515974200091,0.0002208670308084989
2023-05-12,-0.0009366196354213485,-0.009644295595925693,-0.016995374590490955,-0.01959635301883411,-0.002003919836737274,-0.004491385687350609,-0.007300165277506817,-0.011722543969502923,0.0002840358696228864,0.0003382785525660213,0.00035023191197558316,0.00017729411471074404,9.179872827267696e-05,0.00010882163803721218,0.000244506151699944,0.00027398748974238624,0.00032647488076945785,0.00033040782752787506,0.0004171567187558483,0.00020005544825438295,8.599050681262909e-05,9.483875978536425e-05,0.0002615579207106272,0.0003111062222409309
2023-05-15,0.0035668879267178144,1.5186208758355803e-05,-0.011623147472552345,-0.013079532821314662,0.006194661858163648,-0.003990917980596654,-0.0172656350540267,-0.011454179614879758,0.0004784954456061007,0.000285447905753851,0.000345805646961302,0.00021320690110030423,0.00010286910092347606,0.00010036260117013986,0.00026511370015109827,0.000256561995654396,0.0004825967423059032,0.00029294696537166296,0.000395915006601615,0.00022019331813930896,9.761175590519362e-05,0.00010261319029284159,0.00023767434031814525,0.00021286378723680383
2023-05-16,0.02621031379914794,0.023859192878917825,0.016400228619835706,0.0197493012141653,-0.005326442008110212,0.006086773159269726,0.008895151928520867,0.013720974991827752,0.000278631619030313,0.0004013009652245542,0.0003933100326168952,0.00014504077906803936,0.00010945901749572271,0.0001414515217881536,0.0002501763407350715,0.0002026937286467162,0.00029724124924741276,0.00044883097038595296,0.0003806344507527183,0.00012396632945543048,0.00010527942379356166,0.00014433354037614622,0.00023487492225683428,0.00020457134817873646
2023-05-17,-0.02952710250456148,-0.027294866800748576,-0.019133116425415618,-0.02574515420390738,0.014811039639001594,-0.010367337081738526,-0.014509240354806564,-0.02521359015514746,0.0003223150277767029,0.00027151773117079376,0.0003714330651577309,0.00023059786931121077,0.00011507183755366051,0.00012123280543461837,0.00027082044931402545,0.0002972474643638307,0.0003093285792479332,0.0002699450460203975,0.0003343657869742213,0.00023132425096207698,0.00011177723028908596,0.00011076750454825217,0.0002568811355061524,0.00027939721304107146
2023-05-18,-0.0062803501246438504,-0.01327801515500293,-0.00041777187214127835,-0.0009313899109637326,-0.002547403158953624,-0.006873340364070852,-4.734260955676202e-05,0.0038182262199230087,0.0003477753574115108,0.00033681965093430546,0.00035849097192268734,0.00023138227573801456,8.894759272492219e-05,0.00012047719124660332,0.00022062725612650153,0.0002518587166444209,0.0003391577358004398,0.00032015216866683607,0.0003546325795354839,0.00020966519141106256,9.509435263654127e-05,0.00010879739024247444,0.00025703417388676366,0.0002135454987240503
2023-05-19,0.03198672320184718,0.019390386967463626,0.020406248054410693,0.020114069870368293,-0.0010064519864063748,0.011999895782973499,-0.003973963456780275,-0.004769353047099604,0.00036764254092730924,0.0003988154420901375,0.0002732276219345458,0.00011913653011334063,0.00012605281688576642,0.00014200320701432753,0.00027282173901285473,0.00021613357897595222,0.0003429821149522584,0.00041950084221949673,0.00029307570438189044,0.0001193329508011005,0.00010764631092742742,0.00013243727875674244,0.00030272915251062144,0.00020993899867976945
2023-05-22,0.0006325133770829991,0.006509906536397828,0.00015211161067209137,0.008038704950668024,0.016151896478297782,0.0009170797240421595,0.0008686924616449531,-0.011740685012415894,0.0004160640803618077,0.00030921257243068847,0.0003057137252410352,0.0002168684740339506,0.00011762975816639838,0.00012515399721909913,0.00017752088610588688,0.0002339895673787448,0.00042477385041380397,0.0003140463133939558,0.00031146932737861996,0.00021076202033680063,0.00012203352018869616,0.00012324816770620852,0.00012938077801545524,0.00025496228515350055
2023-05-23,0.006126564787224822,0.000867772674770255,0.011059259980907598,0.0012592747247590706,0.013767152410994282,-0.002932868268846195,0.002741380188958098,0.004710958384406234,0.0003391876578523243,0.00023349708935965224,0.0002351435847833517,0.00017354530422717402,0.00012508094774267225,9.734732295949155e-05,0.0001801283635972471,0.00019739568017274905,0.0003598373995027091,0.00023333819274185149,0.000224302055285321,0.00016168557831101378,0.00011020597222474367,0.00010108709222293143,0.0001832412111757925,0.00019733730479819814
2023-05-24,0.011593546506925626,-0.00018277934788160844,0.012480729959858593,0.02524820515090883,-0.002267217321975757,0.006308259846626936,-0.007839704170389854,-0.0029451151409075997,0.00027266010003053836,0.0002080493348775711,0.00031710860796544646,0.00017009133502749222,0.00014303415819493022,0.0001218439806790853,0.000173015654718302,0.00022528441548621655,0.00030574070582214865,0.00022171820838847573,0.0003586871628372384,0.00017331333121052084,0.00013254365332002806,0.00011017116717443776,0.00017229045099456184,0.00022540458519662313
2023-05-25,0.007971698411318232,0.002767745950369125,0.005423611300701308,0.009273963289638655,0.0021890875165882584,0.00875846207717536,-0.00782894498888169,-0.005827007101886472,0.000301846703476754,0.00024618502774485866,0.00022262364860946876,0.00027615294178820617,0.00013058201168812783,0.0001539526256708546,0.00012674838661059221,0.00024001606199787717,0.00030279564907875815,0.00026956973796503207,0.0002019449145649777,0.0003034512514845476,0.00010909140541898482,0.00016401336787297326,0.00011670667310575081,0.00024877813729027307
2023-05-26,-8.916534840648464e-05,-0.01170567635438327,0.0030540401659229647,0.024005599105219634,-0.011207383434550086,0.014729128972344496,0.01052632902809634,-0.008084048064031237,0.0002923665481075631,0.00021305759132208416,0.0002515985272082453,0.00018632545844569833,0.00010557655647927647,0.00010880429178115922,0.00013404222291775388,0.00017423377636404698,0.00032420110449671297,0.00022376596684331898,0.0002461801213812381,0.00019439130978746389,9.306017173178823e-05,9.846675356828874e-05,0.00013738474627083042,0.0001753618552042218
2023-05-29,0.006414977316829148,0.006805287515652941,0.001560082174665172,0.004937675310329287,-0.0038848947531060236,-0.004893313160759609,0.009581840199577508,0.008304110594340042,0.00024903598558917146,0.00020105210233125804,0.00025761787963134814,0.00024149642138812676,0.00012050499183217281,0.00010715629428197127,0.00019662370289912467,0.00015145119469383328,0.0002639321715624068,0.00017835664443868052,0.0002540930618612866,0.000218403294543288,0.00010754520415982572,0.00010551937259733613,0.00018672901213387532,0.00015005453404872166
2023-05-30,-0.015143707410443494,-0.024114298534850625,-0.019085108011520115,-0.027263005066729955,-0.005232055015787742,-0.014068289023701315,-0.019982641665194555,-0.023749791948850484,0.00027419755933507414,0.0002173466735235968,0.00019243854567101997,0.00021808620892322538,0.0001421596460709707,0.0001392584675877243,0.0001468992780763685,0.00027211017639993323,0.0002643134148803391,0.00021657140798782789,0.00019923981808791315,0.00020741629168783085,0.00015488653463925978,0.00012447595741479233,0.00014470389015589297,0.00023874477642689743
2023-05-31,0.0040744876551583355,0.007143633680115568,0.016216751621970133,0.014541750432456948,0.0036378364059362614,0.011173834592654277,0.017112344905615622,0.02105425920981475,0.00023197039032410552,0.00019119955609292211,0.00019476242270565606,0.00021048326504229797,0.0001230320987106167,0.00012292100085376103,0.00016596749663884544,0.00019554963059950167,0.000225528809266417,0.00017063761507280816,0.00018366169933379213,0.00024297207884705222,8.996304206711956e-05,0.00012901697974333358,0.0001840135744351126,0.00017786712434965818
2023-06-01,-0.008620025322385639,0.006453569355484529,-0.002458649447170461,-0.0008694011630923849,0.005531792920812474,-0.004204346255035961,0.005281237242043192,-0.002319192811645532,0.00021500786249523658,0.00021151997210942382,0.00026108934829041923,0.00022539507989494044,0.00010544074345042818,0.0001239548165451221,0.00020555897280301991,0.00022950644089325106,0.00021360384562078721,0.0002109478041302837,0.00027738670954117404,0.0002598360840780301,0.00010332108326615692,0.00010681832437534002,0.00019327671258869883,0.00024753917760106115
2023-06-02,-0.005534723714908548,0.007814792052901243,-0.010056281819087236,-0.00862461602698948,-0.011711456931985692,0.0011650943289783144,0.007664631028982752,0.00918641882331871,0.0002023258803909038,0.00019416382807793615,0.00020504001907262635,0.00024434824223507003,9.279947810827263e-05,0.00015357497857895657,0.00013622991878783826,0.00016527420207340047,0.00019340369434558597,0.00022153850081880157,0.00019292909720952984,0.00022414002586036648,9.004635441067747e-05,0.00014754560511066986,0.0001315383040789829,0.00017541855212123154
2023-06-05,0.008880617714952022,0.0073481534492773415,0.0038513138742422197,0.005485602666479404,0.004677730364922268,-0.0009469563334037306,0.005007667145618971,0.0005819242175863519,0.0002130126354839616,0.0001931486046271898,0.0002043174011760409,0.00016997428454046596,0.0001130607515198419,0.00016084201926039668,0.00014232198029603767,0.00018942128446152085,0.00020920668720087384,0.00018958360874704144,0.00017901125262590918,0.00018120352524784425,0.00011533602943800093,0.0001595001673014124,0.00014969894110649685,0.00016969783343971764
2023-06-06,-0.009862769803214566,0.0012884766406288733,-0.01584494596540614,-0.024200596979167953,-0.011002203254127908,0.007533162889394052,-0.0017388118582250863,-0.010497170840419817,0.00017444951653231702,0.00017487630214530224,0.00014164745269155347,0.00023472690629189224,0.0001120480432580345,0.0001246370083233265,0.00017794783596947954,0.00020896751922328617,0.00017166078462059811,0.00017576171397993277,0.00016427236795978198,0.0002595978502773717,0.00011261347329746734,0.00012890996672314578,0.00018164582523625615,0.00022154310559993265
2023-06-07,-0.013212251838253267,-0.01064479988421292,-0.017951546452994,-0.008208717790136894,-0.005271308807595073,0.0061928769011999835,-0.007801032978826248,-0.01305328639175909,0.00022541351484354233,0.00014743566554143215,0.00021264552141287102,0.00018895212525818776,9.815220267536585e-05,0.00010781024012331819,0.0001644275483714293,0.00018892408528021608,0.00023843937250848658,0.0001414294263841604,0.00022536661767466446,0.000213968425423354,0.00010035162365482325,0.00011558079772628318,0.00016283578277333441,0.00016240521729646027
2023-06-08,-0.016066955209129503,-0.013287122609411691,-0.005741342495820716,-0.014243017130935042,0.010128015695010643,0.001598088678939426,-0.0010620815568580242,-0.006924137192622186,0.00020560199494742512,0.0002004206037511537,0.00019079012722095437,0.00022868529518474469,0.0001312288517013902,0.00012912334175871535,0.0001205728643224827,0.00013706642808410834,0.0001931017694658834,0.00021751729993836107,0.00020776122934093084,0.00021906784070660227,0.0001344146738556472,0.00014244210793029952,0.00011645795901955702,0.00013268817158850323
2023-06-09,-0.008519495764368855,0.008053926969984975,0.0018370747978538788,-0.01122009864750343,-0.006001585222568807,0.0033733656922378713,-0.004009878915309177,0.010341412126588012,0.00027363594818266817,0.00013344939666138535,0.0002226606624408116,0.00016355448896165963,9.514884303545296e-05,8.726358525320994e-05,0.00012037661035188798,0.00015855777491124995,0.0002705703099420204,0.00011676231021482166,0.00018961221219030827,0.00016161733379267023,0.00011366003323610956,9.01862139833918e-05,0.0001240972184401598,0.0001469166760041308
2023-06-12,0.0024740094358337594,0.0004796802313912931,-0.0003096488832685166,0.011787847784989895,0.006655067169111539,0.004946968198735493,-0.004648391447476462,-0.010294725351076733,0.00025913419763978594,0.00011772529762247658,0.0001733199838975385,0.00020782368786139127,8.950290894029839e-05,0.00010188466173741728,8.938823046141393e-05,0.00017493431956459935,0.0002609177989926423,0.00011722950819733407,0.00018820316397078095,0.00020392785326103479,8.03984535918006e-05,0.00010625056729006497,9.392320008793167e-05,0.0001826682427980367
2023-06-13,0.0023115222953720804,0.003705958526785668,0.01837986320107124,0.014685969204482037,0.019236141116297716,0.0006680010006817393,0.010241281039797193,0.020155607693986707,0.00022327994281109742,0.00019409419302999256,0.00021764181526100936,0.00019586412393758867,0.00013355448037225174,0.00013330835996940664,0.00012927989775236382,0.00017111637990910737,0.0002081041790239825,0.0001937603339797657,0.0002213036283660866,0.0002040976521724128,0.00015043769349618253,0.00014520444542400789,0.00011550183098309426,0.0001636174692394858
2023-06-14,-0.013364398696247282,0.0006811872681103773,-0.018560610144972508,-0.009663238322961395,-0.005542180773059297,0.0042718451918100035,-0.005349810399914813,-0.0001219398795261855,0.0001721948915696891,0.00012637691815176017,0.00023823387342355773,0.00019103732310159552,0.0001256930307865494,0.00010966972995294803,0.00010130593204962171,0.00016943821109712928,0.000190774114058886,0.00012314516529344355,0.00022041447540875828,0.00020297439199760768,0.0001284516748551535,0.0001023342139011363,0.00010837374141129237,0.0001987442691486739
2023-06-15,-0.009410943006969952,-0.00909676930183049,-0.03181047650125446,-0.018478359351984577,-0.017257673523063018,-0.00643554458254073,-0.0030824472565551637,0.005821071953042756,0.00018950758913804347,0.00014497213409101232,0.00023655832296762524,0.0001903621396307784,0.00013962211829214463,0.00010017396828544768,0.00010617669165719198,0.00022528992070455295,0.0001977936232564476,0.00014043756976223675,0.0002080592769389978,0.00015957075276887246,0.00013301408870537747,9.626678785589092e-05,9.786978641573118e-05,0.00023923766990895088
2023-06-16,0.01397066959401144,0.02505941032836408,0.013242854656563273,0.02026992185032866,0.008988947840358589,0.015650032905599166,0.03204405128044069,0.03495390785824862,0.0001741495198340318,0.00015892449351015766,0.00025717076990221233,0.00026675711427942897,0.00016561280883327725,7.709283848309724e-05,9.674072544278553e-05,0.00016156310024591895,0.00018849773242680712,0.00016113641228099915,0.00026990494198702523,0.00026529307713920507,0.00015699934097137015,7.599373783558632e-05,9.012190108777963e-05,0.0001717490779457151
2023-06-19,0.0030954930992544167,0.002650692292353105,-1.7509815937856096e-05,0.005416673676816676,0.0014716266106212838,0.0024129814006485953,-0.004428530459655144,-0.0003359874968118641,0.00018380619419133544,0.00013641116279450215,0.0002528666198215472,0.00021621261181626038,7.368173275486688e-05,0.00011985121696884231,0.00016406077266580989,0.00026118374552773813,0.00016000042604655772,0.00013384968210658607,0.0002545627345198894,0.0001751752844529786,7.983567608445457e-05,0.0001186947311772536,0.0001725222018953863,0.00021758198132374492
2023-06-20,0.022053580327836473,0.017232335787835534,0.026595242211748533,0.010586187971135662,0.010558966896636853,-0.012546387723872713,0.0013868370989003462,0.026426179258802855,0.00016890629339271434,0.0001812019518600164,0.00029366051875539644,0.0002203294215099601,0.00013613752819675723,8.963227769817344e-05,0.0001826463893264779,0.0002044295615839061,0.0001669595345680876,0.00017848129723520466,0.00032423588900429203,0.00017146403220029738,0.00013142004723263416,9.110220520564974e-05,0.00016088967380600762,0.0001800981942065741
2023-06-21,-0.016997929778135797,-0.011435968882072288,-0.008104381039557547,0.004269247357649397,-0.002806716105444536,0.008022077845275956,0.0021353333974422324,-3.664114631662008e-05,0.00018304274316477997,0.00020662382278264577,0.0002614858129499532,0.0001803880051088557,0.0001256591688841476,0.00014775039143913787,0.00018759974186616254,0.0002450572496568884,0.0001999072265557354,0.00018155202831419246,0.00021906985802128105,0.0001839613998700443,0.00011951722446815094,0.00012287036295960876,0.0001689070256139239,0.0002503671327679244
2023-06-22,0.005845281473418339,0.005103062991962717,0.0097133724294165,-0.0005297999036108745,-0.010206216979135888,-0.0018397615763937215,0.0009438383454695909,0.00013882975513191542,0.0001613633232835134,0.00021982331426082056,0.00027622394462951814,0.00020085961372104069,0.00011824047069912599,0.00014798838633166405,0.00012418984511343025,0.00024351064951514239,0.00016053605774679077,0.0001907498725339138,0.0002504463895701704,0.00021121858243159473,0.00012115342912395682,0.0001502057711277813,0.00012714859489924805,0.00026024582979952975
2023-06-23,-0.0023318790797051485,-0.002296963726860596,0.0026491173279300983,0.003206960730196919,0.009800416427088987,0.00033321472556374924,0.0014239653887192292,0.00026735408632104317,0.0002020853180144764,0.00018884954135238948,0.00019332397149046435,0.00018577054698292508,0.00014636831944597907,0.00012099680312401802,0.00012156478821163269,0.00017034604415100738,0.00018634817732402178,0.00019260710653392114,0.0001768695380696392,0.00020177814755634828,0.00015421592244561127,0.0001338520762199396,0.0001195981990741813,0.0001495132414171237
2023-06-26,-0.014848164844627953,-0.017103286639816008,-0.0009444204930284003,-0.002261331464339993,0.006025761067488391,-0.0027117939610140506,0.003911449253188211,0.0003037324590409911,0.00019630768755476142,0.00015410596627053698,0.0002760401859201863,0.00016506006341498292,0.0001304724762313993,0.00013854157769836134,0.0001108642145716987,0.00013230657416281699,0.00021237630111751717,0.0001684779451112731,0.00022986507387354007,0.00017025884997400563,0.00012501531928861925,0.00014809587941290117,0.00010176580210528874,0.00012615141537234076
2023-06-27,-0.012477743601398346,-0.014145032729237181,-0.0069251149243684616,-0.0008567871981328621,-0.007258603812439058,-0.019237872674401156,-0.0002559790834450771,0.012584616771876906,0.00016037441184392172,0.00020044217983356135,0.00021849673534389536,0.00014958538924123574,0.00014608378279649232,0.0001563030925405399,0.00011543954136005862,0.00024165776252828576,0.00015305628761101334,0.00019664641221716183,0.0001925833773990926,0.00016352375895253705,0.0001272638212980107,0.0001617106208288695,0.0001017297089156716,0.00023463378983535114
2023-06-28,0.0032340261095288435,0.012907160627117054,-0.001357168386995418,0.0033821431175417456,-0.005380407304432779,-0.007910289391113233,-0.008120586773944196,-0.014877754137982905,0.00020776949054458318,0.00016214142150342014,0.00021440873703109381,0.00018532995986458295,0.00010084699640449733,0.00010757889964652033,0.00011264903933507819,0.00021411601720915463,0.00016901080966767916,0.00014613951495697888,0.0001987143513561382,0.00019180221195992284,0.00010712426962487549,0.00011991113722515204,0.00011511444458903632,0.00023587556690174853
2023-06-29,0.012851631457151217,0.0027405140929508396,0.01207935193126073,-0.00010095679983144172,0.011746008992814897,-0.0029723895682834934,-0.0037188121562205592,-0.0028177620098922686,0.00015846497827581849,0.00015760992723030262,0.0001869085545609542,0.00014426869140852263,0.00011489491199759634,0.00014327171817474062,9.655222749649662e-05,0.00023787536387874636,0.00016335878048790784,0.00017420029269817516,0.00019186611228982553,0.00015059745889196775,0.00011338050568721114,0.00014638623317818808,8.321611787274397e-05,0.00026124816048917767
2023-06-30,-0.02313486770306565,-0.025873856711908453,-0.016261148289543302,-0.0050171471069232814,-0.011992944709955275,-0.018007915752023353,-0.013371188698764759,-0.017406849618306915,0.00020020362251007816,0.00016981836390210156,0.00018870889970301058,0.00011974262639622502,9.74196493853836e-05,0.00010428724096315768,0.0001489607056252657,0.00012131475416888141,0.00020656520917737925,0.00017703676744831154,0.0001680279998216274,0.00012017362302270889,9.299943189487275e-05,9.64428708112342e-05,0.00016218879686371335,0.00011668609627763566
2023-07-03,-0.0020123108572529837,-0.003848606752293639,0.007773105196689919,0.004390783317157016,0.003392425842630987,-0.009158370930284302,0.0022744260116450226,0.0015511248052738574,0.00029784554611186036,0.00021071324417711393,0.00016434214366936847,0.00018960641474011303,0.0001277406770116174,0.00015317279002703492,0.00011639503822185762,0.0002180141614806864,0.0003225209963469,0.0002027339117443877,0.00015387789684226616,0.00018986973335370617,0.0001258504317019427,0.00015100286450170852,0.00011253917176744312,0.00019551070329290512
2023-07-04,0.024390947166031334,0.010831538726833841,0.012965029802940817,-0.0016050783255095679,0.01572905456202434,0.015937469135852898,0.013963307306491082,-0.0031360573516644365,0.0001832636751504668,0.00021537489204407937,0.00018887595279435283,0.00010027731614580389,0.00013512405044992815,9.185386175519216e-05,0.00013687023440032942,0.0001696111711821291,0.00018020164017505024,0.000185886376044502,0.00017969068691002813,9.719804488093706e-05,0.00012017657151370398,9.63613412493678e-05,0.00015919279743118,0.00017587745015573532
2023-07-05,-0.0001809153485328748,-0.0050986059207399756,0.008140790806440975,0.0006343910149659215,-0.0005974192399088533,-0.010842361575149699,0.004895677091013546,-0.0029169110072868364,0.00027381485436208254,0.00014761518758767375,0.00016608616330472176,0.00011741745136625776,0.00016745018297387783,0.0001282909688252673,0.00012151912652294236,0.0001879201091576608,0.00025651589121427254,0.00016911844378779135,0.00015075752283657352,0.00012463368109907032,0.0001759128605321428,0.00011103935843700671,0.0001043727889670853,0.0001729505220724463
2023-07-06,-0.04291353750209971,-0.03287365592856751,-0.03624656569939491,-0.03115013022149122,-0.014054111614305283,-0.019065291529939604,-0.014240381344860283,-0.0174246243488069,0.000200478415457696,0.00016112298789151873,0.00021582847992340627,0.00012344238713375306,0.00010211043486211505,0.00015188890168702423,0.0001232327629469881,0.000149156075672126,0.00020149221922869225,0.00017328702513445707,0.00022361672427681248,0.00014170303671610143,0.00010501873398431411,0.00014504141051509397,0.00013256867802556577,0.00015252255438376525
2023-07-07,0.056331649669179064,0.016129918815089475,0.05396129829967449,0.03060112314421721,-0.019297268013752318,0.0024409634595416933,0.06435731629289265,0.05009889948708783,0.00039494782978828825,0.0002823518964344777,0.00029466271223524816,0.00018435352933233556,0.00016027909685211204,0.00018863295926649276,0.00011459456210430866,0.0001532191495990935,0.0003630763975726207,0.0002689129059229784,0.0003014388821804715,0.00017651522275298733,0.00017474492646841087,0.0001990292687134103,0.00012704404874727337,0.00015010129748522962
2023-07-10,0.008804044047445043,0.023994999513778554,-0.0034431115689502433,-0.010067533600622377,-0.007075618157765124,0.012378166781225572,-0.03175951213926045,-0.013386872076893985,0.00048183377945517063,0.0002755944414984377,0.0005475365727863966,0.00020271550810788838,0.00015289420754533976,0.00017279493997303494,0.00039047282090714174,0.00044526160071343523,0.0005054566743854523,0.000266477686882065,0.0004599959665436088,0.00022113659682448166,0.0001378127673414699,0.0001645053637656593,0.0003925595179137264,0.0005101295745960097
2023-07-11,0.017434118635048908,0.019898910000945215,0.00035573595936072664,-0.0010512213257365577,0.004629101814527847,0.007809033494745121,9.180679729997002e-05,0.006791072478037239,0.0007811323104953171,0.0002522738989450359,0.0005059553156345726,0.00021459933542350353,0.00016949979472480093,0.00016598714462102548,0.0005288608607362857,0.00032842411789909577,0.0008272453368466658,0.0002863068039302674,0.0005388012228875244,0.00024829196382748173,0.00017742603979158518,0.0001719055030796351,0.0005327196719151749,0.00036902939050278044
2023-07-12,0.014752194716694728,0.007913703728190372,0.02049264023519928,0.010014813712023589,0.021374041500882374,-0.0014111134652453694,0.0071253758963549406,0.009696733186862401,0.0005812532103051561,0.00022924040485331913,0.00042882195532241055,0.00023292571559944289,0.00016641232062652127,0.0001485679573119096,0.00042640949476067887,0.0003025785039320908,0.00048140179484002063,0.00024295894627581006,0.00044900932459146866,0.0002352030340331817,0.0001782311277805853,0.00015068087142309142,0.00038644745552964763,0.0003278828857193868
2023-07-13,-0.006011477827338023,-0.004320987108250849,-0.008335751268523374,-0.000180409913400879,0.0013057625188399587,-0.009094990560915967,-0.0008984720559051785,-0.007545707023502358,0.0005416728171679109,0.0002782138127529057,0.0004036940759639055,0.0001963173861563785,0.0001826508307341777,0.00018663090843171795,0.00032230063144338844,0.00029891400477682526,0.0005823049568557549,0.00027829448927872984,0.0004076144428836588,0.00018801762343921078,0.00019072622336113572,0.00017077340513311774,0.0003359109513940359,0.00029723194654822404
2023-07-14,-0.021060320501277256,-0.0154674750574142,-0.01312832531638821,-0.010432741153263165,-0.0020545180246466944,-0.0031114591382050806,-0.019260541804049715,-0.023054899603148816,0.000506930922209983,0.0001963531089114583,0.0004429622284947907,0.0001860616551025296,0.0001832736797412128,0.00017569129799705784,0.0003757875531873772,0.0002481042662345316,0.0005208260378595066,0.0001783668452600775,0.0004231991225608345,0.00020782948286887223,0.00018711634905745005,0.00018581567728382961,0.00031454737882398833,0.00025275629826300493
2023-07-17,-0.0053959333927348615,-0.015847273740223242,-0.002225533898644235,-0.0025336745515252366,-0.004946622448538957,-0.011558391293072191,-0.012445501473810064,-0.007045843419450988,0.00046824384069668406,0.0002733395443456756,0.0003262392978745331,0.00021390363092816853,0.0001488027088285015,0.0001432385202519295,0.0003337660734595672,0.0003520925872175487,0.0004699696926623529,0.0002751170468393987,0.00032840184096222594,0.00019285530950193783,0.00013937335824915135,0.00013841625224621685,0.00029409762146704775,0.00033667876613256
2023-07-18,-0.004902359214475565,-0.0024840009486828043,-0.0018405043260975563,-0.0047736473990088,0.025364193117563476,0.01663793254518181,-0.019163882657082545,-0.013007066428025387,0.0004367549647787165,0.00023902824016009232,0.00029070163093250446,0.0001906783943041875,0.00010795593482835636,0.00019281442279277334,0.0003414033028764667,0.00024000784658366898,0.0004487548150539048,0.00026879343645462556,0.0002750744090403466,0.00018219258758719062,0.00011239357522763979,0.0001956114524813616,0.0003808165693701761,0.00022799018413680071
2023-07-19,-0.004700360101240182,0.0024872304864298088,-0.0062535894926373375,-0.005023712355925751,-0.009165570983978912,0.00038998914205772456,0.004030681763143644,-0.0025321101853169607,0.0004587824510131076,0.00013814421702272313,0.00029723971711257405,0.00017649359547431643,0.0001781320661232299,0.00016536548612563774,0.00036766592550588215,0.00026004813740527057,0.0004969868907248374,0.00012927161326927193,0.00027257142825632124,0.00018321138722935076,0.0001583835930897269,0.00018061099094148443,0.0003275362524363574,0.00023657388729227553
2023-07-20,-0.02883636096022109,-0.01968052847234374,-0.004980454621376333,-0.019498068082628238,0.0023541352678130272,-0.021725416638490345,-0.018845881254700474,-0.005027785939901862,0.00026589510687336285,0.00019605481587964903,0.00032864851656818505,0.0001881428987956972,0.00010486495067383915,0.0001258346042619495,0.0003745514389770224,0.0002513014840652056,0.0002362973502535711,0.00016962703352331506,0.0003751139868652529,0.00015226587409460706,9.906308812705715e-05,0.00013303634980060334,0.0003714160369158299,0.0002427732481499018
2023-07-21,-0.02077168756258785,-0.01590703078612701,-0.018886466789990116,0.0004373726089296363,-0.011419929502938837,0.0010404081555518703,-0.010889689613594692,-0.017937743348331484,0.0004124480797853239,0.0002532762675216616,0.00022955633987934674,0.0001458528233888734,0.00018650386094346477,0.00018438821074068658,0.0003568343225985916,0.0002233157407967743,0.00044052730663874615,0.0002333466668387644,0.0002510524566080524,0.0001484568043313409,0.00018928764740082124,0.0001812449268423078,0.00038742321838892177,0.00020613402414607177
2023-07-24,0.01913005785576462,0.00393341287693437,0.01037872005956038,-0.0009822794541670568,0.002412539769725288,-0.006305217590508233,0.006417004567236864,-0.009319241286967338,0.0004401680285068993,0.00022006108084886758,0.0003175723937702383,0.00015022552885914154,0.0001777867294417864,0.00017931157650886618,0.0003371984660066081,0.00030618993290612963,0.00040254153693463507,0.00020481564431706694,0.0003365622317534456,0.00013302143271132485,0.0001965560370300091,0.00019286057035423234,0.00031825896908904884,0.0002760123414249098
2023-07-25,0.003602589784725432,-0.008209839934228361,0.010718379991364543,-0.005418279008097511,-0.008273543674756457,0.008673156601947698,-0.0030694045008555155,-7.522667075595725e-05,0.0004472258478416298,0.0002424653672694825,0.00029927579371217535,0.00017181036150499618,0.00016690906817054906,0.0001459172508871437,0.0002533981640042272,0.0002712693852171391,0.0004451996997181379,0.000257448117834071,0.0003069767724399088,0.00015503975082960315,0.00015788284626119128,0.0001473092394350156,0.00025303381707156,0.00030776174841944646
2023-07-26,-0.012193768392104518,0.011240577897498142,-0.009199389461101742,0.0029029184758928637,0.02061123600947936,-0.004865114599637399,-0.01506277877493717,-0.001915423202655126,0.00034928201960349794,0.00024612435786745975,0.0003026067170521652,0.0001800977007810503,0.00011987686891759328,0.00019481275338686685,0.0002655747168079298,0.0002123725320407469,0.00036856895042772247,0.00022756062062094385,0.0003176434703243648,0.0001769588830174304,0.00012356564333153178,0.00016255941845221762,0.0002772100859888644,0.0002026246014251697
2023-07-27,-0.0028517593743994703,-0.006352667253630375,-0.019841811766524685,0.00018728413223829892,-0.01488363430706952,0.006455423654765433,-0.007465760397397541,0.009309519578663784,0.00036620207616094077,0.00018928729103978679,0.00021474782989799318,0.0001247269945058008,0.0001213991508943639,0.0001574502023530983,0.0003259531609661571,0.00018608213547727752,0.00044151274152643436,0.00020926527677845677,0.00020925575473717284,0.0001196964456153215,0.0001117850888080384,0.0001614741459590936,0.0003557843316352488,0.00019423852269527688
2023-07-28,-0.010395676604543975,0.015328591190439384,0.00448101871428207,0.0014318697161008428,0.036892689330508974,-0.0047097178669254095,0.001958368252501761,0.007808763134219776,0.00038557715617606103,0.0001476652148164524,0.00019237174024864647,0.00010747600752420111,0.0001599665161622492,0.00014708364172448944,0.00015955931079658932,0.00015318697272526216,0.00040144283467535277,0.00014346308649649042,0.00020827086192392441,0.00010311680597623688,0.00015621019765296252,0.00016168270704035957,0.00016334567034399024,0.00015526097473447147
2023-07-31,-0.0023007462193314217,-0.0045605968869455,-0.011924580866181906,-0.0029787051659680894,-0.012736618159675108,-0.0015041549632939994,0.0048110081318123495,0.004331724250542303,0.0003096702420504066,0.0001902164634555049,0.00028452854123588563,0.00015400021433941834,0.00017071552183793145,0.00012503309729537708,0.00018279588854884925,0.00026297099706045656,0.00030180227188165564,0.00017600589405072898,0.00030347744476322535,0.00014496806002067827,0.0001786732473195608,0.00014565729526992488,0.00017635152734602464,0.00028128486140730456
2023-08-01,0.004359612455862151,-0.00044540549844665354,0.00033660116988689417,0.004624526805546347,-0.01936379682663635,-0.00499553162733622,0.005091664606081418,0.0037527483497045897,0.00022961916560235046,0.00019392827390249262,0.00020451955752173205,0.00010468625294831887,0.00025113137349135924,0.00014164355639611432,0.00019083799968139774,0.0001720945087484071,0.00025645523529949294,0.0001848117503941636,0.00018951348992482308,8.965260109610024e-05,0.00022115046277127603,0.00014933760450807737,0.00018936336283579113,0.0001543733661855013
2023-08-02,-0.013988654706004243,-0.012227021831407895,0.003377975262768851,0.004070800888257932,-0.004005092428078722,0.0013008708098033643,-0.006086615322252796,-0.0006721228070594039,0.000213890264650363,0.000177913330696392,0.00016893050861533696,9.21202352726177e-05,0.0003138153884235914,0.00014472550222192828,0.00031063453745165697,0.0002037311430225442,0.0002034418806772125,0.0001829165521812695,0.00015784032853918714,8.425103982958556e-05,0.00030513456411598947,0.00014957021409033635,0.00036490147417953103,0.0001925567789305638
2023-08-03,0.048442701867653995,0.04364101734085039,0.031688013573714036,0.013553287245811098,0.013746333941035223,0.010821093151846237,0.041332469630667903,0.02916296938834737,0.00024549321759290995,0.0001528531814661716,0.00023367536213303564,0.00011550251155908568,0.00019861454532751162,0.00014286634913801156,0.00016640663449886428,0.0002452815374939718,0.00025354294856764614,0.0001253624005770702,0.00021866662018874976,9.55936851332923e-05,0.000209706624865195,0.000143359954242614,0.00016334266133741796,0.0002435216170330796
2023-08-04,0.015689013910632193,0.029210635270983578,0.015672085166867026,0.008013181205251121,0.018564932180700745,-0.005437695507468802,0.014285051981309051,0.009033019515869201,0.0003852556531137121,0.00027082379912321314,0.000294529482084337,0.00010025290479776124,0.00023529084556824452,0.0001313435029544541,0.00029943697896566806,0.00020982164726065188,0.0003883532102224068,0.00029850971503228953,0.0002932660287778651,9.658645920761575e-05,0.00023261448949869347,0.00015175128206395102,0.00027534512554423644,0.00020490339130558303
2023-08-07,0.014780574704012079,0.0129652902172967,-0.012246702332891506,0.0008066955430451768,-0.01635740081622043,0.014489798414631948,-0.0018057722706133657,0.00810514175656773,0.0005107041920963943,0.00037944546881150097,0.0002317711163708146,0.00012695058890683437,0.00030856443858559796,0.00010198362263592097,0.00031073979243165446,0.00020216237658469329,0.0005325667118615359,0.0003714208506505067,0.00020069424590478673,0.00011793300770100551,0.0002870447046241198,0.0001080732571483146,0.00031451122339685897,0.00020530028372486958
2023-08-08,0.010692691068424125,0.0011248829501977497,0.00932035091127872,-0.0007032483491891166,0.0027064263254310706,-0.004281638631675251,0.009322994575610394,-0.004655272161935409,0.0004483206860276309,0.0003265168516272749,0.00030982780053997766,0.00010554109126662753,0.0003041946062715794,0.00015228424607510824,0.0003220959386607867,0.00023445803025053648,0.0004334364516485498,0.0003266418025618193,0.000272399957801688,0.00011392337221603393,0.0003332575006725599,0.00015146977090066096,0.0003299453517474772,0.00023183753304247202
2023-08-09,0.010351417608817312,0.004474885754075984,0.0015768834347973095,-0.001400405151916917,-0.004776158748221038,0.005578548761629362,-0.014248215564507507,0.0012858446293862271,0.00037452027219766744,0.00028604182086175233,0.00033122319680972754,0.0001227352939357169,0.0002426814795857069,0.00014030924967331328,0.00023918008500417232,0.000202476535321814,0.0003587650135852208,0.00030150389077511226,0.0003343010291175101,0.00012940119905874664,0.00020381587533657906,0.00012752543128417598,0.0002144357669037127,0.00022603853713815586
2023-08-10,-0.013592979046291859,-0.008426040559944137,-0.01596107254024224,-0.009672422158091078,-0.0063863214871205404,-0.006732735272596316,-0.010113832650763661,-0.0028499320064626103,0.0004184489281961344,0.00023244421988627724,0.0001781296306558379,9.863134093115384e-05,0.00018614131211604202,0.00011039506277721783,0.00017636751564833688,0.00011701880164156376,0.0004778895402730327,0.00023718181137347106,0.000183342086747,9.18521121271826e-05,0.00018476045632791408,0.00011082814632885591,0.0001853669279914792,0.00011282278959378896
2023-08-11,-0.009911690883419389,0.009949298915057312,-0.009427767905825543,0.0029924618372510117,0.01613836603529005,-0.0032432387831916373,0.01436035827508839,0.012777024315866596,0.00033853343881368094,0.0001996929506871755,0.0002110775770306983,0.00011575781428179627,0.0002450409196113583,0.00012485374060029324,0.0002502286749042676,0.00013412944938614231,0.0003272376487386393,0.00018257707675175646,0.0002002198587857249,9.777784483595701e-05,0.0002068140120929565,0.00012612438449572015,0.00024802031476615075,0.00013012166659695054
2023-08-14,0.011371078499380547,0.004762032853755935,0.004389348960555088,0.003887361887183787,-0.00508801052909753,5.072449943232984e-05,-0.00021879571240938407,-0.005291649012084622,0.0002784388622910397,0.0003713732320888201,0.00014424884128813327,0.00011172875925424679,0.00018974440905352016,9.440908171203853e-05,0.00024896126750208604,0.0002113476769024523,0.00027775827185697873,0.00034362971453470075,0.0001430419805499675,0.00011721384766823616,0.00019656536326740395,9.925934508237102e-05,0.00018454908769798188,0.0002135986700224881
2023-08-15,-0.010567152364947966,0.0009730041624854298,-0.02274880143204323,0.0011250622661914417,0.02331209348952488,0.008005300197270483,-0.003356601129477856,-0.016171166827240287,0.0002636847054295208,0.0001960546522436349,0.00019113711747375088,9.208507877717681e-05,0.0002452745874349249,0.00010731637002051988,0.0002048884201305671,0.00014421493273084266,0.00026859147165608115,0.0001874081017399597,0.00020006160723762004,9.098548632814203e-05,0.000252618513906033,9.910000795238338e-05,0.00020351477283542808,0.00012313396099655023
2023-08-16,0.0006763701879578881,-0.001862219020696658,0.002070504283483229,0.0033321942474896353,-0.002374170391614052,0.001871401454197522,0.010782667350038216,0.005078138617999345,0.00041057392076736753,0.00018831142370104276,0.00022274117117662348,9.339228542806778e-05,0.0002058181305648354,0.00011077722206822729,0.00021049476875106192,0.00017023713280442095,0.0004226643254167674,0.00017677715702630491,0.0002090000764350897,9.803155762663905e-05,0.00019358200955468577,0.00011991917979552989,0.00021589770618766566,0.00016538314059080255
2023-08-17,-0.004031154206686413,-0.006033946767952118,0.003366232211039253,0.007591418492196987,-0.0015570851266129867,0.007677930821014504,0.0158993774681791,0.009906180192623001,0.0002379712079038483,0.0002414674021161562,0.0002541815231719889,9.100109155999193e-05,0.00027364678650734607,0.00012170447779840853,0.0002475460537450467,0.00018058988576600358,0.00021718849515504107,0.0002582601392062967,0.00025888472593743557,8.169370952175162e-05,0.0002448343030755778,0.00011895664436981375,0.0002554812844231123,0.00017911217559284892
2023-08-18,-0.014557427093927936,0.006550688502083373,0.01382904253343164,0.010563979861156453,0.04983346674359058,0.0304905125440707,0.013461395652043124,0.020622575433987635,0.0003133775664258157,0.00016962681469848942,0.0001471458588797931,8.17937945318505e-05,0.00026905487535231734,7.265670157208904e-05,0.00019747679072968055,0.00015745341828779752,0.00031666277071237337,0.00016391688536753494,0.00015140953108848891,7.520448224467823e-05,0.0003097989792841144,7.460239989433408e-05,0.00022091204477614308,0.0001311972850719531
2023-08-21,0.0014177317879420295,0.01560192338910457,-0.004973428958812297,-0.008107902116613754,0.006319104809471928,-0.015089653360873357,0.0016051804344091466,0.011029181223034673,0.000167281737745198,0.0001945960172671242,0.000184278330573529,0.00010432364540943217,0.0002868389562263893,0.00013262339500129673,0.0002466330899425427,0.00017668208645574634,0.00015356958605901452,0.00018931124378381562,0.00017459174470392988,9.460857380536967e-05,0.0003031559385477189,0.00012163860688835172,0.00024795125669582665,0.00018557367699726903
2023-08-22,-0.0029687579548406504,0.011266975828031097,0.009902814552756396,0.009503001820186261,0.03653242986038347,0.005743124074641264,-0.005637230928731476,0.0019813852779194687,0.0002182692346993838,0.00013905812236484095,0.0002494990296078413,9.160357254692417e-05,0.0002367673321018895,0.00017875171221950586,0.00017734473871408273,0.00021789769182239906,0.0002012456954840764,0.00013440284899876573,0.0002473216762942434,8.873538365166451e-05,0.00022460265063946013,0.00018953840736766271,0.00017511698098096842,0.00019690384129488432
2023-08-23,-0.023440096089162553,-0.016037341273151377,-0.006047611572818492,0.0009529440207625487,-0.002484699079049698,-0.01180231905254205,-0.022768798047962988,-0.015933736277899672,0.00022927577613997204,0.00022074968909583314,0.000234776848501655,9.823472511217776e-05,0.0003811978508711012,0.00022580336483115984,0.00016450092319965145,0.0001481292332619903,0.0002201936936931417,0.00024438945738781634,0.00024004883961951552,9.86816079921145e-05,0.00036273015224023427,0.00022221689151129997,0.00018800960634738468,0.00014308697415160647
2023-08-24,-0.002080511576582796,0.009175322453372159,-0.0011050426912493114,0.006691232058114634,0.007639442702819881,0.004554119281135877,0.011649327520775531,0.002533061002066976,0.00025940576503535417,0.00013608926635079387,0.0001855251553440935,8.167624037503781e-05,0.00031168588571170203,0.00019357613963115537,0.00025654890974971154,0.00018642180341766937,0.000248141119197613,0.00013194347379263211,0.00017158148716598826,8.33973393687079e-05,0.0003325937101834349,0.00020275807941401203,0.0002638093139521093,0.00018484669381593392
2023-08-25,-0.011323602346437247,0.01089726212330169,-0.005041831582371521,-0.003789371747564014,-0.00462000872185055,-0.009468306502075773,-0.008541203658960873,-0.004070633937748644,0.00019047187634825416,0.00013092528518363083,0.0001897493468939986,7.199874717874487e-05,0.00033532814461191367,0.00017100135031246558,0.00018303536027639152,0.00017131873446696734,0.00020227328040378487,0.00013250113225462992,0.00019534383452583594,7.361092370616407e-05,0.0003633340852299007,0.00014483803785035103,0.00019842704172472243,0.00017705837687033852
2023-08-28,0.0011988764118736044,0.016703560701719855,0.01171221223353619,0.0057813997711355005,0.01950177145899367,0.012742902318457152,0.0026270876292767186,0.009881627404313684,0.0002394223488604495,0.00017760881604162406,0.00015570114899397585,9.270184584463295e-05,0.00032571141596795584,0.0002321722374054592,0.00024266772442045175,0.0001389114815006888,0.00024152333188402636,0.00017894729319862133,0.00015108573482401408,9.967693935778589e-05,0.00038089457354584347,0.00022865388796007,0.0002309415683837933,0.00013886924653148884
2023-08-29,-0.01682503432236412,-0.00794155570154927,-0.02055824025491251,-0.011460652633327541,-0.008731714329752439,0.0035499574156302427,-0.0010057116430432036,-0.010556198310532195,0.00021930204003499384,0.00019296917545543176,0.00015729278740639636,7.453255932403291e-05,0.0003497469492411588,0.00015768428467210146,0.00017921643201644836,0.00014953464328859163,0.00022955147071432186,0.0001587588639985639,0.0001551581614155428,7.075452178706025e-05,0.00029224096187865093,0.0001774748094387175,0.0001574454907715056,0.00013218087203143117
2023-08-30,0.0005520023959807924,0.0018164651185936143,0.009495650160201393,-0.010167935055911952,0.018944449190492256,-0.0022602613472777755,-0.01115519679044344,-0.00502370623313983,0.0002908319946332129,0.00014982424791373618,0.00019059864118203107,8.848055953328309e-05,0.000225695668797476,0.0001482032607502013,0.00013328579729988735,9.195871180346989e-05,0.0003112491100854806,0.00012891922676490966,0.00018020922330355197,8.557136991460029e-05,0.00022024400575459946,0.00012433724358670815,0.00014107172178358092,8.338687824417376e-05
2023-08-31,0.024331518516151344,0.01907315255647873,0.01969561756348917,0.0093624909548904,0.006183242000322505,0.00829977282171868,0.00015116735615219745,0.009026590090733463,0.0002447350788664362,0.0002072894968895732,0.00017798842535798317,7.437761602725447e-05,0.00026778048868619303,0.00014824180015897344,0.00018504527086498783,0.000151396541472171,0.00023789269206532374,0.00021240841585495285,0.00017884610070764876,7.269332000001295e-05,0.00024814642042319537,0.0001296357989005535,0.00018266386502719073,0.00015441540087662915
2023-09-01,-0.00674697593521311,0.014650554527632084,-0.019819817926354236,-0.012667115179279795,0.011663832546815139,0.0038440589266955684,-0.00691631769771501,-0.006373507344561202,0.00020271265417371695,0.0001929122947105555,0.0002304488273127478,8.858106195348008e-05,0.0002879791888617486,0.0001519872218160462,0.00014735855513687058,0.00011518877104881103,0.00022175523195433393,0.00017742823055711724,0.0002299774609714527,8.457802435469662e-05,0.00030105700820585085,0.00010886743995668697,0.00015112848822787273,0.0001188459245778998
2023-09-04,-0.007283183012763505,-0.0009503292949736804,-0.0022409208949361226,0.00020405501459385165,0.023057891802413685,0.014143113051649654,0.0013953852972467123,0.0005587783214614126,0.00030102930392625446,0.00017488467057101464,0.00017564522146041383,8.996423886430279e-05,0.00022237984873886031,0.0001415098197440845,0.00017469793027405196,0.00013411960982401036,0.00027162581781045185,0.00015444154555915895,0.0001645590200864059,9.817865349177912e-05,0.00019377654707134203,0.0001484647499651322,0.00020163901623489102,0.00013399939634719106
2023-09-05,-0.010560578955767458,0.00876525927963593,-0.0035562655274515714,0.0030293434901145725,0.017254438386358987,0.02241505923374887,0.018723510019645905,0.008614506203729465,0.00018947839292529395,0.0001668129338316641,0.0001926569058686387,8.642732364432335e-05,0.00019804108150262232,0.0001419848400432486,0.00012795572681618654,0.00012627361638841,0.00018973300516277413,0.0001545227522509891,0.00016846201676767536,8.457770915804845e-05,0.00020381337555568977,0.00013490255765044988,0.00014382356178877425,0.00010931086375136477
2023-09-06,0.00760132692987899,0.0025767798446952855,-0.006895429709964442,-0.014868068686898073,-0.008472853666433383,0.014899868709663167,-0.00017850404628995858,0.009944354134327522,0.0002508576831957563,0.00018693627599527317,0.0002226756657991081,9.265700084017692e-05,0.0003236924558611015,0.00010551818617153914,0.00017968787873008792,0.00016419732542506484,0.00024563917545667536,0.00018597699060071422,0.00023524172217992629,8.85806167724867e-05,0.00034758616114603547,0.00010116422987307699,0.00017424907035393515,0.0001641524026397056
2023-09-07,0.00755488484588076,-0.004226461003989523,0.008011013302014452,-0.0037495564328320543,0.029464322333076977,0.010866119764565852,0.01962651783746264,0.010778720132434924,0.00018365515846379093,0.00015185458106724056,0.0002037443945509777,0.00010918783989862359,0.0002628751558683681,0.00015231204649938316,0.00013072977298166463,0.00011605126568468156,0.0001902778301923438,0.0001628334772241644,0.00022469004815738053,0.00011197748748795307,0.00025751533865307676,0.00017259179148392212,0.00011298381468514435,0.00012460626327874636
2023-09-08,-0.028613911251522035,-0.007767532657617663,-0.018001393196621494,-0.015587461619606488,0.017293813447755213,0.009520987746619539,-0.024522079909303465,-0.008469984714306694,0.00019416130977676702,0.0001675080770605027,0.00018869172416782475,0.00011736729764844428,0.00026364299344853217,0.00012576531341160633,0.00017720000386220954,0.00010270248308860217,0.00019625537555178197,0.000212062651587688,0.00018179128391927058,0.00012767042217461797,0.00020490081990113317,0.00012796121283373306,0.00015523673214955794,9.303723862288864e-05
2023-09-11,-0.0050482210192313425,-0.011722977501843035,-0.0004546908726268413,0.009176863188932013,0.006288348884397133,0.015413697710319696,-0.010592113718050284,-0.009676554059423307,0.00024165220463757717,0.00014371440005553747,0.0001771903822084631,9.827380515771373e-05,0.0003689857689911394,0.00014524988162293966,0.00022338763644035893,0.00012686898018525754,0.0002385442839853632,0.00015113669810683778,0.0001541185886542584,9.478408248860374e-05,0.00036441526714008657,0.00016757749455186303,0.0002433854328454497,0.00013751911211269238
2023-09-12,0.0018254810665361085,0.0006583764028516764,-0.0023686051686699636,0.0007139747834541857,0.010385286732952526,0.01867467355107788,0.0019511213401607413,0.0037544621934759944,0.0002698645072196284,0.0001617551784797219,0.00017682047491468132,0.0001080312635220874,0.00023802135633043547,0.00017313547163847452,0.00018872606128491435,0.00014092080279139206,0.000243399438553452,0.00013768654762372123,0.0001811484475833104,9.78464364558662e-05,0.00021978159626815898,0.00019127465093045826,0.00019894314353120662,0.0001324752570032203
2023-09-13,-0.006625781164140691,0.0013179096142104203,-0.007107383103849884,0.003246170392925388,-0.0007367486075494627,0.005599475442514533,-0.007870028722276217,-0.004065627353439596,0.00024988849268546624,0.0001436906768335659,0.0001562326087274581,9.320818019253939e-05,0.00028232097336027554,0.00020741793296609497,0.0001459127908751241,0.00013185303528599992,0.00022783539400195011,0.00015573759454482497,0.00015144152731558916,9.606558520514217e-05,0.0002371180822555056,0.0002184387550170179,0.00013583843749277936,0.0001261687742005274
2023-09-14,-0.003945330643363579,0.0013585321697315584,-0.005574508897296001,-0.004570460412286849,-0.008000223179563063,-0.015137233238158259,-0.017200140947945825,-0.007371362316496383,0.00023920447658273895,0.000129527042793123,0.00017232308998976127,0.00012950246467497456,0.0003125152751375488,0.00023222716685750207,0.0001815449093018153,0.00011491172722327973,0.00022731225247169242,0.00011536533315242064,0.0001783712965141483,0.00011951197226635129,0.0002500885753325663,0.0002343632413388898,0.00018082275335103636,0.0001239983219755252
2023-09-15,-0.014636748243689563,-0.004305392390325179,-0.012396087101408711,-0.015038468187463202,-0.003673167326356145,-0.017255337919999388,-0.012964478695451807,-0.004949501151230382,0.0002120537693088535,0.00015149966996352604,0.00012516942821701212,9.80469324088822e-05,0.00029755153973904936,0.00019658384293457873,0.00018909213160985244,0.00010506710191508836,0.00020064308529528955,0.00015573131540802627,0.00011449161066035383,9.904374879367471e-05,0.0002851156939116092,0.00019633504170862772,0.00019997676071439974,9.366255100912641e-05
2023-09-18,0.001976903274959474,-0.0042890647803446235,0.012304117119632476,0.0031378395163699346,0.020420215015555153,0.026006886857493933,0.01759385669269646,0.010390085578589102,0.00018591971041749409,9.70201307751975e-05,0.00018967088360754463,0.00014271385106796744,0.0003033382586470961,0.00026715785425437933,0.00014115895425720752,9.651885599003614e-05,0.0001965995351228011,8.373417208059854e-05,0.0001963935352970637,0.00015028573145021496,0.00031906960839932864,0.0003037188303278442,0.0001521380414601891,8.965867753527147e-05
2023-09-19,-0.003342211631104494,-0.001578117255613747,-0.004510985062730104,-0.0059251568661233414,-0.00956505773641474,-0.0016584557121941054,0.009291751676453946,0.002393101311063934,0.00016049542884072774,9.082586353066136e-05,0.00019421721209343418,0.00011044333821950985,0.00031340435189303856,0.00021082892767141991,0.00020318787777137587,0.00011009197845765752,0.00015246480503800202,7.703104509930149e-05,0.0001980465461238382,0.00010884706988720895,0.0003357668095000882,0.000196021474060619,0.00019136878348814177,0.00012014765142675823
2023-09-20,0.012816238158546413,0.011353027281997854,-0.001901850203184792,-0.008061531703952931,-0.013684707040183266,0.004921860355387691,0.007477017101042513,0.003897595914547519,0.0001879882670802892,0.00014157947566014503,0.00018384837955531512,0.0001285907859498027,0.0003259881118738165,0.00024232351595506805,0.00021050922138042186,9.532116133303801e-05,0.00016744582142168925,0.00015637226948765997,0.00020674545839841085,0.00013954220939302065,0.00034009705451474144,0.00026601104909539433,0.00023235717257941076,9.612717810750747e-05
2023-09-21,0.013466395137538553,0.015435103714715261,0.008307259383567309,-0.0065950779157167546,0.02324036720135548,0.008161185717526897,0.012216066479271318,0.0008988607652708474,0.00015927063794052456,0.00011139577949648454,0.00015604220587085967,0.00010854215405674657,0.0002453227902923734,0.00015727784939535244,0.0001937210162417048,8.539685831669721e-05,0.0001620694281775225,9.499143544604729e-05,0.00014981893105339716,9.813346174879739e-05,0.00024338011593438017,0.0001477501803536403,0.000224839747451563,7.396055217916456e-05
2023-09-22,-0.010796451533109066,-0.012892371681446019,-0.02189179368329258,-0.003863075652929829,-0.016021001649567476,-0.010598159007843602,-0.0058246773527968745,-0.011889401072982076,0.0001681485044362516,0.00014948855158943548,0.0001374497654594952,8.323719417023487e-05,0.00029709396338399526,0.000244792331851014,0.0001815288033279608,0.0001189832859308343,0.00016641239530230237,0.00012921688068822146,0.000123319380609778,7.171502538682472e-05,0.00034288819926758135,0.00023534496676288658,0.00015817278791455051,9.547189923087773e-05
2023-09-25,0.002381357476546066,-0.007279159451285927,-0.00936260505595412,-0.007214169917276744,-0.0015342890619708316,0.00037046849608020875,-0.01739933920417992,-0.015597616691651467,0.00018991433362246403,9.528598818187042e-05,0.00011558082647833933,9.219580878442528e-05,0.00021990777394520256,0.0002028014549850205,0.00014469915064917538,0.00010860032918846895,0.0002091991679592685,0.00010136286321765843,0.00013091326096665513,0.00011341179054495646,0.00022320347702160635,0.0001670088551512205,0.00014860997824886298,0.00012462625560518594
2023-09-26,0.001900419960573442,-0.01300596007394073,-0.0071474687014399995,-0.00299211817431193,-0.02166020482284242,-0.01026621158778629,-0.015019432965019277,-0.014545916769802771,0.0001813109897981404,0.0001385532557117423,0.00016824516831159087,8.24865439533964e-05,0.00027557646932441893,0.000177705755210979,0.00016146944902727253,0.00014386871528997556,0.00018820074006788387,0.00013349382746996382,0.00015978384005343947,7.362560558711432e-05,0.0003175027485325819,0.0001889218429828012,0.00015718239367961822,0.0001274699373723809
2023-09-27,-0.004483615480335802,0.00028334153922496047,-0.005156065335361352,-0.004587236332809836,-0.004109437051855941,-0.0071781318441804165,0.0034735216102991353,0.005002164747588071,0.0001563473272545049,0.0001488776684297553,0.00017167831800457325,6.04240576102984e-05,0.00022329139286965627,0.00013190460809935976,0.00016614761722569387,9.470708217557108e-05,0.00014969870325126744,0.0001569975762693254,0.0001750542685053418,6.0900118386611464e-05,0.0002073756208679271,0.00014776156887453913,0.00016807393525261727,9.760352279146118e-05
2023-09-28,0.01730537903938666,0.022947737662568683,0.018764198492211694,0.005174812594236494,0.007395144870301343,0.0007846713486193161,0.002205568667624072,0.01947019683352413,0.00020407777893975484,0.00012999364610421322,0.00015824274567973964,9.933711233530064e-05,0.0002661742190645333,0.00016701432136847924,0.00018981123610854438,9.140815450919185e-05,0.0002140655913316141,0.0001289233849735561,0.00012971984267084763,9.96687473727822e-05,0.00023068239959615845,0.00018591949541114304,0.0002034445289138253,9.440733255942658e-05
2023-09-29,-0.009638458084482087,-0.017613233505663857,-0.011471984873591091,-0.0034587929850216407,-0.014650270210237133,-0.0018279512814103702,-0.0022023975191717404,-0.006196286096264216,0.0001524160276419452,0.00013150086549651853,0.00020926600930619286,9.194685128658891e-05,0.00023024304888790296,0.00022902729516725582,0.00021507684232297642,0.0001053819913147496,0.00012438409110487522,0.00014224287496943385,0.00022686436314767032,8.552794949927227e-05,0.00023246342548751986,0.0002280704953188136,0.00024277419242088065,9.70294273536051e-05
2023-10-02,0.016628678720744115,0.008029562428895132,-0.0015873883499561792,0.00018840971361991748,-0.011513780453923235,0.017924953158188824,0.027857083470678914,0.009408551814520967,0.00023779170727244778,0.00017597064956140213,0.00016527020054357903,0.00011454839979865845,0.00020181773811752201,0.00014942529147764686,0.00020515564721142713,0.00015203023876043297,0.0002471087494088946,0.00016082614320364765,0.00015962011653414775,0.00011667074415556567,0.00015279878973899026,0.00013575901759583635,0.00022272869749969808,0.000148308841593305
